// © 2016 and later: Unicode, Inc. and others.
// License & terms of use: http://www.unicode.org/copyright.html
// Generated using tools/cldr/cldr-to-icu/build-icu-data.xml
af{
    zoneStrings{
        "Africa:Abidjan"{
            ec{"Abidjan"}
        }
        "Africa:Accra"{
            ec{"Accra"}
        }
        "Africa:Addis_Ababa"{
            ec{"Addis Abeba"}
        }
        "Africa:Algiers"{
            ec{"Algiers"}
        }
        "Africa:Asmera"{
            ec{"Asmara"}
        }
        "Africa:Bamako"{
            ec{"Bamako"}
        }
        "Africa:Bangui"{
            ec{"Bangui"}
        }
        "Africa:Banjul"{
            ec{"Banjul"}
        }
        "Africa:Bissau"{
            ec{"Bissau"}
        }
        "Africa:Blantyre"{
            ec{"Blantyre"}
        }
        "Africa:Brazzaville"{
            ec{"Brazzaville"}
        }
        "Africa:Bujumbura"{
            ec{"Bujumbura"}
        }
        "Africa:Cairo"{
            ec{"Kaïro"}
        }
        "Africa:Casablanca"{
            ec{"Casablanca"}
        }
        "Africa:Ceuta"{
            ec{"Ceuta"}
        }
        "Africa:Conakry"{
            ec{"Conakry"}
        }
        "Africa:Dakar"{
            ec{"Dakar"}
        }
        "Africa:Dar_es_Salaam"{
            ec{"Dar es Salaam"}
        }
        "Africa:Djibouti"{
            ec{"Djiboeti"}
        }
        "Africa:Douala"{
            ec{"Douala"}
        }
        "Africa:El_Aaiun"{
            ec{"El Aaiun"}
        }
        "Africa:Freetown"{
            ec{"Freetown"}
        }
        "Africa:Gaborone"{
            ec{"Gaborone"}
        }
        "Africa:Harare"{
            ec{"Harare"}
        }
        "Africa:Johannesburg"{
            ec{"Johannesburg"}
        }
        "Africa:Juba"{
            ec{"Juba"}
        }
        "Africa:Kampala"{
            ec{"Kampala"}
        }
        "Africa:Khartoum"{
            ec{"Kartoem"}
        }
        "Africa:Kigali"{
            ec{"Kigali"}
        }
        "Africa:Kinshasa"{
            ec{"Kinshasa"}
        }
        "Africa:Lagos"{
            ec{"Lagos"}
        }
        "Africa:Libreville"{
            ec{"Libreville"}
        }
        "Africa:Lome"{
            ec{"Lome"}
        }
        "Africa:Luanda"{
            ec{"Luanda"}
        }
        "Africa:Lubumbashi"{
            ec{"Lubumbashi"}
        }
        "Africa:Lusaka"{
            ec{"Lusaka"}
        }
        "Africa:Malabo"{
            ec{"Malabo"}
        }
        "Africa:Maputo"{
            ec{"Maputo"}
        }
        "Africa:Maseru"{
            ec{"Maseru"}
        }
        "Africa:Mbabane"{
            ec{"Mbabane"}
        }
        "Africa:Mogadishu"{
            ec{"Mogadisjoe"}
        }
        "Africa:Monrovia"{
            ec{"Monrovia"}
        }
        "Africa:Nairobi"{
            ec{"Nairobi"}
        }
        "Africa:Ndjamena"{
            ec{"Ndjamena"}
        }
        "Africa:Niamey"{
            ec{"Niamey"}
        }
        "Africa:Nouakchott"{
            ec{"Nouakchott"}
        }
        "Africa:Ouagadougou"{
            ec{"Ouagadougou"}
        }
        "Africa:Porto-Novo"{
            ec{"Porto-Novo"}
        }
        "Africa:Sao_Tome"{
            ec{"São Tomé"}
        }
        "Africa:Tripoli"{
            ec{"Tripoli"}
        }
        "Africa:Tunis"{
            ec{"Tunis"}
        }
        "Africa:Windhoek"{
            ec{"Windhoek"}
        }
        "America:Adak"{
            ec{"Adak"}
        }
        "America:Anchorage"{
            ec{"Anchorage"}
        }
        "America:Anguilla"{
            ec{"Anguilla"}
        }
        "America:Antigua"{
            ec{"Antigua"}
        }
        "America:Araguaina"{
            ec{"Araguaina"}
        }
        "America:Argentina:La_Rioja"{
            ec{"La Rioja"}
        }
        "America:Argentina:Rio_Gallegos"{
            ec{"Rio Gallegos"}
        }
        "America:Argentina:Salta"{
            ec{"Salta"}
        }
        "America:Argentina:San_Juan"{
            ec{"San Juan"}
        }
        "America:Argentina:San_Luis"{
            ec{"San Luis"}
        }
        "America:Argentina:Tucuman"{
            ec{"Tucuman"}
        }
        "America:Argentina:Ushuaia"{
            ec{"Ushuaia"}
        }
        "America:Aruba"{
            ec{"Aruba"}
        }
        "America:Asuncion"{
            ec{"Asunción"}
        }
        "America:Bahia"{
            ec{"Bahia"}
        }
        "America:Bahia_Banderas"{
            ec{"Bahia Banderas"}
        }
        "America:Barbados"{
            ec{"Barbados"}
        }
        "America:Belem"{
            ec{"Belem"}
        }
        "America:Belize"{
            ec{"Belize"}
        }
        "America:Blanc-Sablon"{
            ec{"Blanc-Sablon"}
        }
        "America:Boa_Vista"{
            ec{"Boa Vista"}
        }
        "America:Bogota"{
            ec{"Bogota"}
        }
        "America:Boise"{
            ec{"Boise"}
        }
        "America:Buenos_Aires"{
            ec{"Buenos Aires"}
        }
        "America:Cambridge_Bay"{
            ec{"Cambridgebaai"}
        }
        "America:Campo_Grande"{
            ec{"Campo Grande"}
        }
        "America:Cancun"{
            ec{"Cancun"}
        }
        "America:Caracas"{
            ec{"Caracas"}
        }
        "America:Catamarca"{
            ec{"Catamarca"}
        }
        "America:Cayenne"{
            ec{"Cayenne"}
        }
        "America:Cayman"{
            ec{"Kaaiman"}
        }
        "America:Chicago"{
            ec{"Chicago"}
        }
        "America:Chihuahua"{
            ec{"Chihuahua"}
        }
        "America:Coral_Harbour"{
            ec{"Atikokan"}
        }
        "America:Cordoba"{
            ec{"Cordoba"}
        }
        "America:Costa_Rica"{
            ec{"Costa Rica"}
        }
        "America:Creston"{
            ec{"Creston"}
        }
        "America:Cuiaba"{
            ec{"Cuiaba"}
        }
        "America:Curacao"{
            ec{"Curaçao"}
        }
        "America:Danmarkshavn"{
            ec{"Danmarkshavn"}
        }
        "America:Dawson"{
            ec{"Dawson"}
        }
        "America:Dawson_Creek"{
            ec{"Dawson Creek"}
        }
        "America:Denver"{
            ec{"Denver"}
        }
        "America:Detroit"{
            ec{"Detroit"}
        }
        "America:Dominica"{
            ec{"Dominica"}
        }
        "America:Edmonton"{
            ec{"Edmonton"}
        }
        "America:Eirunepe"{
            ec{"Eirunepe"}
        }
        "America:El_Salvador"{
            ec{"El Salvador"}
        }
        "America:Fort_Nelson"{
            ec{"Fort Nelson"}
        }
        "America:Fortaleza"{
            ec{"Fortaleza"}
        }
        "America:Glace_Bay"{
            ec{"Glacebaai"}
        }
        "America:Godthab"{
            ec{"Nuuk"}
        }
        "America:Goose_Bay"{
            ec{"Goosebaai"}
        }
        "America:Grand_Turk"{
            ec{"Grand Turk"}
        }
        "America:Grenada"{
            ec{"Grenada"}
        }
        "America:Guadeloupe"{
            ec{"Guadeloupe"}
        }
        "America:Guatemala"{
            ec{"Guatemala"}
        }
        "America:Guayaquil"{
            ec{"Guayaquil"}
        }
        "America:Guyana"{
            ec{"Guyana"}
        }
        "America:Halifax"{
            ec{"Halifax"}
        }
        "America:Havana"{
            ec{"Havana"}
        }
        "America:Hermosillo"{
            ec{"Hermosillo"}
        }
        "America:Indiana:Knox"{
            ec{"Knox, Indiana"}
        }
        "America:Indiana:Marengo"{
            ec{"Marengo, Indiana"}
        }
        "America:Indiana:Petersburg"{
            ec{"Petersburg, Indiana"}
        }
        "America:Indiana:Tell_City"{
            ec{"Tell City, Indiana"}
        }
        "America:Indiana:Vevay"{
            ec{"Vevay, Indiana"}
        }
        "America:Indiana:Vincennes"{
            ec{"Vincennes, Indiana"}
        }
        "America:Indiana:Winamac"{
            ec{"Winamac, Indiana"}
        }
        "America:Indianapolis"{
            ec{"Indianapolis"}
        }
        "America:Inuvik"{
            ec{"Inuvik"}
        }
        "America:Iqaluit"{
            ec{"Iqaluit"}
        }
        "America:Jamaica"{
            ec{"Jamaika"}
        }
        "America:Jujuy"{
            ec{"Jujuy"}
        }
        "America:Juneau"{
            ec{"Juneau"}
        }
        "America:Kentucky:Monticello"{
            ec{"Monticello, Kentucky"}
        }
        "America:Kralendijk"{
            ec{"Kralendijk"}
        }
        "America:La_Paz"{
            ec{"La Paz"}
        }
        "America:Lima"{
            ec{"Lima"}
        }
        "America:Los_Angeles"{
            ec{"Los Angeles"}
        }
        "America:Louisville"{
            ec{"Louisville"}
        }
        "America:Lower_Princes"{
            ec{"Lower Prince’s Quarter"}
        }
        "America:Maceio"{
            ec{"Maceio"}
        }
        "America:Managua"{
            ec{"Managua"}
        }
        "America:Manaus"{
            ec{"Manaus"}
        }
        "America:Marigot"{
            ec{"Marigot"}
        }
        "America:Martinique"{
            ec{"Martinique"}
        }
        "America:Matamoros"{
            ec{"Matamoros"}
        }
        "America:Mazatlan"{
            ec{"Mazatlan"}
        }
        "America:Mendoza"{
            ec{"Mendoza"}
        }
        "America:Menominee"{
            ec{"Menominee"}
        }
        "America:Merida"{
            ec{"Merida"}
        }
        "America:Metlakatla"{
            ec{"Metlakatla"}
        }
        "America:Mexico_City"{
            ec{"Meksikostad"}
        }
        "America:Miquelon"{
            ec{"Miquelon"}
        }
        "America:Moncton"{
            ec{"Moncton"}
        }
        "America:Monterrey"{
            ec{"Monterrey"}
        }
        "America:Montevideo"{
            ec{"Montevideo"}
        }
        "America:Montserrat"{
            ec{"Montserrat"}
        }
        "America:Nassau"{
            ec{"Nassau"}
        }
        "America:New_York"{
            ec{"New York"}
        }
        "America:Nipigon"{
            ec{"Nipigon"}
        }
        "America:Nome"{
            ec{"Nome"}
        }
        "America:Noronha"{
            ec{"Noronha"}
        }
        "America:North_Dakota:Beulah"{
            ec{"Beulah, Noord-Dakota"}
        }
        "America:North_Dakota:Center"{
            ec{"Center, Noord-Dakota"}
        }
        "America:North_Dakota:New_Salem"{
            ec{"New Salem, Noord-Dakota"}
        }
        "America:Ojinaga"{
            ec{"Ojinaga"}
        }
        "America:Panama"{
            ec{"Panama"}
        }
        "America:Pangnirtung"{
            ec{"Pangnirtung"}
        }
        "America:Paramaribo"{
            ec{"Paramaribo"}
        }
        "America:Phoenix"{
            ec{"Phoenix"}
        }
        "America:Port-au-Prince"{
            ec{"Port-au-Prince"}
        }
        "America:Port_of_Spain"{
            ec{"Port of Spain"}
        }
        "America:Porto_Velho"{
            ec{"Porto Velho"}
        }
        "America:Puerto_Rico"{
            ec{"Puerto Rico"}
        }
        "America:Punta_Arenas"{
            ec{"Punta Arenas"}
        }
        "America:Rainy_River"{
            ec{"Rainyrivier"}
        }
        "America:Rankin_Inlet"{
            ec{"Rankin Inlet"}
        }
        "America:Recife"{
            ec{"Recife"}
        }
        "America:Regina"{
            ec{"Regina"}
        }
        "America:Resolute"{
            ec{"Resolute"}
        }
        "America:Rio_Branco"{
            ec{"Rio Branco"}
        }
        "America:Santa_Isabel"{
            ec{"Santa Isabel"}
        }
        "America:Santarem"{
            ec{"Santarem"}
        }
        "America:Santiago"{
            ec{"Santiago"}
        }
        "America:Santo_Domingo"{
            ec{"Santo Domingo"}
        }
        "America:Sao_Paulo"{
            ec{"Sao Paulo"}
        }
        "America:Scoresbysund"{
            ec{"Ittoqqortoormiit"}
        }
        "America:Sitka"{
            ec{"Sitka"}
        }
        "America:St_Barthelemy"{
            ec{"Sint Barthélemy"}
        }
        "America:St_Johns"{
            ec{"Sint John’s"}
        }
        "America:St_Kitts"{
            ec{"Sint Kitts"}
        }
        "America:St_Lucia"{
            ec{"Sint Lucia"}
        }
        "America:St_Thomas"{
            ec{"Sint Thomas"}
        }
        "America:St_Vincent"{
            ec{"Sint Vincent"}
        }
        "America:Swift_Current"{
            ec{"Swift Current"}
        }
        "America:Tegucigalpa"{
            ec{"Tegucigalpa"}
        }
        "America:Thule"{
            ec{"Thule"}
        }
        "America:Thunder_Bay"{
            ec{"Thunderbaai"}
        }
        "America:Tijuana"{
            ec{"Tijuana"}
        }
        "America:Toronto"{
            ec{"Toronto"}
        }
        "America:Tortola"{
            ec{"Tortola"}
        }
        "America:Vancouver"{
            ec{"Vancouver"}
        }
        "America:Whitehorse"{
            ec{"Whitehorse"}
        }
        "America:Winnipeg"{
            ec{"Winnipeg"}
        }
        "America:Yakutat"{
            ec{"Yakutat"}
        }
        "America:Yellowknife"{
            ec{"Yellowknife"}
        }
        "Antarctica:Casey"{
            ec{"Casey"}
        }
        "Antarctica:Davis"{
            ec{"Davis"}
        }
        "Antarctica:DumontDUrville"{
            ec{"Dumont d’Urville"}
        }
        "Antarctica:Macquarie"{
            ec{"Macquarie"}
        }
        "Antarctica:Mawson"{
            ec{"Mawson"}
        }
        "Antarctica:McMurdo"{
            ec{"McMurdo"}
        }
        "Antarctica:Palmer"{
            ec{"Palmer"}
        }
        "Antarctica:Rothera"{
            ec{"Rothera"}
        }
        "Antarctica:Syowa"{
            ec{"Syowa"}
        }
        "Antarctica:Troll"{
            ec{"Troll"}
        }
        "Antarctica:Vostok"{
            ec{"Wostok"}
        }
        "Arctic:Longyearbyen"{
            ec{"Longyearbyen"}
        }
        "Asia:Aden"{
            ec{"Aden"}
        }
        "Asia:Almaty"{
            ec{"Almaty"}
        }
        "Asia:Amman"{
            ec{"Amman"}
        }
        "Asia:Anadyr"{
            ec{"Anadyr"}
        }
        "Asia:Aqtau"{
            ec{"Aqtau"}
        }
        "Asia:Aqtobe"{
            ec{"Aqtobe"}
        }
        "Asia:Ashgabat"{
            ec{"Asjchabad"}
        }
        "Asia:Atyrau"{
            ec{"Atyrau"}
        }
        "Asia:Baghdad"{
            ec{"Bagdad"}
        }
        "Asia:Bahrain"{
            ec{"Bahrein"}
        }
        "Asia:Baku"{
            ec{"Bakoe"}
        }
        "Asia:Bangkok"{
            ec{"Bangkok"}
        }
        "Asia:Barnaul"{
            ec{"Barnaul"}
        }
        "Asia:Beirut"{
            ec{"Beiroet"}
        }
        "Asia:Bishkek"{
            ec{"Bisjkek"}
        }
        "Asia:Brunei"{
            ec{"Broenei"}
        }
        "Asia:Calcutta"{
            ec{"Kolkata"}
        }
        "Asia:Chita"{
            ec{"Chita"}
        }
        "Asia:Choibalsan"{
            ec{"Choibalsan"}
        }
        "Asia:Colombo"{
            ec{"Colombo"}
        }
        "Asia:Damascus"{
            ec{"Damaskus"}
        }
        "Asia:Dhaka"{
            ec{"Dhaka"}
        }
        "Asia:Dili"{
            ec{"Dili"}
        }
        "Asia:Dubai"{
            ec{"Doebai"}
        }
        "Asia:Dushanbe"{
            ec{"Dushanbe"}
        }
        "Asia:Famagusta"{
            ec{"Famagusta"}
        }
        "Asia:Gaza"{
            ec{"Gaza"}
        }
        "Asia:Hebron"{
            ec{"Hebron"}
        }
        "Asia:Hong_Kong"{
            ec{"Hongkong"}
        }
        "Asia:Hovd"{
            ec{"Hovd"}
        }
        "Asia:Irkutsk"{
            ec{"Irkoetsk"}
        }
        "Asia:Jakarta"{
            ec{"Djakarta"}
        }
        "Asia:Jayapura"{
            ec{"Jayapura"}
        }
        "Asia:Jerusalem"{
            ec{"Jerusalem"}
        }
        "Asia:Kabul"{
            ec{"Kaboel"}
        }
        "Asia:Kamchatka"{
            ec{"Kamtsjatka"}
        }
        "Asia:Karachi"{
            ec{"Karatsji"}
        }
        "Asia:Katmandu"{
            ec{"Katmandoe"}
        }
        "Asia:Khandyga"{
            ec{"Khandyga"}
        }
        "Asia:Krasnoyarsk"{
            ec{"Krasnojarsk"}
        }
        "Asia:Kuala_Lumpur"{
            ec{"Koeala-Loempoer"}
        }
        "Asia:Kuching"{
            ec{"Kuching"}
        }
        "Asia:Kuwait"{
            ec{"Koeweit"}
        }
        "Asia:Macau"{
            ec{"Macau"}
        }
        "Asia:Magadan"{
            ec{"Magadan"}
        }
        "Asia:Makassar"{
            ec{"Makassar"}
        }
        "Asia:Manila"{
            ec{"Manila"}
        }
        "Asia:Muscat"{
            ec{"Muskat"}
        }
        "Asia:Nicosia"{
            ec{"Nicosia"}
        }
        "Asia:Novokuznetsk"{
            ec{"Novokuznetsk"}
        }
        "Asia:Novosibirsk"{
            ec{"Novosibirsk"}
        }
        "Asia:Omsk"{
            ec{"Omsk"}
        }
        "Asia:Oral"{
            ec{"Oral"}
        }
        "Asia:Phnom_Penh"{
            ec{"Phnom Penh"}
        }
        "Asia:Pontianak"{
            ec{"Pontianak"}
        }
        "Asia:Pyongyang"{
            ec{"Pyongyang"}
        }
        "Asia:Qatar"{
            ec{"Katar"}
        }
        "Asia:Qostanay"{
            ec{"Kostanay"}
        }
        "Asia:Qyzylorda"{
            ec{"Qyzylorda"}
        }
        "Asia:Rangoon"{
            ec{"Yangon"}
        }
        "Asia:Riyadh"{
            ec{"Riaad"}
        }
        "Asia:Saigon"{
            ec{"Ho Tsji Minhstad"}
        }
        "Asia:Sakhalin"{
            ec{"Sakhalin"}
        }
        "Asia:Samarkand"{
            ec{"Samarkand"}
        }
        "Asia:Seoul"{
            ec{"Seoel"}
        }
        "Asia:Shanghai"{
            ec{"Shanghai"}
        }
        "Asia:Singapore"{
            ec{"Singapoer"}
        }
        "Asia:Srednekolymsk"{
            ec{"Srednekolymsk"}
        }
        "Asia:Taipei"{
            ec{"Taipei"}
        }
        "Asia:Tashkent"{
            ec{"Tashkent"}
        }
        "Asia:Tbilisi"{
            ec{"Tbilisi"}
        }
        "Asia:Tehran"{
            ec{"Tehran"}
        }
        "Asia:Thimphu"{
            ec{"Thimphu"}
        }
        "Asia:Tokyo"{
            ec{"Tokio"}
        }
        "Asia:Tomsk"{
            ec{"Tomsk"}
        }
        "Asia:Ulaanbaatar"{
            ec{"Ulaanbaatar"}
        }
        "Asia:Urumqi"{
            ec{"Urumqi"}
        }
        "Asia:Ust-Nera"{
            ec{"Ust-Nera"}
        }
        "Asia:Vientiane"{
            ec{"Vientiane"}
        }
        "Asia:Vladivostok"{
            ec{"Wladiwostok"}
        }
        "Asia:Yakutsk"{
            ec{"Jakoetsk"}
        }
        "Asia:Yekaterinburg"{
            ec{"Jekaterinburg"}
        }
        "Asia:Yerevan"{
            ec{"Yerevan"}
        }
        "Atlantic:Azores"{
            ec{"Asore"}
        }
        "Atlantic:Bermuda"{
            ec{"Bermuda"}
        }
        "Atlantic:Canary"{
            ec{"Kanarie"}
        }
        "Atlantic:Cape_Verde"{
            ec{"Kaap Verde"}
        }
        "Atlantic:Faeroe"{
            ec{"Faroe"}
        }
        "Atlantic:Madeira"{
            ec{"Madeira"}
        }
        "Atlantic:Reykjavik"{
            ec{"Reykjavik"}
        }
        "Atlantic:South_Georgia"{
            ec{"Suid-Georgië"}
        }
        "Atlantic:St_Helena"{
            ec{"Sint Helena"}
        }
        "Atlantic:Stanley"{
            ec{"Stanley"}
        }
        "Australia:Adelaide"{
            ec{"Adelaide"}
        }
        "Australia:Brisbane"{
            ec{"Brisbane"}
        }
        "Australia:Broken_Hill"{
            ec{"Broken Hill"}
        }
        "Australia:Currie"{
            ec{"Currie"}
        }
        "Australia:Darwin"{
            ec{"Darwin"}
        }
        "Australia:Eucla"{
            ec{"Eucla"}
        }
        "Australia:Hobart"{
            ec{"Hobart"}
        }
        "Australia:Lindeman"{
            ec{"Lindeman"}
        }
        "Australia:Lord_Howe"{
            ec{"Lord Howe"}
        }
        "Australia:Melbourne"{
            ec{"Melbourne"}
        }
        "Australia:Perth"{
            ec{"Perth"}
        }
        "Australia:Sydney"{
            ec{"Sydney"}
        }
        "Etc:UTC"{
            ls{"Gekoördineerde universele tyd"}
        }
        "Etc:Unknown"{
            ec{"Onbekende stad"}
        }
        "Europe:Amsterdam"{
            ec{"Amsterdam"}
        }
        "Europe:Andorra"{
            ec{"Andorra"}
        }
        "Europe:Astrakhan"{
            ec{"Astrakhan"}
        }
        "Europe:Athens"{
            ec{"Athene"}
        }
        "Europe:Belgrade"{
            ec{"Belgrade"}
        }
        "Europe:Berlin"{
            ec{"Berlyn"}
        }
        "Europe:Bratislava"{
            ec{"Bratislava"}
        }
        "Europe:Brussels"{
            ec{"Brussel"}
        }
        "Europe:Bucharest"{
            ec{"Boekarest"}
        }
        "Europe:Budapest"{
            ec{"Boedapest"}
        }
        "Europe:Busingen"{
            ec{"Busingen"}
        }
        "Europe:Chisinau"{
            ec{"Chisinau"}
        }
        "Europe:Copenhagen"{
            ec{"Kopenhagen"}
        }
        "Europe:Dublin"{
            ec{"Dublin"}
            ld{"Ierse standaardtyd"}
        }
        "Europe:Gibraltar"{
            ec{"Gibraltar"}
        }
        "Europe:Guernsey"{
            ec{"Guernsey"}
        }
        "Europe:Helsinki"{
            ec{"Helsinki"}
        }
        "Europe:Isle_of_Man"{
            ec{"Eiland Man"}
        }
        "Europe:Istanbul"{
            ec{"Istanbul"}
        }
        "Europe:Jersey"{
            ec{"Jersey"}
        }
        "Europe:Kaliningrad"{
            ec{"Kaliningrad"}
        }
        "Europe:Kiev"{
            ec{"Kiëf"}
        }
        "Europe:Kirov"{
            ec{"Kirov"}
        }
        "Europe:Lisbon"{
            ec{"Lissabon"}
        }
        "Europe:Ljubljana"{
            ec{"Ljubljana"}
        }
        "Europe:London"{
            ec{"Londen"}
            ld{"Britse somertyd"}
        }
        "Europe:Luxembourg"{
            ec{"Luxemburg"}
        }
        "Europe:Madrid"{
            ec{"Madrid"}
        }
        "Europe:Malta"{
            ec{"Malta"}
        }
        "Europe:Mariehamn"{
            ec{"Mariehamn"}
        }
        "Europe:Minsk"{
            ec{"Minsk"}
        }
        "Europe:Monaco"{
            ec{"Monaco"}
        }
        "Europe:Moscow"{
            ec{"Moskou"}
        }
        "Europe:Oslo"{
            ec{"Oslo"}
        }
        "Europe:Paris"{
            ec{"Parys"}
        }
        "Europe:Podgorica"{
            ec{"Podgorica"}
        }
        "Europe:Prague"{
            ec{"Praag"}
        }
        "Europe:Riga"{
            ec{"Riga"}
        }
        "Europe:Rome"{
            ec{"Rome"}
        }
        "Europe:Samara"{
            ec{"Samara"}
        }
        "Europe:San_Marino"{
            ec{"San Marino"}
        }
        "Europe:Sarajevo"{
            ec{"Sarajevo"}
        }
        "Europe:Saratov"{
            ec{"Saratof"}
        }
        "Europe:Simferopol"{
            ec{"Simferopol"}
        }
        "Europe:Skopje"{
            ec{"Skopje"}
        }
        "Europe:Sofia"{
            ec{"Sofia"}
        }
        "Europe:Stockholm"{
            ec{"Stockholm"}
        }
        "Europe:Tallinn"{
            ec{"Tallinn"}
        }
        "Europe:Tirane"{
            ec{"Tirane"}
        }
        "Europe:Ulyanovsk"{
            ec{"Ulyanovsk"}
        }
        "Europe:Uzhgorod"{
            ec{"Uzhgorod"}
        }
        "Europe:Vaduz"{
            ec{"Vaduz"}
        }
        "Europe:Vatican"{
            ec{"Vatikaanstad"}
        }
        "Europe:Vienna"{
            ec{"Wene"}
        }
        "Europe:Vilnius"{
            ec{"Vilnius"}
        }
        "Europe:Volgograd"{
            ec{"Wolgograd"}
        }
        "Europe:Warsaw"{
            ec{"Warskou"}
        }
        "Europe:Zagreb"{
            ec{"Zagreb"}
        }
        "Europe:Zaporozhye"{
            ec{"Zaporozhye"}
        }
        "Europe:Zurich"{
            ec{"Zürich"}
        }
        "Indian:Antananarivo"{
            ec{"Antananarivo"}
        }
        "Indian:Chagos"{
            ec{"Chagos"}
        }
        "Indian:Christmas"{
            ec{"Christmas"}
        }
        "Indian:Cocos"{
            ec{"Kokos"}
        }
        "Indian:Comoro"{
            ec{"Comore"}
        }
        "Indian:Kerguelen"{
            ec{"Kerguelen"}
        }
        "Indian:Mahe"{
            ec{"Mahe"}
        }
        "Indian:Maldives"{
            ec{"Maledive"}
        }
        "Indian:Mauritius"{
            ec{"Mauritius"}
        }
        "Indian:Mayotte"{
            ec{"Mayotte"}
        }
        "Indian:Reunion"{
            ec{"Réunion"}
        }
        "Pacific:Apia"{
            ec{"Apia"}
        }
        "Pacific:Auckland"{
            ec{"Auckland"}
        }
        "Pacific:Bougainville"{
            ec{"Bougainville"}
        }
        "Pacific:Chatham"{
            ec{"Chatham"}
        }
        "Pacific:Easter"{
            ec{"Paas"}
        }
        "Pacific:Efate"{
            ec{"Efate"}
        }
        "Pacific:Enderbury"{
            ec{"Enderbury"}
        }
        "Pacific:Fakaofo"{
            ec{"Fakaofo"}
        }
        "Pacific:Fiji"{
            ec{"Fidji"}
        }
        "Pacific:Funafuti"{
            ec{"Funafuti"}
        }
        "Pacific:Galapagos"{
            ec{"Galapagos"}
        }
        "Pacific:Gambier"{
            ec{"Gambier"}
        }
        "Pacific:Guadalcanal"{
            ec{"Guadalcanal"}
        }
        "Pacific:Guam"{
            ec{"Guam"}
        }
        "Pacific:Honolulu"{
            ec{"Honolulu"}
        }
        "Pacific:Johnston"{
            ec{"Johnston"}
        }
        "Pacific:Kiritimati"{
            ec{"Kiritimati"}
        }
        "Pacific:Kosrae"{
            ec{"Kosrae"}
        }
        "Pacific:Kwajalein"{
            ec{"Kwajalein"}
        }
        "Pacific:Majuro"{
            ec{"Majuro"}
        }
        "Pacific:Marquesas"{
            ec{"Marquesas"}
        }
        "Pacific:Midway"{
            ec{"Midway"}
        }
        "Pacific:Nauru"{
            ec{"Nauru"}
        }
        "Pacific:Niue"{
            ec{"Niue"}
        }
        "Pacific:Norfolk"{
            ec{"Norfolk"}
        }
        "Pacific:Noumea"{
            ec{"Nouméa"}
        }
        "Pacific:Pago_Pago"{
            ec{"Pago Pago"}
        }
        "Pacific:Palau"{
            ec{"Palau"}
        }
        "Pacific:Pitcairn"{
            ec{"Pitcairn"}
        }
        "Pacific:Ponape"{
            ec{"Pohnpei"}
        }
        "Pacific:Port_Moresby"{
            ec{"Port Moresby"}
        }
        "Pacific:Rarotonga"{
            ec{"Rarotonga"}
        }
        "Pacific:Saipan"{
            ec{"Saipan"}
        }
        "Pacific:Tahiti"{
            ec{"Tahiti"}
        }
        "Pacific:Tarawa"{
            ec{"Tarawa"}
        }
        "Pacific:Tongatapu"{
            ec{"Tongatapu"}
        }
        "Pacific:Truk"{
            ec{"Chuuk"}
        }
        "Pacific:Wake"{
            ec{"Wake"}
        }
        "Pacific:Wallis"{
            ec{"Mata-Utu"}
        }
        "meta:Afghanistan"{
            ls{"Afganistan-tyd"}
        }
        "meta:Africa_Central"{
            ls{"Sentraal-Afrika-tyd"}
            ss{"CAT"}
        }
        "meta:Africa_Eastern"{
            ls{"Oos-Afrika-tyd"}
            ss{"EAT"}
        }
        "meta:Africa_Southern"{
            ls{"Suid-Afrika-standaardtyd"}
            ss{"SAST"}
        }
        "meta:Africa_Western"{
            ld{"Wes-Afrika-somertyd"}
            lg{"Wes-Afrika-tyd"}
            ls{"Wes-Afrika-standaardtyd"}
            sd{"WAST"}
            sg{"WAT"}
            ss{"WAT"}
        }
        "meta:Alaska"{
            ld{"Alaska-dagligtyd"}
            lg{"Alaska-tyd"}
            ls{"Alaska-standaardtyd"}
        }
        "meta:Amazon"{
            ld{"Amasone-somertyd"}
            lg{"Amasone-tyd"}
            ls{"Amasone-standaardtyd"}
        }
        "meta:America_Central"{
            ld{"Noord-Amerikaanse sentrale dagligtyd"}
            lg{"Noord-Amerikaanse sentrale tyd"}
            ls{"Noord-Amerikaanse sentrale standaardtyd"}
        }
        "meta:America_Eastern"{
            ld{"Noord-Amerikaanse oostelike dagligtyd"}
            lg{"Noord-Amerikaanse oostelike tyd"}
            ls{"Noord-Amerikaanse oostelike standaardtyd"}
        }
        "meta:America_Mountain"{
            ld{"Noord-Amerikaanse berg-dagligtyd"}
            lg{"Noord-Amerikaanse bergtyd"}
            ls{"Noord-Amerikaanse berg-standaardtyd"}
        }
        "meta:America_Pacific"{
            ld{"Pasifiese dagligtyd"}
            lg{"Pasifiese tyd"}
            ls{"Pasifiese standaardtyd"}
        }
        "meta:Anadyr"{
            ld{"Anadyr-somertyd"}
            lg{"Anadyr-tyd"}
            ls{"Anadyr-standaardtyd"}
        }
        "meta:Apia"{
            ld{"Apia-dagligtyd"}
            lg{"Apia-tyd"}
            ls{"Apia-standaardtyd"}
        }
        "meta:Arabian"{
            ld{"Arabiese dagligtyd"}
            lg{"Arabiese tyd"}
            ls{"Arabiese standaardtyd"}
        }
        "meta:Argentina"{
            ld{"Argentinië-somertyd"}
            lg{"Argentinië-tyd"}
            ls{"Argentinië-standaardtyd"}
        }
        "meta:Argentina_Western"{
            ld{"Wes-Argentinië-somertyd"}
            lg{"Wes-Argentinië-tyd"}
            ls{"Wes-Argentinië-standaardtyd"}
        }
        "meta:Armenia"{
            ld{"Armenië-somertyd"}
            lg{"Armenië-tyd"}
            ls{"Armenië-standaardtyd"}
        }
        "meta:Atlantic"{
            ld{"Atlantiese dagligtyd"}
            lg{"Atlantiese tyd"}
            ls{"Atlantiese standaardtyd"}
        }
        "meta:Australia_Central"{
            ld{"Sentraal-Australiese dagligtyd"}
            lg{"Sentraal-Australiese tyd"}
            ls{"Sentraal-Australiese standaardtyd"}
        }
        "meta:Australia_CentralWestern"{
            ld{"Sentraal-westelike Australiese dagligtyd"}
            lg{"Sentraal-westelike Australiese tyd"}
            ls{"Sentraal-westelike Australiese standaard-tyd"}
        }
        "meta:Australia_Eastern"{
            ld{"Oostelike Australiese dagligtyd"}
            lg{"Oostelike Australiese tyd"}
            ls{"Oostelike Australiese standaardtyd"}
        }
        "meta:Australia_Western"{
            ld{"Westelike Australiese dagligtyd"}
            lg{"Westelike Australiese tyd"}
            ls{"Westelike Australiese standaardtyd"}
        }
        "meta:Azerbaijan"{
            ld{"Aserbeidjan-somertyd"}
            lg{"Aserbeidjan-tyd"}
            ls{"Aserbeidjan-standaardtyd"}
        }
        "meta:Azores"{
            ld{"Asore-somertyd"}
            lg{"Asore-tyd"}
            ls{"Asore-standaardtyd"}
        }
        "meta:Bangladesh"{
            ld{"Bangladesj-somertyd"}
            lg{"Bangladesj-tyd"}
            ls{"Bangladesj-standaardtyd"}
        }
        "meta:Bhutan"{
            ls{"Bhoetan-tyd"}
        }
        "meta:Bolivia"{
            ls{"Bolivië-tyd"}
        }
        "meta:Brasilia"{
            ld{"Brasilia-somertyd"}
            lg{"Brasilia-tyd"}
            ls{"Brasilia-standaardtyd"}
        }
        "meta:Brunei"{
            ls{"Broenei Darussalam-tyd"}
        }
        "meta:Cape_Verde"{
            ld{"Kaap Verde-somertyd"}
            lg{"Kaap Verde-tyd"}
            ls{"Kaap Verde-standaardtyd"}
        }
        "meta:Chamorro"{
            ls{"Chamorro-standaardtyd"}
        }
        "meta:Chatham"{
            ld{"Chatham-dagligtyd"}
            lg{"Chatham-tyd"}
            ls{"Chatham-standaardtyd"}
        }
        "meta:Chile"{
            ld{"Chili-somertyd"}
            lg{"Chili-tyd"}
            ls{"Chili-standaardtyd"}
        }
        "meta:China"{
            ld{"China-dagligtyd"}
            lg{"China-tyd"}
            ls{"China-standaardtyd"}
        }
        "meta:Choibalsan"{
            ld{"Choibalsan-somertyd"}
            lg{"Choibalsan-tyd"}
            ls{"Choibalsan-standaardtyd"}
        }
        "meta:Christmas"{
            ls{"Christmaseiland-tyd"}
        }
        "meta:Cocos"{
            ls{"Kokoseilande-tyd"}
        }
        "meta:Colombia"{
            ld{"Colombia-somertyd"}
            lg{"Colombië-tyd"}
            ls{"Colombië-standaardtyd"}
        }
        "meta:Cook"{
            ld{"Cookeilande-halfsomertyd"}
            lg{"Cookeilande-tyd"}
            ls{"Cookeilande-standaardtyd"}
        }
        "meta:Cuba"{
            ld{"Kuba-dagligtyd"}
            lg{"Kuba-tyd"}
            ls{"Kuba-standaardtyd"}
        }
        "meta:Davis"{
            ls{"Davis-tyd"}
        }
        "meta:DumontDUrville"{
            ls{"Dumont-d’Urville-tyd"}
        }
        "meta:East_Timor"{
            ls{"Oos-Timor-tyd"}
        }
        "meta:Easter"{
            ld{"Paaseiland-somertyd"}
            lg{"Paaseiland-tyd"}
            ls{"Paaseiland-standaardtyd"}
        }
        "meta:Ecuador"{
            ls{"Ecuador-tyd"}
        }
        "meta:Europe_Central"{
            ld{"Sentraal-Europese somertyd"}
            lg{"Sentraal-Europese tyd"}
            ls{"Sentraal-Europese standaardtyd"}
        }
        "meta:Europe_Eastern"{
            ld{"Oos-Europese somertyd"}
            lg{"Oos-Europese tyd"}
            ls{"Oos-Europese standaardtyd"}
        }
        "meta:Europe_Further_Eastern"{
            ls{"Verder-oos-Europese tyd"}
        }
        "meta:Europe_Western"{
            ld{"Wes-Europese somertyd"}
            lg{"Wes-Europese tyd"}
            ls{"Wes-Europese standaardtyd"}
        }
        "meta:Falkland"{
            ld{"Falklandeilande-somertyd"}
            lg{"Falklandeilande-tyd"}
            ls{"Falklandeilande-standaardtyd"}
        }
        "meta:Fiji"{
            ld{"Fidji-somertyd"}
            lg{"Fidji-tyd"}
            ls{"Fidji-standaardtyd"}
        }
        "meta:French_Guiana"{
            ls{"Frans-Guiana-tyd"}
        }
        "meta:French_Southern"{
            ls{"Franse Suider- en Antarktiese tyd"}
        }
        "meta:GMT"{
            ls{"Greenwich-tyd"}
        }
        "meta:Galapagos"{
            ls{"Galapagos-tyd"}
        }
        "meta:Gambier"{
            ls{"Gambier-tyd"}
        }
        "meta:Georgia"{
            ld{"Georgië-somertyd"}
            lg{"Georgië-tyd"}
            ls{"Georgië-standaardtyd"}
        }
        "meta:Gilbert_Islands"{
            ls{"Gilberteilande-tyd"}
        }
        "meta:Greenland_Eastern"{
            ld{"Oos-Groenland-somertyd"}
            lg{"Oos-Groenland-tyd"}
            ls{"Oos-Groenland-standaardtyd"}
        }
        "meta:Greenland_Western"{
            ld{"Wes-Groenland-somertyd"}
            lg{"Wes-Groenland-tyd"}
            ls{"Wes-Groenland-standaardtyd"}
        }
        "meta:Gulf"{
            ls{"Persiese Golf-standaardtyd"}
        }
        "meta:Guyana"{
            ls{"Guiana-tyd"}
        }
        "meta:Hawaii_Aleutian"{
            ld{"Hawaii-Aleoete-dagligtyd"}
            lg{"Hawaii-Aleoete-tyd"}
            ls{"Hawaii-Aleoete-standaardtyd"}
        }
        "meta:Hong_Kong"{
            ld{"Hongkong-somertyd"}
            lg{"Hongkong-tyd"}
            ls{"Hongkong-standaardtyd"}
        }
        "meta:Hovd"{
            ld{"Hovd-somertyd"}
            lg{"Hovd-tyd"}
            ls{"Hovd-standaardtyd"}
        }
        "meta:India"{
            ls{"Indië-standaardtyd"}
        }
        "meta:Indian_Ocean"{
            ls{"Indiese Oseaan-tyd"}
        }
        "meta:Indochina"{
            ls{"Indosjina-tyd"}
        }
        "meta:Indonesia_Central"{
            ls{"Sentraal-Indonesiese tyd"}
        }
        "meta:Indonesia_Eastern"{
            ls{"Oos-Indonesië-tyd"}
        }
        "meta:Indonesia_Western"{
            ls{"Wes-Indonesië-tyd"}
        }
        "meta:Iran"{
            ld{"Iran-dagligtyd"}
            lg{"Iran-tyd"}
            ls{"Iran-standaardtyd"}
        }
        "meta:Irkutsk"{
            ld{"Irkoetsk-somertyd"}
            lg{"Irkoetsk-tyd"}
            ls{"Irkoetsk-standaardtyd"}
        }
        "meta:Israel"{
            ld{"Israel-dagligtyd"}
            lg{"Israel-tyd"}
            ls{"Israel-standaardtyd"}
        }
        "meta:Japan"{
            ld{"Japan-dagligtyd"}
            lg{"Japan-tyd"}
            ls{"Japan-standaardtyd"}
        }
        "meta:Kamchatka"{
            ld{"Petropavlovsk-Kamchatski-somertyd"}
            lg{"Petropavlovsk-Kamchatski-tyd"}
            ls{"Petropavlovsk-Kamchatski-standaardtyd"}
        }
        "meta:Kazakhstan_Eastern"{
            ls{"Oos-Kazakstan-tyd"}
        }
        "meta:Kazakhstan_Western"{
            ls{"Wes-Kazakstan-tyd"}
        }
        "meta:Korea"{
            ld{"Koreaanse dagligtyd"}
            lg{"Koreaanse tyd"}
            ls{"Koreaanse standaardtyd"}
        }
        "meta:Kosrae"{
            ls{"Kosrae-tyd"}
        }
        "meta:Krasnoyarsk"{
            ld{"Krasnojarsk-somertyd"}
            lg{"Krasnojarsk-tyd"}
            ls{"Krasnojarsk-standaardtyd"}
        }
        "meta:Kyrgystan"{
            ls{"Kirgistan-tyd"}
        }
        "meta:Line_Islands"{
            ls{"Line-eilande-tyd"}
        }
        "meta:Lord_Howe"{
            ld{"Lord Howe-dagligtyd"}
            lg{"Lord Howe-tyd"}
            ls{"Lord Howe-standaardtyd"}
        }
        "meta:Macquarie"{
            ls{"Macquarie-eiland-tyd"}
        }
        "meta:Magadan"{
            ld{"Magadan-somertyd"}
            lg{"Magadan-tyd"}
            ls{"Magadan-standaardtyd"}
        }
        "meta:Malaysia"{
            ls{"Maleisië-tyd"}
        }
        "meta:Maldives"{
            ls{"Maledive-tyd"}
        }
        "meta:Marquesas"{
            ls{"Marquesas-tyd"}
        }
        "meta:Marshall_Islands"{
            ls{"Marshalleilande-tyd"}
        }
        "meta:Mauritius"{
            ld{"Mauritius-somertyd"}
            lg{"Mauritius-tyd"}
            ls{"Mauritius-standaardtyd"}
        }
        "meta:Mawson"{
            ls{"Mawson-tyd"}
        }
        "meta:Mexico_Northwest"{
            ld{"Noordwes-Meksiko-dagligtyd"}
            lg{"Noordwes-Meksiko-tyd"}
            ls{"Noordwes-Meksiko-standaardtyd"}
        }
        "meta:Mexico_Pacific"{
            ld{"Meksikaanse Pasifiese dagligtyd"}
            lg{"Meksikaanse Pasifiese tyd"}
            ls{"Meksikaanse Pasifiese standaardtyd"}
        }
        "meta:Mongolia"{
            ld{"Ulaanbaatar-somertyd"}
            lg{"Ulaanbaatar-tyd"}
            ls{"Ulaanbaatar-standaardtyd"}
        }
        "meta:Moscow"{
            ld{"Moskou-somertyd"}
            lg{"Moskou-tyd"}
            ls{"Moskou-standaardtyd"}
        }
        "meta:Myanmar"{
            ls{"Mianmar-tyd"}
        }
        "meta:Nauru"{
            ls{"Nauru-tyd"}
        }
        "meta:Nepal"{
            ls{"Nepal-tyd"}
        }
        "meta:New_Caledonia"{
            ld{"Nieu-Kaledonië-somertyd"}
            lg{"Nieu-Kaledonië-tyd"}
            ls{"Nieu-Kaledonië-standaardtyd"}
        }
        "meta:New_Zealand"{
            ld{"Nieu-Seeland-dagligtyd"}
            lg{"Nieu-Seeland-tyd"}
            ls{"Nieu-Seeland-standaardtyd"}
        }
        "meta:Newfoundland"{
            ld{"Newfoundland-dagligtyd"}
            lg{"Newfoundland-tyd"}
            ls{"Newfoundland-standaardtyd"}
        }
        "meta:Niue"{
            ls{"Niue-tyd"}
        }
        "meta:Norfolk"{
            ld{"Norfolkeiland-dagligtyd"}
            lg{"Norfolkeiland-tyd"}
            ls{"Norfolkeiland-standaardtyd"}
        }
        "meta:Noronha"{
            ld{"Fernando de Noronha-somertyd"}
            lg{"Fernando de Noronha-tyd"}
            ls{"Fernando de Noronha-standaardtyd"}
        }
        "meta:Novosibirsk"{
            ld{"Novosibirsk-somertyd"}
            lg{"Novosibirsk-tyd"}
            ls{"Novosibirsk-standaardtyd"}
        }
        "meta:Omsk"{
            ld{"Omsk-somertyd"}
            lg{"Omsk-tyd"}
            ls{"Omsk-standaardtyd"}
        }
        "meta:Pakistan"{
            ld{"Pakistan-somertyd"}
            lg{"Pakistan-tyd"}
            ls{"Pakistan-standaardtyd"}
        }
        "meta:Palau"{
            ls{"Palau-tyd"}
        }
        "meta:Papua_New_Guinea"{
            ls{"Papoea-Nieu-Guinee-tyd"}
        }
        "meta:Paraguay"{
            ld{"Paraguay-somertyd"}
            lg{"Paraguay-tyd"}
            ls{"Paraguay-standaardtyd"}
        }
        "meta:Peru"{
            ld{"Peru-somertyd"}
            lg{"Peru-tyd"}
            ls{"Peru-standaardtyd"}
        }
        "meta:Philippines"{
            ld{"Filippynse somertyd"}
            lg{"Filippynse tyd"}
            ls{"Filippynse standaardtyd"}
        }
        "meta:Phoenix_Islands"{
            ls{"Fenikseilande-tyd"}
        }
        "meta:Pierre_Miquelon"{
            ld{"Sint-Pierre en Miquelon-dagligtyd"}
            lg{"Sint-Pierre en Miquelon-tyd"}
            ls{"Sint-Pierre en Miquelon-standaardtyd"}
        }
        "meta:Pitcairn"{
            ls{"Pitcairn-tyd"}
        }
        "meta:Ponape"{
            ls{"Ponape-tyd"}
        }
        "meta:Pyongyang"{
            ls{"Pyongyang-tyd"}
        }
        "meta:Reunion"{
            ls{"Réunion-tyd"}
        }
        "meta:Rothera"{
            ls{"Rothera-tyd"}
        }
        "meta:Sakhalin"{
            ld{"Sakhalin-somertyd"}
            lg{"Sakhalin-tyd"}
            ls{"Sakhalin-standaardtyd"}
        }
        "meta:Samara"{
            ld{"Samara-dagligtyd"}
            lg{"Samara-tyd"}
            ls{"Samara-standaardtyd"}
        }
        "meta:Samoa"{
            ld{"Samoa-dagligtyd"}
            lg{"Samoa-tyd"}
            ls{"Samoa-standaardtyd"}
        }
        "meta:Seychelles"{
            ls{"Seychelle-tyd"}
        }
        "meta:Singapore"{
            ls{"Singapoer-standaardtyd"}
        }
        "meta:Solomon"{
            ls{"Salomonseilande-tyd"}
        }
        "meta:South_Georgia"{
            ls{"Suid-Georgië-tyd"}
        }
        "meta:Suriname"{
            ls{"Suriname-tyd"}
        }
        "meta:Syowa"{
            ls{"Syowa-tyd"}
        }
        "meta:Tahiti"{
            ls{"Tahiti-tyd"}
        }
        "meta:Taipei"{
            ld{"Taipei-dagligtyd"}
            lg{"Taipei-tyd"}
            ls{"Taipei-standaardtyd"}
        }
        "meta:Tajikistan"{
            ls{"Tadjikistan-tyd"}
        }
        "meta:Tokelau"{
            ls{"Tokelau-tyd"}
        }
        "meta:Tonga"{
            ld{"Tonga-somertyd"}
            lg{"Tonga-tyd"}
            ls{"Tonga-standaardtyd"}
        }
        "meta:Truk"{
            ls{"Chuuk-tyd"}
        }
        "meta:Turkmenistan"{
            ld{"Turkmenistan-somertyd"}
            lg{"Turkmenistan-tyd"}
            ls{"Turkmenistan-standaardtyd"}
        }
        "meta:Tuvalu"{
            ls{"Tuvalu-tyd"}
        }
        "meta:Uruguay"{
            ld{"Uruguay-somertyd"}
            lg{"Uruguay-tyd"}
            ls{"Uruguay-standaardtyd"}
        }
        "meta:Uzbekistan"{
            ld{"Oesbekistan-somertyd"}
            lg{"Oesbekistan-tyd"}
            ls{"Oesbekistan-standaardtyd"}
        }
        "meta:Vanuatu"{
            ld{"Vanuatu-somertyd"}
            lg{"Vanuatu-tyd"}
            ls{"Vanuatu-standaardtyd"}
        }
        "meta:Venezuela"{
            ls{"Venezuela-tyd"}
        }
        "meta:Vladivostok"{
            ld{"Wladiwostok-somertyd"}
            lg{"Wladiwostok-tyd"}
            ls{"Wladiwostok-standaardtyd"}
        }
        "meta:Volgograd"{
            ld{"Wolgograd-somertyd"}
            lg{"Wolgograd-tyd"}
            ls{"Wolgograd-standaardtyd"}
        }
        "meta:Vostok"{
            ls{"Wostok-tyd"}
        }
        "meta:Wake"{
            ls{"Wake-eiland-tyd"}
        }
        "meta:Wallis"{
            ls{"Wallis en Futuna-tyd"}
        }
        "meta:Yakutsk"{
            ld{"Jakoetsk-somertyd"}
            lg{"Jakoetsk-tyd"}
            ls{"Jakoetsk-standaardtyd"}
        }
        "meta:Yekaterinburg"{
            ld{"Jekaterinburg-somertyd"}
            lg{"Jekaterinburg-tyd"}
            ls{"Jekaterinburg-standaardtyd"}
        }
        fallbackFormat{"{1} ({0})"}
        gmtFormat{"GMT{0}"}
        gmtZeroFormat{"GMT"}
        hourFormat{"+HH:mm;-HH:mm"}
        regionFormat{"{0}-tyd"}
        regionFormatDaylight{"{0}-dagligtyd"}
        regionFormatStandard{"{0}-standaardtyd"}
    }
}
