// © 2016 and later: Unicode, Inc. and others.
// License & terms of use: http://www.unicode.org/copyright.html
// Generated using tools/cldr/cldr-to-icu/build-icu-data.xml
br{
    zoneStrings{
        "Africa:Abidjan"{
            ec{"Abidjan"}
        }
        "Africa:Accra"{
            ec{"Accra"}
        }
        "Africa:Addis_Ababa"{
            ec{"Adis Abeba"}
        }
        "Africa:Algiers"{
            ec{"Aljer"}
        }
        "Africa:Asmera"{
            ec{"Asmara"}
        }
        "Africa:Bamako"{
            ec{"Bamako"}
        }
        "Africa:Bangui"{
            ec{"Bangui"}
        }
        "Africa:Banjul"{
            ec{"Banjul"}
        }
        "Africa:Bissau"{
            ec{"Bissau"}
        }
        "Africa:Brazzaville"{
            ec{"Brazzaville"}
        }
        "Africa:Bujumbura"{
            ec{"Bujumbura"}
        }
        "Africa:Cairo"{
            ec{"Kaero"}
        }
        "Africa:Casablanca"{
            ec{"Dar el Beida (Casablanca)"}
        }
        "Africa:Conakry"{
            ec{"Conakry"}
        }
        "Africa:Dakar"{
            ec{"Dakar"}
        }
        "Africa:Dar_es_Salaam"{
            ec{"Dar es Salaam"}
        }
        "Africa:Djibouti"{
            ec{"Djibouti"}
        }
        "Africa:El_Aaiun"{
            ec{"LaʼYoun"}
        }
        "Africa:Freetown"{
            ec{"Freetown"}
        }
        "Africa:Gaborone"{
            ec{"Gaborone"}
        }
        "Africa:Harare"{
            ec{"Harare"}
        }
        "Africa:Johannesburg"{
            ec{"Johannesburg"}
        }
        "Africa:Juba"{
            ec{"Juba"}
        }
        "Africa:Kampala"{
            ec{"Kampala"}
        }
        "Africa:Khartoum"{
            ec{"Khartoum"}
        }
        "Africa:Kigali"{
            ec{"Kigali"}
        }
        "Africa:Kinshasa"{
            ec{"Kinshasa"}
        }
        "Africa:Lagos"{
            ec{"Lagos"}
        }
        "Africa:Libreville"{
            ec{"Libreville"}
        }
        "Africa:Lome"{
            ec{"Lomé"}
        }
        "Africa:Luanda"{
            ec{"Luanda"}
        }
        "Africa:Lubumbashi"{
            ec{"Lubumbashi"}
        }
        "Africa:Lusaka"{
            ec{"Lusaka"}
        }
        "Africa:Malabo"{
            ec{"Malabo"}
        }
        "Africa:Maputo"{
            ec{"Maputo"}
        }
        "Africa:Maseru"{
            ec{"Maseru"}
        }
        "Africa:Mbabane"{
            ec{"Mbabane"}
        }
        "Africa:Mogadishu"{
            ec{"Muqdisho"}
        }
        "Africa:Monrovia"{
            ec{"Monrovia"}
        }
        "Africa:Nairobi"{
            ec{"Nairobi"}
        }
        "Africa:Ndjamena"{
            ec{"NʼDjamena"}
        }
        "Africa:Niamey"{
            ec{"Niamey"}
        }
        "Africa:Nouakchott"{
            ec{"Nouakchott"}
        }
        "Africa:Ouagadougou"{
            ec{"Ouagadougou"}
        }
        "Africa:Porto-Novo"{
            ec{"Porto-Novo"}
        }
        "Africa:Sao_Tome"{
            ec{"São Tomé"}
        }
        "Africa:Tripoli"{
            ec{"Tarabulus (Tripoli)"}
        }
        "Africa:Tunis"{
            ec{"Tuniz"}
        }
        "Africa:Windhoek"{
            ec{"Windhoek"}
        }
        "America:Adak"{
            ec{"Adak"}
        }
        "America:Anchorage"{
            ec{"Anchorage"}
        }
        "America:Anguilla"{
            ec{"Anguilla"}
        }
        "America:Antigua"{
            ec{"Antigua"}
        }
        "America:Aruba"{
            ec{"Aruba"}
        }
        "America:Asuncion"{
            ec{"Asunción"}
        }
        "America:Barbados"{
            ec{"Barbados"}
        }
        "America:Belem"{
            ec{"Belém"}
        }
        "America:Belize"{
            ec{"Belize"}
        }
        "America:Bogota"{
            ec{"Bogotá"}
        }
        "America:Buenos_Aires"{
            ec{"Buenos Aires"}
        }
        "America:Caracas"{
            ec{"Caracas"}
        }
        "America:Cayenne"{
            ec{"Cayenne"}
        }
        "America:Cayman"{
            ec{"Cayman"}
        }
        "America:Chicago"{
            ec{"Chicago"}
        }
        "America:Costa_Rica"{
            ec{"Costa Rica"}
        }
        "America:Denver"{
            ec{"Denver"}
        }
        "America:Dominica"{
            ec{"Dominica"}
        }
        "America:Edmonton"{
            ec{"Edmonton"}
        }
        "America:El_Salvador"{
            ec{"Salvador"}
        }
        "America:Godthab"{
            ec{"Nuuk (Godthåb)"}
        }
        "America:Grenada"{
            ec{"Grenada"}
        }
        "America:Guadeloupe"{
            ec{"Gwadeloup"}
        }
        "America:Guatemala"{
            ec{"Guatemala"}
        }
        "America:Guyana"{
            ec{"Guyana"}
        }
        "America:Havana"{
            ec{"La Habana"}
        }
        "America:Inuvik"{
            ec{"Inuvik"}
        }
        "America:Jamaica"{
            ec{"Jamaika"}
        }
        "America:La_Paz"{
            ec{"La Paz"}
        }
        "America:Lima"{
            ec{"Lima"}
        }
        "America:Los_Angeles"{
            ec{"Los Angeles"}
        }
        "America:Managua"{
            ec{"Managua"}
        }
        "America:Manaus"{
            ec{"Manaus"}
        }
        "America:Martinique"{
            ec{"Martinik"}
        }
        "America:Mexico_City"{
            ec{"Kêr Vecʼhiko"}
        }
        "America:Miquelon"{
            ec{"Mikelon"}
        }
        "America:Monterrey"{
            ec{"Monterrey"}
        }
        "America:Montevideo"{
            ec{"Montevideo"}
        }
        "America:Montserrat"{
            ec{"Montserrat"}
        }
        "America:Nassau"{
            ec{"Nassau"}
        }
        "America:New_York"{
            ec{"New York"}
        }
        "America:Panama"{
            ec{"Panamá"}
        }
        "America:Paramaribo"{
            ec{"Paramaribo"}
        }
        "America:Port-au-Prince"{
            ec{"Port-au-Prince"}
        }
        "America:Port_of_Spain"{
            ec{"Port of Spain"}
        }
        "America:Puerto_Rico"{
            ec{"Puerto Rico"}
        }
        "America:Recife"{
            ec{"Recife"}
        }
        "America:Santiago"{
            ec{"Santiago"}
        }
        "America:Sao_Paulo"{
            ec{"São Paulo"}
        }
        "America:St_Barthelemy"{
            ec{"Saint Barthélemy"}
        }
        "America:St_Johns"{
            ec{"Saint Johnʼs"}
        }
        "America:St_Kitts"{
            ec{"Saint Kitts"}
        }
        "America:St_Lucia"{
            ec{"Saint Lucia"}
        }
        "America:St_Vincent"{
            ec{"Sant Visant"}
        }
        "America:Tegucigalpa"{
            ec{"Tegucigalpa"}
        }
        "America:Thule"{
            ec{"Qânâq"}
        }
        "America:Vancouver"{
            ec{"Vancouver"}
        }
        "America:Winnipeg"{
            ec{"Winnipeg"}
        }
        "Antarctica:Macquarie"{
            ec{"Macquarie"}
        }
        "Arctic:Longyearbyen"{
            ec{"Longyearbyen"}
        }
        "Asia:Aden"{
            ec{"Aden"}
        }
        "Asia:Almaty"{
            ec{"Almaty"}
        }
        "Asia:Amman"{
            ec{"Amman"}
        }
        "Asia:Anadyr"{
            ec{"Anadyrʼ"}
        }
        "Asia:Ashgabat"{
            ec{"Ashgabat"}
        }
        "Asia:Baghdad"{
            ec{"Baghdad"}
        }
        "Asia:Bahrain"{
            ec{"Bahrein"}
        }
        "Asia:Baku"{
            ec{"Bakou"}
        }
        "Asia:Bangkok"{
            ec{"Bangkok"}
        }
        "Asia:Beirut"{
            ec{"Bayrut"}
        }
        "Asia:Bishkek"{
            ec{"Bishkek"}
        }
        "Asia:Brunei"{
            ec{"Brunei"}
        }
        "Asia:Calcutta"{
            ec{"Calcutta"}
        }
        "Asia:Chita"{
            ec{"Tchita"}
        }
        "Asia:Colombo"{
            ec{"Kolamba"}
        }
        "Asia:Damascus"{
            ec{"Damask"}
        }
        "Asia:Dushanbe"{
            ec{"Dushanbe"}
        }
        "Asia:Gaza"{
            ec{"Gaza"}
        }
        "Asia:Hong_Kong"{
            ec{"Hong Kong"}
        }
        "Asia:Irkutsk"{
            ec{"Irkutsk"}
        }
        "Asia:Jakarta"{
            ec{"Jakarta"}
        }
        "Asia:Jayapura"{
            ec{"Jayapura"}
        }
        "Asia:Jerusalem"{
            ec{"Jeruzalem"}
        }
        "Asia:Kabul"{
            ec{"Kaboul"}
        }
        "Asia:Kamchatka"{
            ec{"Kamtchatka"}
        }
        "Asia:Karachi"{
            ec{"Karachi"}
        }
        "Asia:Katmandu"{
            ec{"Kathmandu"}
        }
        "Asia:Kuala_Lumpur"{
            ec{"Kuala Lumpur"}
        }
        "Asia:Kuwait"{
            ec{"Koweit"}
        }
        "Asia:Macau"{
            ec{"Macau"}
        }
        "Asia:Manila"{
            ec{"Manila"}
        }
        "Asia:Muscat"{
            ec{"Masqat"}
        }
        "Asia:Nicosia"{
            ec{"Levkosía"}
        }
        "Asia:Novosibirsk"{
            ec{"Novosibirsk"}
        }
        "Asia:Phnom_Penh"{
            ec{"Phnum Pénh"}
        }
        "Asia:Pyongyang"{
            ec{"Pʼyongyang"}
        }
        "Asia:Qatar"{
            ec{"Qatar"}
        }
        "Asia:Rangoon"{
            ec{"Yangon"}
        }
        "Asia:Riyadh"{
            ec{"Riyadh"}
        }
        "Asia:Saigon"{
            ec{"Kêr Hô-Chi-Minh"}
        }
        "Asia:Sakhalin"{
            ec{"Sakhalin"}
        }
        "Asia:Seoul"{
            ec{"Seoul"}
        }
        "Asia:Shanghai"{
            ec{"Shanghai"}
        }
        "Asia:Singapore"{
            ec{"Singapour"}
        }
        "Asia:Taipei"{
            ec{"Taipei"}
        }
        "Asia:Tashkent"{
            ec{"Toshkent"}
        }
        "Asia:Tbilisi"{
            ec{"Tbilisi"}
        }
        "Asia:Tehran"{
            ec{"Tehran"}
        }
        "Asia:Thimphu"{
            ec{"Thimphu"}
        }
        "Asia:Tokyo"{
            ec{"Tokyo"}
        }
        "Asia:Ulaanbaatar"{
            ec{"Ulaanbaatar"}
        }
        "Asia:Urumqi"{
            ec{"Ürümqi"}
        }
        "Asia:Vientiane"{
            ec{"Viangchan"}
        }
        "Asia:Vladivostok"{
            ec{"Vladivostok"}
        }
        "Asia:Yakutsk"{
            ec{"Yakutsk"}
        }
        "Asia:Yekaterinburg"{
            ec{"Yekaterinbourg"}
        }
        "Asia:Yerevan"{
            ec{"Yerevan"}
        }
        "Atlantic:Azores"{
            ec{"Azorez"}
        }
        "Atlantic:Bermuda"{
            ec{"Bermudez"}
        }
        "Atlantic:Canary"{
            ec{"Kanariez"}
        }
        "Atlantic:Cape_Verde"{
            ec{"Kab Glas"}
        }
        "Atlantic:Faeroe"{
            ec{"Faero"}
        }
        "Atlantic:Madeira"{
            ec{"Madeira"}
        }
        "Atlantic:Reykjavik"{
            ec{"Reykjavík"}
        }
        "Atlantic:South_Georgia"{
            ec{"Georgia ar Su"}
        }
        "Atlantic:St_Helena"{
            ec{"Saint Helena"}
        }
        "Australia:Adelaide"{
            ec{"Adelaide"}
        }
        "Australia:Brisbane"{
            ec{"Brisbane"}
        }
        "Australia:Darwin"{
            ec{"Darwin"}
        }
        "Australia:Melbourne"{
            ec{"Melbourne"}
        }
        "Australia:Perth"{
            ec{"Perth"}
        }
        "Australia:Sydney"{
            ec{"Sydney"}
        }
        "Etc:UTC"{
            ls{"amzer hollvedel kenurzhiet"}
        }
        "Etc:Unknown"{
            ec{"kêr dianav"}
        }
        "Europe:Amsterdam"{
            ec{"Amsterdam"}
        }
        "Europe:Andorra"{
            ec{"Andorra"}
        }
        "Europe:Athens"{
            ec{"Aten"}
        }
        "Europe:Belgrade"{
            ec{"Beograd"}
        }
        "Europe:Berlin"{
            ec{"Berlin"}
        }
        "Europe:Bratislava"{
            ec{"Bratislava"}
        }
        "Europe:Brussels"{
            ec{"Brusel"}
        }
        "Europe:Bucharest"{
            ec{"Bukarest"}
        }
        "Europe:Budapest"{
            ec{"Budapest"}
        }
        "Europe:Chisinau"{
            ec{"Chisinau"}
        }
        "Europe:Copenhagen"{
            ec{"Kopenhagen"}
        }
        "Europe:Dublin"{
            ec{"Dulenn"}
            ld{"eur cʼhoañv Iwerzhon"}
        }
        "Europe:Gibraltar"{
            ec{"Jibraltar"}
        }
        "Europe:Guernsey"{
            ec{"Gwernenez"}
        }
        "Europe:Helsinki"{
            ec{"Helsinki"}
        }
        "Europe:Isle_of_Man"{
            ec{"Manav"}
        }
        "Europe:Istanbul"{
            ec{"Istanbul"}
        }
        "Europe:Jersey"{
            ec{"Jerzenez"}
        }
        "Europe:Kaliningrad"{
            ec{"Kaliningrad"}
        }
        "Europe:Kiev"{
            ec{"Kiev"}
        }
        "Europe:Lisbon"{
            ec{"Lisboa"}
        }
        "Europe:Ljubljana"{
            ec{"Ljubljana"}
        }
        "Europe:London"{
            ec{"Londrez"}
            ld{"eur hañv Breizh-Veur"}
        }
        "Europe:Luxembourg"{
            ec{"Luksembourg"}
        }
        "Europe:Madrid"{
            ec{"Madrid"}
        }
        "Europe:Malta"{
            ec{"Malta"}
        }
        "Europe:Mariehamn"{
            ec{"Marjehamn"}
        }
        "Europe:Minsk"{
            ec{"Mensk"}
        }
        "Europe:Monaco"{
            ec{"Monaco"}
        }
        "Europe:Moscow"{
            ec{"Moskov"}
        }
        "Europe:Oslo"{
            ec{"Oslo"}
        }
        "Europe:Paris"{
            ec{"Pariz"}
        }
        "Europe:Podgorica"{
            ec{"Podgorica"}
        }
        "Europe:Prague"{
            ec{"Praha"}
        }
        "Europe:Riga"{
            ec{"Riga"}
        }
        "Europe:Rome"{
            ec{"Roma"}
        }
        "Europe:San_Marino"{
            ec{"San Marino"}
        }
        "Europe:Sarajevo"{
            ec{"Sarajevo"}
        }
        "Europe:Skopje"{
            ec{"Skopje"}
        }
        "Europe:Sofia"{
            ec{"Sofia"}
        }
        "Europe:Stockholm"{
            ec{"Stockholm"}
        }
        "Europe:Tallinn"{
            ec{"Tallinn"}
        }
        "Europe:Tirane"{
            ec{"Tiranë"}
        }
        "Europe:Vaduz"{
            ec{"Vaduz"}
        }
        "Europe:Vatican"{
            ec{"Vatikan"}
        }
        "Europe:Vienna"{
            ec{"Vienna"}
        }
        "Europe:Vilnius"{
            ec{"Vilnius"}
        }
        "Europe:Volgograd"{
            ec{"Volgograd"}
        }
        "Europe:Warsaw"{
            ec{"Varsovia"}
        }
        "Europe:Zagreb"{
            ec{"Zagreb"}
        }
        "Indian:Antananarivo"{
            ec{"Antananarivo"}
        }
        "Indian:Chagos"{
            ec{"Chagos"}
        }
        "Indian:Christmas"{
            ec{"Christmas"}
        }
        "Indian:Cocos"{
            ec{"Kokoz"}
        }
        "Indian:Comoro"{
            ec{"Komorez"}
        }
        "Indian:Kerguelen"{
            ec{"Kergelenn"}
        }
        "Indian:Maldives"{
            ec{"Maldivez"}
        }
        "Indian:Mauritius"{
            ec{"Moris"}
        }
        "Indian:Mayotte"{
            ec{"Mayotte"}
        }
        "Indian:Reunion"{
            ec{"Reünion"}
        }
        "Pacific:Apia"{
            ec{"Apia"}
        }
        "Pacific:Auckland"{
            ec{"Auckland"}
        }
        "Pacific:Bougainville"{
            ec{"Bougainville"}
        }
        "Pacific:Chatham"{
            ec{"Chatham"}
        }
        "Pacific:Easter"{
            ec{"Enez Pask"}
        }
        "Pacific:Fiji"{
            ec{"Fidji"}
        }
        "Pacific:Galapagos"{
            ec{"Galápagos"}
        }
        "Pacific:Gambier"{
            ec{"Gambier"}
        }
        "Pacific:Guam"{
            ec{"Guam"}
        }
        "Pacific:Honolulu"{
            ec{"Honolulu"}
        }
        "Pacific:Marquesas"{
            ec{"Markiz"}
        }
        "Pacific:Midway"{
            ec{"Midway"}
        }
        "Pacific:Nauru"{
            ec{"Nauru"}
        }
        "Pacific:Niue"{
            ec{"Niue"}
        }
        "Pacific:Norfolk"{
            ec{"Norfolk"}
        }
        "Pacific:Noumea"{
            ec{"Noumea"}
        }
        "Pacific:Pago_Pago"{
            ec{"Pago Pago"}
        }
        "Pacific:Palau"{
            ec{"Palau"}
        }
        "Pacific:Pitcairn"{
            ec{"Pitcairn"}
        }
        "Pacific:Port_Moresby"{
            ec{"Port Moresby"}
        }
        "Pacific:Rarotonga"{
            ec{"Rarotonga"}
        }
        "Pacific:Tahiti"{
            ec{"Tahiti"}
        }
        "Pacific:Wallis"{
            ec{"Wallis"}
        }
        "meta:Afghanistan"{
            ls{"eur Afghanistan"}
        }
        "meta:Africa_Central"{
            ls{"eur Kreizafrika"}
        }
        "meta:Africa_Eastern"{
            ls{"eur Afrika ar Reter"}
        }
        "meta:Africa_Southern"{
            ls{"eur cʼhoañv Suafrika"}
        }
        "meta:Africa_Western"{
            ld{"eur hañv Afrika ar Cʼhornôg"}
            lg{"eur Afrika ar Cʼhornôg"}
            ls{"eur cʼhoañv Afrika ar Cʼhornôg"}
        }
        "meta:Alaska"{
            ld{"eur hañv Alaska"}
            lg{"eur Alaska"}
            ls{"eur cʼhoañv Alaska"}
        }
        "meta:Almaty"{
            ld{"eur hañv Almaty"}
            lg{"eur Almaty"}
            ls{"eur cʼhoañv Almaty"}
        }
        "meta:Amazon"{
            ld{"eur hañv an Amazon"}
            lg{"eur an Amazon"}
            ls{"eur cʼhoañv an Amazon"}
        }
        "meta:America_Central"{
            ld{"eur hañv ar Cʼhreiz"}
            lg{"eur ar Cʼhreiz"}
            ls{"eur cʼhoañv ar Cʼhreiz"}
        }
        "meta:America_Eastern"{
            ld{"eur hañv ar Reter"}
            lg{"eur ar Reter"}
            ls{"eur cʼhoañv ar Reter"}
        }
        "meta:America_Mountain"{
            ld{"eur hañv ar Menezioù"}
            lg{"eur ar Menezioù"}
            ls{"eur cʼhoañv ar Menezioù"}
        }
        "meta:America_Pacific"{
            ld{"eur hañv an Habask"}
            lg{"eur an Habask"}
            ls{"eur cʼhoañv an Habask"}
        }
        "meta:Anadyr"{
            ld{"eur hañv Anadyrʼ"}
            lg{"eur Anadyrʼ"}
            ls{"eur cʼhoañv Anadyrʼ"}
        }
        "meta:Apia"{
            ld{"eur hañv Apia"}
            lg{"eur Apia"}
            ls{"eur cʼhoañv Apia"}
        }
        "meta:Arabian"{
            ld{"eur hañv Arabia"}
            lg{"eur Arabia"}
            ls{"eur cʼhoañv Arabia"}
        }
        "meta:Argentina"{
            ld{"eur hañv Arcʼhantina"}
            lg{"eur Arcʼhantina"}
            ls{"eur cʼhoañv Arcʼhantina"}
        }
        "meta:Argentina_Western"{
            ld{"eur hañv Arcʼhantina ar Cʼhornôg"}
            lg{"eur Arcʼhantina ar Cʼhornôg"}
            ls{"eur cʼhoañv Arcʼhantina ar Cʼhornôg"}
        }
        "meta:Armenia"{
            ld{"eur hañv Armenia"}
            lg{"eur Armenia"}
            ls{"eur cʼhoañv Armenia"}
        }
        "meta:Atlantic"{
            ld{"eur hañv an Atlantel"}
            lg{"eur an Atlantel"}
            ls{"eur cʼhoañv an Atlantel"}
        }
        "meta:Australia_Central"{
            ld{"eur hañv Kreizaostralia"}
            lg{"eur Kreizaostralia"}
            ls{"eur cʼhoañv Kreizaostralia"}
        }
        "meta:Australia_CentralWestern"{
            ld{"eur hañv Kreizaostralia ar Cʼhornôg"}
            lg{"eur Kreizaostralia ar Cʼhornôg"}
            ls{"eur cʼhoañv Kreizaostralia ar Cʼhornôg"}
        }
        "meta:Australia_Eastern"{
            ld{"eur hañv Aostralia ar Reter"}
            lg{"eur Aostralia ar Reter"}
            ls{"eur cʼhoañv Aostralia ar Reter"}
        }
        "meta:Australia_Western"{
            ld{"eur hañv Aostralia ar Cʼhornôg"}
            lg{"eur Aostralia ar Cʼhornôg"}
            ls{"eur cʼhoañv Aostralia ar Cʼhornôg"}
        }
        "meta:Azerbaijan"{
            ld{"eur hañv Azerbaidjan"}
            lg{"eur Azerbaidjan"}
            ls{"eur cʼhoañv Azerbaidjan"}
        }
        "meta:Azores"{
            ld{"eur hañv an Azorez"}
            lg{"eur an Azorez"}
            ls{"eur cʼhoañv an Azorez"}
        }
        "meta:Bangladesh"{
            ld{"eur hañv Bangladesh"}
            lg{"eur Bangladesh"}
            ls{"eur cʼhoañv Bangladesh"}
        }
        "meta:Bhutan"{
            ls{"eur Bhoutan"}
        }
        "meta:Bolivia"{
            ls{"eur Bolivia"}
        }
        "meta:Brasilia"{
            ld{"eur hañv Brasília"}
            lg{"eur Brasília"}
            ls{"eur cʼhoañv Brasília"}
        }
        "meta:Brunei"{
            ls{"eur Brunei Darussalam"}
        }
        "meta:Cape_Verde"{
            ld{"eur hañv ar Cʼhab-Glas"}
            lg{"eur ar Cʼhab-Glas"}
            ls{"eur cʼhoañv ar Cʼhab-Glas"}
        }
        "meta:Chamorro"{
            ls{"eur Chamorro"}
        }
        "meta:Chatham"{
            ld{"eur hañv Chatham"}
            lg{"eur Chatham"}
            ls{"eur cʼhoañv Chatham"}
        }
        "meta:Chile"{
            ld{"eur hañv Chile"}
            lg{"eur Chile"}
            ls{"eur cʼhoañv Chile"}
        }
        "meta:China"{
            ld{"eur hañv Sina"}
            lg{"eur Sina"}
            ls{"eur cʼhoañv Sina"}
        }
        "meta:Choibalsan"{
            ld{"eur hañv Choibalsan"}
            lg{"eur Choibalsan"}
            ls{"eur cʼhoañv Choibalsan"}
        }
        "meta:Christmas"{
            ls{"eur Enez Christmas"}
        }
        "meta:Cocos"{
            ls{"eur Inizi Kokoz"}
        }
        "meta:Colombia"{
            ld{"eur hañv Kolombia"}
            lg{"eur Kolombia"}
            ls{"eur cʼhoañv Kolombia"}
        }
        "meta:Cook"{
            ld{"eur hañv Inizi Cook"}
            lg{"eur Inizi Cook"}
            ls{"eur cʼhoañv Inizi Cook"}
        }
        "meta:Cuba"{
            ld{"eur hañv Kuba"}
            lg{"eur Kuba"}
            ls{"eur cʼhoañv Kuba"}
        }
        "meta:Davis"{
            ls{"eur Davis"}
        }
        "meta:DumontDUrville"{
            ls{"eur Dumont-d’Urville"}
        }
        "meta:East_Timor"{
            ls{"eur Timor ar Reter"}
        }
        "meta:Easter"{
            ld{"eur hañv Enez Pask"}
            lg{"eur Enez Pask"}
            ls{"eur cʼhoañv Enez Pask"}
        }
        "meta:Ecuador"{
            ls{"eur Ecuador"}
        }
        "meta:Europe_Central"{
            ld{"eur hañv Kreizeuropa"}
            lg{"eur Kreizeuropa"}
            ls{"eur cʼhoañv Kreizeuropa"}
        }
        "meta:Europe_Eastern"{
            ld{"eur hañv Europa ar Reter"}
            lg{"eur Europa ar Reter"}
            ls{"eur cʼhoañv Europa ar Reter"}
        }
        "meta:Europe_Further_Eastern"{
            ls{"eur Kaliningrad"}
        }
        "meta:Europe_Western"{
            ld{"eur hañv Europa ar Cʼhornôg"}
            lg{"eur Europa ar Cʼhornôg"}
            ls{"eur cʼhoañv Europa ar Cʼhornôg"}
        }
        "meta:Falkland"{
            ld{"eur hañv Inizi Falkland"}
            lg{"eur Inizi Falkland"}
            ls{"eur cʼhoañv Inizi Falkland"}
        }
        "meta:Fiji"{
            ld{"eur hañv Fidji"}
            lg{"eur Fidji"}
            ls{"eur cʼhoañv Fidji"}
        }
        "meta:French_Guiana"{
            ls{"eur Gwiana cʼhall"}
        }
        "meta:French_Southern"{
            ls{"eur Douaroù aostral Frañs hag Antarktika"}
        }
        "meta:GMT"{
            ls{"Amzer keitat Greenwich (AKG)"}
        }
        "meta:Galapagos"{
            ls{"eur Inizi Galápagos"}
        }
        "meta:Gambier"{
            ls{"eur Inizi Gambier"}
        }
        "meta:Georgia"{
            ld{"eur hañv Jorjia"}
            lg{"eur Jorjia"}
            ls{"eur cʼhoañv Jorjia"}
        }
        "meta:Gilbert_Islands"{
            ls{"eur Inizi Gilbert"}
        }
        "meta:Greenland_Eastern"{
            ld{"eur hañv Greunland ar Reter"}
            lg{"eur Greunland ar Reter"}
            ls{"eur cʼhoañv Greunland ar Reter"}
        }
        "meta:Greenland_Western"{
            ld{"eur hañv Greunland ar Cʼhornôg"}
            lg{"eur Greunland ar Cʼhornôg"}
            ls{"eur cʼhoañv Greunland ar Cʼhornôg"}
        }
        "meta:Guam"{
            ls{"eur cʼhoañv Guam"}
        }
        "meta:Gulf"{
            ls{"eur cʼhoañv ar Pleg-mor Arab-ha-Pers"}
        }
        "meta:Guyana"{
            ls{"eur Guyana"}
        }
        "meta:Hawaii_Aleutian"{
            ld{"eur hañv Hawaii hag an Aleouted"}
            lg{"eur Hawaii hag an Aleouted"}
            ls{"eur cʼhoañv Hawaii hag an Aleouted"}
        }
        "meta:Hong_Kong"{
            ld{"eur hañv Hong Kong"}
            lg{"eur Hong Kong"}
            ls{"eur cʼhoañv Hong Kong"}
        }
        "meta:Hovd"{
            ld{"eur hañv Hovd"}
            lg{"eur Hovd"}
            ls{"eur cʼhoañv Hovd"}
        }
        "meta:India"{
            ls{"eur cʼhoañv India"}
        }
        "meta:Indian_Ocean"{
            ls{"eur Meurvor Indez"}
        }
        "meta:Indochina"{
            ls{"eur Indez-Sina"}
        }
        "meta:Indonesia_Central"{
            ls{"eur Kreiz Indonezia"}
        }
        "meta:Indonesia_Eastern"{
            ls{"eur Indonezia ar Reter"}
        }
        "meta:Indonesia_Western"{
            ls{"eur Indonezia ar Cʼhornôg"}
        }
        "meta:Iran"{
            ld{"eur hañv Iran"}
            lg{"eur Iran"}
            ls{"eur cʼhoañv Iran"}
        }
        "meta:Irkutsk"{
            ld{"eur hañv Irkutsk"}
            lg{"eur Irkutsk"}
            ls{"eur cʼhoañv Irkutsk"}
        }
        "meta:Israel"{
            ld{"eur hañv Israel"}
            lg{"eur Israel"}
            ls{"eur cʼhoañv Israel"}
        }
        "meta:Japan"{
            ld{"eur hañv Japan"}
            lg{"eur Japan"}
            ls{"eur cʼhoañv Japan"}
        }
        "meta:Kazakhstan_Eastern"{
            ls{"eur Kazakstan ar Reter"}
        }
        "meta:Kazakhstan_Western"{
            ls{"eur Kazakstan ar Cʼhornôg"}
        }
        "meta:Korea"{
            ld{"eur hañv Korea"}
            lg{"eur Korea"}
            ls{"eur cʼhoañv Korea"}
        }
        "meta:Kosrae"{
            ls{"eur Kosrae"}
        }
        "meta:Krasnoyarsk"{
            ld{"eur hañv Krasnoyarsk"}
            lg{"eur Krasnoyarsk"}
            ls{"eur cʼhoañv Krasnoyarsk"}
        }
        "meta:Kyrgystan"{
            ls{"eur Kyrgyzstan"}
        }
        "meta:Lanka"{
            ls{"eur Sri Lanka"}
        }
        "meta:Line_Islands"{
            ls{"eur Line Islands"}
        }
        "meta:Lord_Howe"{
            ld{"eur hañv Lord Howe"}
            lg{"eur Lord Howe"}
            ls{"eur cʼhoañv Lord Howe"}
        }
        "meta:Macau"{
            ld{"eur hañv Macau"}
            lg{"eur Macau"}
            ls{"eur cʼhoañv Macau"}
        }
        "meta:Macquarie"{
            ls{"eur Enez Macquarie"}
        }
        "meta:Magadan"{
            ld{"eur hañv Magadan"}
            lg{"eur Magadan"}
            ls{"eur cʼhoañv Magadan"}
        }
        "meta:Malaysia"{
            ls{"eur Malaysia"}
        }
        "meta:Maldives"{
            ls{"eur ar Maldivez"}
        }
        "meta:Marquesas"{
            ls{"eur Inizi Markiz"}
        }
        "meta:Marshall_Islands"{
            ls{"eur Inizi Marshall"}
        }
        "meta:Mauritius"{
            ld{"eur hañv Moris"}
            lg{"eur Moris"}
            ls{"eur cʼhoañv Moris"}
        }
        "meta:Mawson"{
            ls{"eur Mawson"}
        }
        "meta:Mexico_Northwest"{
            ld{"eur hañv Gwalarn Mecʼhiko"}
            lg{"eur Gwalarn Mecʼhiko"}
            ls{"eur cʼhoañv Gwalarn Mecʼhiko"}
        }
        "meta:Mexico_Pacific"{
            ld{"eur hañv an Habask mecʼhikan"}
            lg{"eur an Habask mecʼhikan"}
            ls{"eur cʼhoañv an Habask mecʼhikan"}
        }
        "meta:Mongolia"{
            ld{"eur hañv Ulaanbaatar"}
            lg{"eur Ulaanbaatar"}
            ls{"eur cʼhoañv Ulaanbaatar"}
        }
        "meta:Moscow"{
            ld{"eur hañv Moskov"}
            lg{"eur Moskov"}
            ls{"eur cʼhoañv Moskov"}
        }
        "meta:Myanmar"{
            ls{"eur Myanmar"}
        }
        "meta:Nauru"{
            ls{"eur Nauru"}
        }
        "meta:Nepal"{
            ls{"eur Nepal"}
        }
        "meta:New_Caledonia"{
            ld{"eur hañv Kaledonia Nevez"}
            lg{"eur Kaledonia Nevez"}
            ls{"eur cʼhoañv Kaledonia Nevez"}
        }
        "meta:New_Zealand"{
            ld{"eur hañv Zeland-Nevez"}
            lg{"eur Zeland-Nevez"}
            ls{"eur cʼhoañv Zeland-Nevez"}
        }
        "meta:Newfoundland"{
            ld{"eur hañv Newfoundland"}
            lg{"eur Newfoundland"}
            ls{"eur cʼhoañv Newfoundland"}
        }
        "meta:Niue"{
            ls{"eur Niue"}
        }
        "meta:Norfolk"{
            ld{"eur hañv Enez Norfolk"}
            lg{"eur Enez Norfolk"}
            ls{"eur cʼhoañv Enez Norfolk"}
        }
        "meta:Noronha"{
            ld{"eur hañv Fernando de Noronha"}
            lg{"eur Fernando de Noronha"}
            ls{"eur cʼhoañv Fernando de Noronha"}
        }
        "meta:North_Mariana"{
            ls{"eur Mariana an Norzh"}
        }
        "meta:Novosibirsk"{
            ld{"eur hañv Novosibirsk"}
            lg{"eur Novosibirsk"}
            ls{"eur cʼhoañv Novosibirsk"}
        }
        "meta:Omsk"{
            ld{"eur hañv Omsk"}
            lg{"eur Omsk"}
            ls{"eur cʼhoañv Omsk"}
        }
        "meta:Pakistan"{
            ld{"eur hañv Pakistan"}
            lg{"eur Pakistan"}
            ls{"eur cʼhoañv Pakistan"}
        }
        "meta:Palau"{
            ls{"eur Palau"}
        }
        "meta:Papua_New_Guinea"{
            ls{"eur Papoua-Ginea-Nevez"}
        }
        "meta:Paraguay"{
            ld{"eur hañv Paraguay"}
            lg{"eur Paraguay"}
            ls{"eur cʼhoañv Paraguay"}
        }
        "meta:Peru"{
            ld{"eur hañv Perou"}
            lg{"eur Perou"}
            ls{"eur cʼhoañv Perou"}
        }
        "meta:Philippines"{
            ld{"eur hañv ar Filipinez"}
            lg{"eur ar Filipinez"}
            ls{"eur cʼhoañv ar Filipinez"}
        }
        "meta:Phoenix_Islands"{
            ls{"eur Inizi Phoenix"}
        }
        "meta:Pierre_Miquelon"{
            ld{"eur hañv Sant-Pêr-ha-Mikelon"}
            lg{"eur Sant-Pêr-ha-Mikelon"}
            ls{"eur cʼhoañv Sant-Pêr-ha-Mikelon"}
        }
        "meta:Pitcairn"{
            ls{"eur Pitcairn"}
        }
        "meta:Ponape"{
            ls{"eur Pohnpei"}
        }
        "meta:Pyongyang"{
            ls{"eur Pʼyongyang"}
        }
        "meta:Reunion"{
            ls{"eur ar Reünion"}
        }
        "meta:Rothera"{
            ls{"eur Rothera"}
        }
        "meta:Sakhalin"{
            ld{"eur hañv Sakhalin"}
            lg{"eur Sakhalin"}
            ls{"eur cʼhoañv Sakhalin"}
        }
        "meta:Samoa"{
            ld{"eur hañv Samoa"}
            lg{"eur Samoa"}
            ls{"eur cʼhoañv Samoa"}
        }
        "meta:Seychelles"{
            ls{"eur Sechelez"}
        }
        "meta:Singapore"{
            ls{"eur cʼhoañv Singapour"}
        }
        "meta:Solomon"{
            ls{"eur Inizi Salomon"}
        }
        "meta:South_Georgia"{
            ls{"eur Georgia ar Su"}
        }
        "meta:Suriname"{
            ls{"eur Surinam"}
        }
        "meta:Syowa"{
            ls{"eur Syowa"}
        }
        "meta:Tahiti"{
            ls{"eur Tahiti"}
        }
        "meta:Taipei"{
            ld{"eur hañv Taipei"}
            lg{"eur Taipei"}
            ls{"eur cʼhoañv Taipei"}
        }
        "meta:Tajikistan"{
            ls{"eur Tadjikistan"}
        }
        "meta:Tokelau"{
            ls{"eur Tokelau"}
        }
        "meta:Tonga"{
            ld{"eur hañv Tonga"}
            lg{"eur Tonga"}
            ls{"eur cʼhoañv Tonga"}
        }
        "meta:Truk"{
            ls{"eur Chuuk"}
        }
        "meta:Turkmenistan"{
            ld{"eur hañv Turkmenistan"}
            lg{"eur Turkmenistan"}
            ls{"eur cʼhoañv Turkmenistan"}
        }
        "meta:Tuvalu"{
            ls{"eur Tuvalu"}
        }
        "meta:Uruguay"{
            ld{"eur hañv Uruguay"}
            lg{"eur Uruguay"}
            ls{"eur cʼhoañv Uruguay"}
        }
        "meta:Uzbekistan"{
            ld{"eur hañv Ouzbekistan"}
            lg{"eur Ouzbekistan"}
            ls{"eur cʼhoañv Ouzbekistan"}
        }
        "meta:Vanuatu"{
            ld{"eur hañv Vanuatu"}
            lg{"eur Vanuatu"}
            ls{"eur cʼhoañv Vanuatu"}
        }
        "meta:Venezuela"{
            ls{"eur Venezuela"}
        }
        "meta:Vladivostok"{
            ld{"eur hañv Vladivostok"}
            lg{"eur Vladivostok"}
            ls{"eur cʼhoañv Vladivostok"}
        }
        "meta:Volgograd"{
            ld{"eur hañv Volgograd"}
            lg{"eur Volgograd"}
            ls{"eur cʼhoañv Volgograd"}
        }
        "meta:Vostok"{
            ls{"eur Vostok"}
        }
        "meta:Wake"{
            ls{"eur Wake Island"}
        }
        "meta:Wallis"{
            ls{"eur Wallis ha Futuna"}
        }
        "meta:Yakutsk"{
            ld{"eur hañv Yakutsk"}
            lg{"eur Yakutsk"}
            ls{"eur cʼhoañv Yakutsk"}
        }
        "meta:Yekaterinburg"{
            ld{"eur hañv Yekaterinbourg"}
            lg{"eur Yekaterinbourg"}
            ls{"eur cʼhoañv Yekaterinbourg"}
        }
        fallbackFormat{"{1} ({0})"}
        gmtFormat{"GMT{0}"}
        gmtZeroFormat{"GMT"}
        hourFormat{"+HH:mm;-HH:mm"}
        regionFormat{"eur {0}"}
        regionFormatDaylight{"eur hañv {0}"}
        regionFormatStandard{"eur cʼhoañv {0}"}
    }
}
