// © 2016 and later: Unicode, Inc. and others.
// License & terms of use: http://www.unicode.org/copyright.html
// Generated using tools/cldr/cldr-to-icu/build-icu-data.xml
bs{
    zoneStrings{
        "Africa:Abidjan"{
            ec{"Abidjan"}
        }
        "Africa:Accra"{
            ec{"Accra"}
        }
        "Africa:Addis_Ababa"{
            ec{"Addis Ababa"}
        }
        "Africa:Algiers"{
            ec{"Algiers"}
        }
        "Africa:Asmera"{
            ec{"Asmara"}
        }
        "Africa:Bamako"{
            ec{"Bamako"}
        }
        "Africa:Bangui"{
            ec{"Bangui"}
        }
        "Africa:Banjul"{
            ec{"Banjul"}
        }
        "Africa:Bissau"{
            ec{"Bissau"}
        }
        "Africa:Blantyre"{
            ec{"Blantyre"}
        }
        "Africa:Brazzaville"{
            ec{"Brazzaville"}
        }
        "Africa:Bujumbura"{
            ec{"Bujumbura"}
        }
        "Africa:Cairo"{
            ec{"Kairo"}
        }
        "Africa:Casablanca"{
            ec{"Kazablanka"}
        }
        "Africa:Ceuta"{
            ec{"Ceuta"}
        }
        "Africa:Conakry"{
            ec{"Conakry"}
        }
        "Africa:Dakar"{
            ec{"Dakar"}
        }
        "Africa:Dar_es_Salaam"{
            ec{"Dar es Salaam"}
        }
        "Africa:Djibouti"{
            ec{"Džibuti"}
        }
        "Africa:Douala"{
            ec{"Douala"}
        }
        "Africa:El_Aaiun"{
            ec{"El Aaiun"}
        }
        "Africa:Freetown"{
            ec{"Freetown"}
        }
        "Africa:Gaborone"{
            ec{"Gaborone"}
        }
        "Africa:Harare"{
            ec{"Harare"}
        }
        "Africa:Johannesburg"{
            ec{"Johannesburg"}
        }
        "Africa:Juba"{
            ec{"Juba"}
        }
        "Africa:Kampala"{
            ec{"Kampala"}
        }
        "Africa:Khartoum"{
            ec{"Kartum"}
        }
        "Africa:Kigali"{
            ec{"Kigali"}
        }
        "Africa:Kinshasa"{
            ec{"Kinshasa"}
        }
        "Africa:Lagos"{
            ec{"Lagos"}
        }
        "Africa:Libreville"{
            ec{"Libreville"}
        }
        "Africa:Lome"{
            ec{"Lome"}
        }
        "Africa:Luanda"{
            ec{"Luanda"}
        }
        "Africa:Lubumbashi"{
            ec{"Lubumbashi"}
        }
        "Africa:Lusaka"{
            ec{"Lusaka"}
        }
        "Africa:Malabo"{
            ec{"Malabo"}
        }
        "Africa:Maputo"{
            ec{"Maputo"}
        }
        "Africa:Maseru"{
            ec{"Maseru"}
        }
        "Africa:Mbabane"{
            ec{"Mbabane"}
        }
        "Africa:Mogadishu"{
            ec{"Mogadiš"}
        }
        "Africa:Monrovia"{
            ec{"Monrovia"}
        }
        "Africa:Nairobi"{
            ec{"Nairobi"}
        }
        "Africa:Ndjamena"{
            ec{"Ndjamena"}
        }
        "Africa:Niamey"{
            ec{"Niamey"}
        }
        "Africa:Nouakchott"{
            ec{"Nouakchott"}
        }
        "Africa:Ouagadougou"{
            ec{"Ouagadougou"}
        }
        "Africa:Porto-Novo"{
            ec{"Porto-Novo"}
        }
        "Africa:Sao_Tome"{
            ec{"Sao Tome"}
        }
        "Africa:Tripoli"{
            ec{"Tripoli"}
        }
        "Africa:Tunis"{
            ec{"Tunis"}
        }
        "Africa:Windhoek"{
            ec{"Windhoek"}
        }
        "America:Adak"{
            ec{"Adak"}
        }
        "America:Anchorage"{
            ec{"Anchorage"}
        }
        "America:Anguilla"{
            ec{"Angvila"}
        }
        "America:Antigua"{
            ec{"Antigva"}
        }
        "America:Araguaina"{
            ec{"Araguaina"}
        }
        "America:Argentina:La_Rioja"{
            ec{"La Rioja"}
        }
        "America:Argentina:Rio_Gallegos"{
            ec{"Rio Gallegos"}
        }
        "America:Argentina:Salta"{
            ec{"Salta"}
        }
        "America:Argentina:San_Juan"{
            ec{"San Juan"}
        }
        "America:Argentina:San_Luis"{
            ec{"San Luis"}
        }
        "America:Argentina:Tucuman"{
            ec{"Tucuman"}
        }
        "America:Argentina:Ushuaia"{
            ec{"Ushuaia"}
        }
        "America:Aruba"{
            ec{"Aruba"}
        }
        "America:Asuncion"{
            ec{"Asuncion"}
        }
        "America:Bahia"{
            ec{"Bahia"}
        }
        "America:Bahia_Banderas"{
            ec{"Bahia Banderas"}
        }
        "America:Barbados"{
            ec{"Barbados"}
        }
        "America:Belem"{
            ec{"Belem"}
        }
        "America:Belize"{
            ec{"Belize"}
        }
        "America:Blanc-Sablon"{
            ec{"Blanc-Sablon"}
        }
        "America:Boa_Vista"{
            ec{"Boa Vista"}
        }
        "America:Bogota"{
            ec{"Bogota"}
        }
        "America:Boise"{
            ec{"Boise"}
        }
        "America:Buenos_Aires"{
            ec{"Buenos Aires"}
        }
        "America:Cambridge_Bay"{
            ec{"Cambridge Bay"}
        }
        "America:Campo_Grande"{
            ec{"Campo Grande"}
        }
        "America:Cancun"{
            ec{"Cancun"}
        }
        "America:Caracas"{
            ec{"Caracas"}
        }
        "America:Catamarca"{
            ec{"Catamarca"}
        }
        "America:Cayenne"{
            ec{"Cayenne"}
        }
        "America:Cayman"{
            ec{"Kajman"}
        }
        "America:Chicago"{
            ec{"Chicago"}
        }
        "America:Chihuahua"{
            ec{"Chihuahua"}
        }
        "America:Coral_Harbour"{
            ec{"Atikokan"}
        }
        "America:Cordoba"{
            ec{"Cordoba"}
        }
        "America:Costa_Rica"{
            ec{"Kostarika"}
        }
        "America:Creston"{
            ec{"Creston"}
        }
        "America:Cuiaba"{
            ec{"Cuiaba"}
        }
        "America:Curacao"{
            ec{"Kurasao"}
        }
        "America:Danmarkshavn"{
            ec{"Danmarkshavn"}
        }
        "America:Dawson"{
            ec{"Dawson"}
        }
        "America:Dawson_Creek"{
            ec{"Dawson Creek"}
        }
        "America:Denver"{
            ec{"Denver"}
        }
        "America:Detroit"{
            ec{"Detroit"}
        }
        "America:Dominica"{
            ec{"Dominika"}
        }
        "America:Edmonton"{
            ec{"Edmonton"}
        }
        "America:Eirunepe"{
            ec{"Eirunepe"}
        }
        "America:El_Salvador"{
            ec{"Salvador"}
        }
        "America:Fort_Nelson"{
            ec{"Fort Nelson"}
        }
        "America:Fortaleza"{
            ec{"Fortaleza"}
        }
        "America:Glace_Bay"{
            ec{"Glace Bay"}
        }
        "America:Godthab"{
            ec{"Nuuk"}
        }
        "America:Goose_Bay"{
            ec{"Goose Bay"}
        }
        "America:Grand_Turk"{
            ec{"Grand Turk"}
        }
        "America:Grenada"{
            ec{"Grenada"}
        }
        "America:Guadeloupe"{
            ec{"Gvadalupe"}
        }
        "America:Guatemala"{
            ec{"Gvatemala"}
        }
        "America:Guayaquil"{
            ec{"Guayaquil"}
        }
        "America:Guyana"{
            ec{"Guyana"}
        }
        "America:Halifax"{
            ec{"Halifax"}
        }
        "America:Havana"{
            ec{"Havana"}
        }
        "America:Hermosillo"{
            ec{"Hermosillo"}
        }
        "America:Indiana:Knox"{
            ec{"Knox, Indiana"}
        }
        "America:Indiana:Marengo"{
            ec{"Marengo, Indiana"}
        }
        "America:Indiana:Petersburg"{
            ec{"Petersburg, Indiana"}
        }
        "America:Indiana:Tell_City"{
            ec{"Tell City, Indiana"}
        }
        "America:Indiana:Vevay"{
            ec{"Vevay, Indiana"}
        }
        "America:Indiana:Vincennes"{
            ec{"Vincennes, Indiana"}
        }
        "America:Indiana:Winamac"{
            ec{"Winamac, Indiana"}
        }
        "America:Indianapolis"{
            ec{"Indianapolis"}
        }
        "America:Inuvik"{
            ec{"Inuvik"}
        }
        "America:Iqaluit"{
            ec{"Iqaluit"}
        }
        "America:Jamaica"{
            ec{"Jamajka"}
        }
        "America:Jujuy"{
            ec{"Jujuy"}
        }
        "America:Juneau"{
            ec{"Juneau"}
        }
        "America:Kentucky:Monticello"{
            ec{"Monticello, Kentucky"}
        }
        "America:Kralendijk"{
            ec{"Kralendijk"}
        }
        "America:La_Paz"{
            ec{"La Paz"}
        }
        "America:Lima"{
            ec{"Lima"}
        }
        "America:Los_Angeles"{
            ec{"Los Angeles"}
        }
        "America:Louisville"{
            ec{"Louisville"}
        }
        "America:Lower_Princes"{
            ec{"Lower Prince’s Quarter"}
        }
        "America:Maceio"{
            ec{"Maceio"}
        }
        "America:Managua"{
            ec{"Managua"}
        }
        "America:Manaus"{
            ec{"Manaus"}
        }
        "America:Marigot"{
            ec{"Marigot"}
        }
        "America:Martinique"{
            ec{"Martinique"}
        }
        "America:Matamoros"{
            ec{"Matamoros"}
        }
        "America:Mazatlan"{
            ec{"Mazatlan"}
        }
        "America:Mendoza"{
            ec{"Mendoza"}
        }
        "America:Menominee"{
            ec{"Menominee"}
        }
        "America:Merida"{
            ec{"Merida"}
        }
        "America:Metlakatla"{
            ec{"Metlakatla"}
        }
        "America:Mexico_City"{
            ec{"Mexico City"}
        }
        "America:Miquelon"{
            ec{"Miquelon"}
        }
        "America:Moncton"{
            ec{"Moncton"}
        }
        "America:Monterrey"{
            ec{"Monterrey"}
        }
        "America:Montevideo"{
            ec{"Montevideo"}
        }
        "America:Montserrat"{
            ec{"Montserrat"}
        }
        "America:Nassau"{
            ec{"Nassau"}
        }
        "America:New_York"{
            ec{"New York"}
        }
        "America:Nipigon"{
            ec{"Nipigon"}
        }
        "America:Nome"{
            ec{"Nome"}
        }
        "America:Noronha"{
            ec{"Noronha"}
        }
        "America:North_Dakota:Beulah"{
            ec{"Beulah, Sjeverna Dakota"}
        }
        "America:North_Dakota:Center"{
            ec{"Center, Sjeverna Dakota"}
        }
        "America:North_Dakota:New_Salem"{
            ec{"New Salem, Sjeverna Dakota"}
        }
        "America:Ojinaga"{
            ec{"Ojinaga"}
        }
        "America:Panama"{
            ec{"Panama"}
        }
        "America:Pangnirtung"{
            ec{"Pangnirtung"}
        }
        "America:Paramaribo"{
            ec{"Paramaribo"}
        }
        "America:Phoenix"{
            ec{"Phoenix"}
        }
        "America:Port-au-Prince"{
            ec{"Port-au-Prince"}
        }
        "America:Port_of_Spain"{
            ec{"Port of Spain"}
        }
        "America:Porto_Velho"{
            ec{"Porto Velho"}
        }
        "America:Puerto_Rico"{
            ec{"Portoriko"}
        }
        "America:Punta_Arenas"{
            ec{"Punta Arenas"}
        }
        "America:Rainy_River"{
            ec{"Rainy River"}
        }
        "America:Rankin_Inlet"{
            ec{"Rankin Inlet"}
        }
        "America:Recife"{
            ec{"Recife"}
        }
        "America:Regina"{
            ec{"Regina"}
        }
        "America:Resolute"{
            ec{"Resolute"}
        }
        "America:Rio_Branco"{
            ec{"Rio Branco"}
        }
        "America:Santa_Isabel"{
            ec{"Santa Isabel"}
        }
        "America:Santarem"{
            ec{"Santarem"}
        }
        "America:Santiago"{
            ec{"Santiago"}
        }
        "America:Santo_Domingo"{
            ec{"Santo Domingo"}
        }
        "America:Sao_Paulo"{
            ec{"Sao Paulo"}
        }
        "America:Scoresbysund"{
            ec{"Ittoqqortoormiit"}
        }
        "America:Sitka"{
            ec{"Sitka"}
        }
        "America:St_Barthelemy"{
            ec{"St. Barthelemy"}
        }
        "America:St_Johns"{
            ec{"St. John’s"}
        }
        "America:St_Kitts"{
            ec{"St. Kitts"}
        }
        "America:St_Lucia"{
            ec{"St. Lucia"}
        }
        "America:St_Thomas"{
            ec{"St. Thomas"}
        }
        "America:St_Vincent"{
            ec{"St. Vincent"}
        }
        "America:Swift_Current"{
            ec{"Swift Current"}
        }
        "America:Tegucigalpa"{
            ec{"Tegucigalpa"}
        }
        "America:Thule"{
            ec{"Thule"}
        }
        "America:Thunder_Bay"{
            ec{"Thunder Bay"}
        }
        "America:Tijuana"{
            ec{"Tijuana"}
        }
        "America:Toronto"{
            ec{"Toronto"}
        }
        "America:Tortola"{
            ec{"Tortola"}
        }
        "America:Vancouver"{
            ec{"Vancouver"}
        }
        "America:Whitehorse"{
            ec{"Whitehorse"}
        }
        "America:Winnipeg"{
            ec{"Winnipeg"}
        }
        "America:Yakutat"{
            ec{"Yakutat"}
        }
        "America:Yellowknife"{
            ec{"Yellowknife"}
        }
        "Antarctica:Casey"{
            ec{"Casey"}
        }
        "Antarctica:Davis"{
            ec{"Davis"}
        }
        "Antarctica:DumontDUrville"{
            ec{"Dumont d’Urville"}
        }
        "Antarctica:Macquarie"{
            ec{"Macquarie"}
        }
        "Antarctica:Mawson"{
            ec{"Mawson"}
        }
        "Antarctica:McMurdo"{
            ec{"McMurdo"}
        }
        "Antarctica:Palmer"{
            ec{"Palmer"}
        }
        "Antarctica:Rothera"{
            ec{"Rothera"}
        }
        "Antarctica:Syowa"{
            ec{"Syowa"}
        }
        "Antarctica:Troll"{
            ec{"Troll"}
        }
        "Antarctica:Vostok"{
            ec{"Vostok"}
        }
        "Arctic:Longyearbyen"{
            ec{"Longyearbyen"}
        }
        "Asia:Aden"{
            ec{"Aden"}
        }
        "Asia:Almaty"{
            ec{"Almati"}
        }
        "Asia:Amman"{
            ec{"Aman"}
        }
        "Asia:Anadyr"{
            ec{"Anadir"}
        }
        "Asia:Aqtau"{
            ec{"Aktau"}
        }
        "Asia:Aqtobe"{
            ec{"Akutobe"}
        }
        "Asia:Ashgabat"{
            ec{"Ašhabad"}
        }
        "Asia:Atyrau"{
            ec{"Atiraj"}
        }
        "Asia:Baghdad"{
            ec{"Bagdad"}
        }
        "Asia:Bahrain"{
            ec{"Bahrein"}
        }
        "Asia:Baku"{
            ec{"Baku"}
        }
        "Asia:Bangkok"{
            ec{"Bangkok"}
        }
        "Asia:Barnaul"{
            ec{"Barnaul"}
        }
        "Asia:Beirut"{
            ec{"Bejrut"}
        }
        "Asia:Bishkek"{
            ec{"Biškek"}
        }
        "Asia:Brunei"{
            ec{"Bruneji"}
        }
        "Asia:Calcutta"{
            ec{"Kolkata"}
        }
        "Asia:Chita"{
            ec{"Chita"}
        }
        "Asia:Choibalsan"{
            ec{"Čojbalsan"}
        }
        "Asia:Colombo"{
            ec{"Kolombo"}
        }
        "Asia:Damascus"{
            ec{"Damask"}
        }
        "Asia:Dhaka"{
            ec{"Daka"}
        }
        "Asia:Dili"{
            ec{"Dili"}
        }
        "Asia:Dubai"{
            ec{"Dubai"}
        }
        "Asia:Dushanbe"{
            ec{"Dušanbe"}
        }
        "Asia:Famagusta"{
            ec{"Famagusta"}
        }
        "Asia:Gaza"{
            ec{"Gaza"}
        }
        "Asia:Hebron"{
            ec{"Hebron"}
        }
        "Asia:Hong_Kong"{
            ec{"Hong Kong"}
        }
        "Asia:Hovd"{
            ec{"Hovd"}
        }
        "Asia:Irkutsk"{
            ec{"Irkutsk"}
        }
        "Asia:Jakarta"{
            ec{"Džakarta"}
        }
        "Asia:Jayapura"{
            ec{"Džajapura"}
        }
        "Asia:Jerusalem"{
            ec{"Jeruzalem"}
        }
        "Asia:Kabul"{
            ec{"Kabul"}
        }
        "Asia:Kamchatka"{
            ec{"Kamčatka"}
        }
        "Asia:Karachi"{
            ec{"Karači"}
        }
        "Asia:Katmandu"{
            ec{"Katmandu"}
        }
        "Asia:Khandyga"{
            ec{"Handiga"}
        }
        "Asia:Krasnoyarsk"{
            ec{"Krasnojarsk"}
        }
        "Asia:Kuala_Lumpur"{
            ec{"Kuala Lumpur"}
        }
        "Asia:Kuching"{
            ec{"Kučing"}
        }
        "Asia:Kuwait"{
            ec{"Kuvajt"}
        }
        "Asia:Macau"{
            ec{"Makau"}
        }
        "Asia:Magadan"{
            ec{"Magadan"}
        }
        "Asia:Makassar"{
            ec{"Makasar"}
        }
        "Asia:Manila"{
            ec{"Manila"}
        }
        "Asia:Muscat"{
            ec{"Muskat"}
        }
        "Asia:Nicosia"{
            ec{"Nikozija"}
        }
        "Asia:Novokuznetsk"{
            ec{"Novokuznjeck"}
        }
        "Asia:Novosibirsk"{
            ec{"Novosibirsk"}
        }
        "Asia:Omsk"{
            ec{"Omsk"}
        }
        "Asia:Oral"{
            ec{"Oral"}
        }
        "Asia:Phnom_Penh"{
            ec{"Pnom Pen"}
        }
        "Asia:Pontianak"{
            ec{"Pontianak"}
        }
        "Asia:Pyongyang"{
            ec{"Pjongjang"}
        }
        "Asia:Qatar"{
            ec{"Katar"}
        }
        "Asia:Qostanay"{
            ec{"Kostanaj"}
        }
        "Asia:Qyzylorda"{
            ec{"Kizilorda"}
        }
        "Asia:Rangoon"{
            ec{"Rangun"}
        }
        "Asia:Riyadh"{
            ec{"Rijad"}
        }
        "Asia:Saigon"{
            ec{"Ho Ši Min"}
        }
        "Asia:Sakhalin"{
            ec{"Sahalin"}
        }
        "Asia:Samarkand"{
            ec{"Samarkand"}
        }
        "Asia:Seoul"{
            ec{"Seul"}
        }
        "Asia:Shanghai"{
            ec{"Šangaj"}
        }
        "Asia:Singapore"{
            ec{"Singapur"}
        }
        "Asia:Srednekolymsk"{
            ec{"Srednekolymsk"}
        }
        "Asia:Taipei"{
            ec{"Tajpej"}
        }
        "Asia:Tashkent"{
            ec{"Taškent"}
        }
        "Asia:Tbilisi"{
            ec{"Tbilisi"}
        }
        "Asia:Tehran"{
            ec{"Teheran"}
        }
        "Asia:Thimphu"{
            ec{"Thimphu"}
        }
        "Asia:Tokyo"{
            ec{"Tokio"}
        }
        "Asia:Tomsk"{
            ec{"Tomsk"}
        }
        "Asia:Ulaanbaatar"{
            ec{"Ulan Bator"}
        }
        "Asia:Urumqi"{
            ec{"Urumči"}
        }
        "Asia:Ust-Nera"{
            ec{"Ust-Nera"}
        }
        "Asia:Vientiane"{
            ec{"Vijentijan"}
        }
        "Asia:Vladivostok"{
            ec{"Vladivostok"}
        }
        "Asia:Yakutsk"{
            ec{"Jakutsk"}
        }
        "Asia:Yekaterinburg"{
            ec{"Jekaterinburg"}
        }
        "Asia:Yerevan"{
            ec{"Jerevan"}
        }
        "Atlantic:Azores"{
            ec{"Azori"}
        }
        "Atlantic:Bermuda"{
            ec{"Bermuda"}
        }
        "Atlantic:Canary"{
            ec{"Kanari"}
        }
        "Atlantic:Cape_Verde"{
            ec{"Kape Verde"}
        }
        "Atlantic:Faeroe"{
            ec{"Faroe"}
        }
        "Atlantic:Madeira"{
            ec{"Madeira"}
        }
        "Atlantic:Reykjavik"{
            ec{"Rejkjavik"}
        }
        "Atlantic:South_Georgia"{
            ec{"South Georgia"}
        }
        "Atlantic:St_Helena"{
            ec{"Sveta Helena"}
        }
        "Atlantic:Stanley"{
            ec{"Stanley"}
        }
        "Australia:Adelaide"{
            ec{"Adelaide"}
        }
        "Australia:Brisbane"{
            ec{"Brisbane"}
        }
        "Australia:Broken_Hill"{
            ec{"Broken Hill"}
        }
        "Australia:Currie"{
            ec{"Currie"}
        }
        "Australia:Darwin"{
            ec{"Darwin"}
        }
        "Australia:Eucla"{
            ec{"Eucla"}
        }
        "Australia:Hobart"{
            ec{"Hobart"}
        }
        "Australia:Lindeman"{
            ec{"Lindeman"}
        }
        "Australia:Lord_Howe"{
            ec{"Lord Hau"}
        }
        "Australia:Melbourne"{
            ec{"Melburn"}
        }
        "Australia:Perth"{
            ec{"Pert"}
        }
        "Australia:Sydney"{
            ec{"Sidnej"}
        }
        "Etc:UTC"{
            ls{"Koordinirano svjetsko vrijeme"}
        }
        "Etc:Unknown"{
            ec{"Nepoznati grad"}
        }
        "Europe:Amsterdam"{
            ec{"Amsterdam"}
        }
        "Europe:Andorra"{
            ec{"Andora"}
        }
        "Europe:Astrakhan"{
            ec{"Astrahan"}
        }
        "Europe:Athens"{
            ec{"Atina"}
        }
        "Europe:Belgrade"{
            ec{"Beograd"}
        }
        "Europe:Berlin"{
            ec{"Berlin"}
        }
        "Europe:Bratislava"{
            ec{"Bratislava"}
        }
        "Europe:Brussels"{
            ec{"Brisel"}
        }
        "Europe:Bucharest"{
            ec{"Bukurešt"}
        }
        "Europe:Budapest"{
            ec{"Budimpešta"}
        }
        "Europe:Busingen"{
            ec{"Busingen"}
        }
        "Europe:Chisinau"{
            ec{"Kišinjev"}
        }
        "Europe:Copenhagen"{
            ec{"Kopenhagen"}
        }
        "Europe:Dublin"{
            ec{"Dablin"}
            ld{"Irsko standardno vrijeme"}
        }
        "Europe:Gibraltar"{
            ec{"Gibraltar"}
        }
        "Europe:Guernsey"{
            ec{"Gernzi"}
        }
        "Europe:Helsinki"{
            ec{"Helsinki"}
        }
        "Europe:Isle_of_Man"{
            ec{"Ostrvo Man"}
        }
        "Europe:Istanbul"{
            ec{"Istanbul"}
        }
        "Europe:Jersey"{
            ec{"Jersey"}
        }
        "Europe:Kaliningrad"{
            ec{"Kalinjingrad"}
        }
        "Europe:Kiev"{
            ec{"Kijev"}
        }
        "Europe:Kirov"{
            ec{"Kirov"}
        }
        "Europe:Lisbon"{
            ec{"Lisabon"}
        }
        "Europe:Ljubljana"{
            ec{"Ljubljana"}
        }
        "Europe:London"{
            ec{"London"}
            ld{"Britansko ljetno vrijeme"}
        }
        "Europe:Luxembourg"{
            ec{"Luksemburg"}
        }
        "Europe:Madrid"{
            ec{"Madrid"}
        }
        "Europe:Malta"{
            ec{"Malta"}
        }
        "Europe:Mariehamn"{
            ec{"Mariehamn"}
        }
        "Europe:Minsk"{
            ec{"Minsk"}
        }
        "Europe:Monaco"{
            ec{"Monako"}
        }
        "Europe:Moscow"{
            ec{"Moskva"}
        }
        "Europe:Oslo"{
            ec{"Oslo"}
        }
        "Europe:Paris"{
            ec{"Pariz"}
        }
        "Europe:Podgorica"{
            ec{"Podgorica"}
        }
        "Europe:Prague"{
            ec{"Prag"}
        }
        "Europe:Riga"{
            ec{"Riga"}
        }
        "Europe:Rome"{
            ec{"Rim"}
        }
        "Europe:Samara"{
            ec{"Samara"}
        }
        "Europe:San_Marino"{
            ec{"San Marino"}
        }
        "Europe:Sarajevo"{
            ec{"Sarajevo"}
        }
        "Europe:Saratov"{
            ec{"Saratov"}
        }
        "Europe:Simferopol"{
            ec{"Simferopolj"}
        }
        "Europe:Skopje"{
            ec{"Skoplje"}
        }
        "Europe:Sofia"{
            ec{"Sofija"}
        }
        "Europe:Stockholm"{
            ec{"Štokholm"}
        }
        "Europe:Tallinn"{
            ec{"Talin"}
        }
        "Europe:Tirane"{
            ec{"Tirana"}
        }
        "Europe:Ulyanovsk"{
            ec{"Ulyanovsk"}
        }
        "Europe:Uzhgorod"{
            ec{"Užgorod"}
        }
        "Europe:Vaduz"{
            ec{"Vaduz"}
        }
        "Europe:Vatican"{
            ec{"Vatikan"}
        }
        "Europe:Vienna"{
            ec{"Beč"}
        }
        "Europe:Vilnius"{
            ec{"Vilnius"}
        }
        "Europe:Volgograd"{
            ec{"Volgograd"}
        }
        "Europe:Warsaw"{
            ec{"Varšava"}
        }
        "Europe:Zagreb"{
            ec{"Zagreb"}
        }
        "Europe:Zaporozhye"{
            ec{"Zaporožje"}
        }
        "Europe:Zurich"{
            ec{"Cirih"}
        }
        "Indian:Antananarivo"{
            ec{"Antananarivo"}
        }
        "Indian:Chagos"{
            ec{"Chagos"}
        }
        "Indian:Christmas"{
            ec{"Božićno ostrvo"}
        }
        "Indian:Cocos"{
            ec{"Kokosova ostrva"}
        }
        "Indian:Comoro"{
            ec{"Comoro"}
        }
        "Indian:Kerguelen"{
            ec{"Kerguelen"}
        }
        "Indian:Mahe"{
            ec{"Mahe"}
        }
        "Indian:Maldives"{
            ec{"Maldivi"}
        }
        "Indian:Mauritius"{
            ec{"Mauricijus"}
        }
        "Indian:Mayotte"{
            ec{"Mayotte"}
        }
        "Indian:Reunion"{
            ec{"Reunion"}
        }
        "Pacific:Apia"{
            ec{"Apia"}
        }
        "Pacific:Auckland"{
            ec{"Auckland"}
        }
        "Pacific:Bougainville"{
            ec{"Bougainville"}
        }
        "Pacific:Chatham"{
            ec{"Chatham"}
        }
        "Pacific:Easter"{
            ec{"Easter"}
        }
        "Pacific:Efate"{
            ec{"Efate"}
        }
        "Pacific:Enderbury"{
            ec{"Enderbury"}
        }
        "Pacific:Fakaofo"{
            ec{"Fakaofo"}
        }
        "Pacific:Fiji"{
            ec{"Fidži"}
        }
        "Pacific:Funafuti"{
            ec{"Funafuti"}
        }
        "Pacific:Galapagos"{
            ec{"Galapagos"}
        }
        "Pacific:Gambier"{
            ec{"Gambier"}
        }
        "Pacific:Guadalcanal"{
            ec{"Guadalcanal"}
        }
        "Pacific:Guam"{
            ec{"Guam"}
        }
        "Pacific:Honolulu"{
            ec{"Honolulu"}
        }
        "Pacific:Johnston"{
            ec{"Johnston"}
        }
        "Pacific:Kiritimati"{
            ec{"Kiritimati"}
        }
        "Pacific:Kosrae"{
            ec{"Kosrae"}
        }
        "Pacific:Kwajalein"{
            ec{"Kwajalein"}
        }
        "Pacific:Majuro"{
            ec{"Majuro"}
        }
        "Pacific:Marquesas"{
            ec{"Marquesas"}
        }
        "Pacific:Midway"{
            ec{"Midway"}
        }
        "Pacific:Nauru"{
            ec{"Nauru"}
        }
        "Pacific:Niue"{
            ec{"Niue"}
        }
        "Pacific:Norfolk"{
            ec{"Norfolk"}
        }
        "Pacific:Noumea"{
            ec{"Noumea"}
        }
        "Pacific:Pago_Pago"{
            ec{"Pago Pago"}
        }
        "Pacific:Palau"{
            ec{"Palau"}
        }
        "Pacific:Pitcairn"{
            ec{"Pitkern"}
        }
        "Pacific:Ponape"{
            ec{"Pohnpei"}
        }
        "Pacific:Port_Moresby"{
            ec{"Port Moresby"}
        }
        "Pacific:Rarotonga"{
            ec{"Rarotonga"}
        }
        "Pacific:Saipan"{
            ec{"Saipan"}
        }
        "Pacific:Tahiti"{
            ec{"Tahiti"}
        }
        "Pacific:Tarawa"{
            ec{"Tarawa"}
        }
        "Pacific:Tongatapu"{
            ec{"Tongatapu"}
        }
        "Pacific:Truk"{
            ec{"Chuuk"}
        }
        "Pacific:Wake"{
            ec{"Wake"}
        }
        "Pacific:Wallis"{
            ec{"Valis"}
        }
        "meta:Acre"{
            ld{"Acre letnje računanje vremena"}
            lg{"Acre vreme"}
            ls{"Acre standardno vreme"}
        }
        "meta:Afghanistan"{
            ls{"Afganistansko vrijeme"}
        }
        "meta:Africa_Central"{
            ls{"Centralnoafričko vrijeme"}
        }
        "meta:Africa_Eastern"{
            ls{"Istočnoafričko vrijeme"}
        }
        "meta:Africa_Southern"{
            ls{"Južnoafričko standardno vrijeme"}
        }
        "meta:Africa_Western"{
            ld{"Zapadnoafričko ljetno vrijeme"}
            lg{"Zapadnoafričko vrijeme"}
            ls{"Zapadnoafričko standardno vrijeme"}
        }
        "meta:Alaska"{
            ld{"Aljaskansko ljetno vrijeme"}
            lg{"Aljaskansko vrijeme"}
            ls{"Aljaskansko standardno vrijeme"}
        }
        "meta:Almaty"{
            ld{"Almatu letnje računanje vremena"}
            lg{"Almatu vreme"}
            ls{"Almatu standardno vreme"}
        }
        "meta:Amazon"{
            ld{"Amazonsko ljetno vrijeme"}
            lg{"Amazonsko vrijeme"}
            ls{"Amazonsko standardno vrijeme"}
        }
        "meta:America_Central"{
            ld{"Sjevernoameričko centralno ljetno vrijeme"}
            lg{"Sjevernoameričko centralno vrijeme"}
            ls{"Sjevernoameričko centralno standardno vrijeme"}
        }
        "meta:America_Eastern"{
            ld{"Sjevernoameričko istočno ljetno vrijeme"}
            lg{"Sjevernoameričko istočno vrijeme"}
            ls{"Sjevernoameričko istočno standardno vrijeme"}
        }
        "meta:America_Mountain"{
            ld{"Sjevernoameričko planinsko ljetno vrijeme"}
            lg{"Sjevernoameričko planinsko vrijeme"}
            ls{"Sjevernoameričko planinsko standardno vrijeme"}
        }
        "meta:America_Pacific"{
            ld{"Sjevernoameričko pacifičko ljetno vrijeme"}
            lg{"Sjevernoameričko pacifičko vrijeme"}
            ls{"Sjevernoameričko pacifičko standardno vrijeme"}
        }
        "meta:Anadyr"{
            ld{"Anadir letnje računanje vremena"}
            lg{"Anadir vreme"}
            ls{"Anadir standardno vreme"}
        }
        "meta:Apia"{
            ld{"Apijsko ljetno vrijeme"}
            lg{"Apijsko vrijeme"}
            ls{"Apijsko standardno vrijeme"}
        }
        "meta:Aqtau"{
            ld{"Akvtau letnje računanje vremena"}
            lg{"Akvtau vreme"}
            ls{"Akvtau standardno vreme"}
        }
        "meta:Aqtobe"{
            ld{"Akvtobe letnje računanje vremena"}
            lg{"Akvtobe vreme"}
            ls{"Akvtobe standardno vreme"}
        }
        "meta:Arabian"{
            ld{"Arabijsko ljetno vrijeme"}
            lg{"Arabijsko vrijeme"}
            ls{"Arabijsko standardno vrijeme"}
        }
        "meta:Argentina"{
            ld{"Argentinsko ljetno vrijeme"}
            lg{"Argentinsko vrijeme"}
            ls{"Argentinsko standardno vrijeme"}
        }
        "meta:Argentina_Western"{
            ld{"Zapadnoargentinsko ljetno vrijeme"}
            lg{"Zapadnoargentinsko vrijeme"}
            ls{"Zapadnoargentinsko standardno vrijeme"}
        }
        "meta:Armenia"{
            ld{"Armensko ljetno vrijeme"}
            lg{"Armensko vrijeme"}
            ls{"Armensko standardno vrijeme"}
        }
        "meta:Atlantic"{
            ld{"Sjevernoameričko atlantsko ljetno vrijeme"}
            lg{"Sjevernoameričko atlantsko vrijeme"}
            ls{"Sjevernoameričko atlantsko standardno vrijeme"}
        }
        "meta:Australia_Central"{
            ld{"Centralnoaustralijsko ljetno vrijeme"}
            lg{"Centralnoaustralijsko vrijeme"}
            ls{"Centralnoaustralijsko standardno vrijeme"}
        }
        "meta:Australia_CentralWestern"{
            ld{"Australijsko centralnozapadno ljetno vrijeme"}
            lg{"Australijsko centralno zapadno vrijeme"}
            ls{"Australijsko centralnozapadno standardno vrijeme"}
        }
        "meta:Australia_Eastern"{
            ld{"Istočnoaustralijsko ljetno vrijeme"}
            lg{"Istočnoaustralijsko vrijeme"}
            ls{"Istočnoaustralijsko standardno vrijeme"}
        }
        "meta:Australia_Western"{
            ld{"Zapadnoaustralijsko ljetno vrijeme"}
            lg{"Zapadnoaustralijsko vrijeme"}
            ls{"Zapadnoaustralijsko standardno vrijeme"}
        }
        "meta:Azerbaijan"{
            ld{"Azerbejdžansko ljetno vrijeme"}
            lg{"Azerbejdžansko vrijeme"}
            ls{"Azerbejdžansko standardno vrijeme"}
        }
        "meta:Azores"{
            ld{"Azorsko ljetno vrijeme"}
            lg{"Azorsko vrijeme"}
            ls{"Azorsko standardno vrijeme"}
        }
        "meta:Bangladesh"{
            ld{"Bangladeško ljetno vrijeme"}
            lg{"Bangladeško vrijeme"}
            ls{"Bangladeško standardno vrijeme"}
        }
        "meta:Bhutan"{
            ls{"Butansko vrijeme"}
        }
        "meta:Bolivia"{
            ls{"Bolivijsko vrijeme"}
        }
        "meta:Brasilia"{
            ld{"Brazilijsko ljetno vrijeme"}
            lg{"Brazilijsko vrijeme"}
            ls{"Brazilijsko standardno vrijeme"}
        }
        "meta:Brunei"{
            ls{"Brunejsko vrijeme"}
        }
        "meta:Cape_Verde"{
            ld{"Zelenortsko ljetno vrijeme"}
            lg{"Zelenortsko vrijeme"}
            ls{"Zelenortsko standardno vrijeme"}
        }
        "meta:Chamorro"{
            ls{"Čamorsko standardno vrijeme"}
        }
        "meta:Chatham"{
            ld{"Čatamsko ljetno vrijeme"}
            lg{"Čatamsko vrijeme"}
            ls{"Čatamsko standardno vrijeme"}
        }
        "meta:Chile"{
            ld{"Čileansko ljetno vrijeme"}
            lg{"Čileansko vrijeme"}
            ls{"Čileansko standardno vrijeme"}
        }
        "meta:China"{
            ld{"Kinesko ljetno vrijeme"}
            lg{"Kinesko vrijeme"}
            ls{"Kinesko standardno vrijeme"}
        }
        "meta:Choibalsan"{
            ld{"Čojbalsansko ljetno vrijeme"}
            lg{"Čojbalsansko vrijeme"}
            ls{"Čojbalsansko standardno vrijeme"}
        }
        "meta:Christmas"{
            ls{"Vrijeme na Božićnom Ostrvu"}
        }
        "meta:Cocos"{
            ls{"Vrijeme na Ostrvima Kokos"}
        }
        "meta:Colombia"{
            ld{"Kolumbijsko ljetno vrijeme"}
            lg{"Kolumbijsko vrijeme"}
            ls{"Kolumbijsko standardno vrijeme"}
        }
        "meta:Cook"{
            ld{"Poluljetno vrijeme na Kukovim ostrvima"}
            lg{"Vrijeme na Kukovim ostrvima"}
            ls{"Standardno vrijeme na Kukovim ostrvima"}
        }
        "meta:Cuba"{
            ld{"Kubansko ljetno vrijeme"}
            lg{"Kubansko vrijeme"}
            ls{"Kubansko standardno vrijeme"}
        }
        "meta:Davis"{
            ls{"Vrijeme stanice Davis"}
        }
        "meta:DumontDUrville"{
            ls{"Vrijeme stanice Dumont-d’Urville"}
        }
        "meta:East_Timor"{
            ls{"Istočnotimorsko vrijeme"}
        }
        "meta:Easter"{
            ld{"Uskršnjeostrvsko ljetno vrijeme"}
            lg{"Uskršnjeostrvsko vrijeme"}
            ls{"Uskršnjeostrvsko standardno vrijeme"}
        }
        "meta:Ecuador"{
            ls{"Ekvadorsko vrijeme"}
        }
        "meta:Europe_Central"{
            ld{"Centralnoevropsko ljetno vrijeme"}
            lg{"Centralnoevropsko vrijeme"}
            ls{"Centralnoevropsko standardno vrijeme"}
            sd{"CEST"}
            sg{"CET"}
            ss{"CET"}
        }
        "meta:Europe_Eastern"{
            ld{"Istočnoevropsko ljetno vrijeme"}
            lg{"Istočnoevropsko vrijeme"}
            ls{"Istočnoevropsko standardno vrijeme"}
            sd{"EEST"}
            sg{"EET"}
            ss{"EET"}
        }
        "meta:Europe_Further_Eastern"{
            ls{"Dalekoistočnoevropsko vrijeme"}
        }
        "meta:Europe_Western"{
            ld{"Zapadnoevropsko ljetno vrijeme"}
            lg{"Zapadnoevropsko vrijeme"}
            ls{"Zapadnoevropsko standardno vrijeme"}
            sd{"WEST"}
            sg{"WET"}
            ss{"WET"}
        }
        "meta:Falkland"{
            ld{"Folklandsko ljetno vrijeme"}
            lg{"Folklandsko vrijeme"}
            ls{"Folklandsko standardno vrijeme"}
        }
        "meta:Fiji"{
            ld{"Fidžijsko ljetno vrijeme"}
            lg{"Vrijeme na Fidžiju"}
            ls{"Standardno vrijeme na Fidžiju"}
        }
        "meta:French_Guiana"{
            ls{"Francuskogvajansko vrijeme"}
        }
        "meta:French_Southern"{
            ls{"Vrijeme na Francuskoj Južnoj Teritoriji i Antarktiku"}
        }
        "meta:GMT"{
            ls{"Griničko vrijeme"}
            ss{"GMT"}
        }
        "meta:Galapagos"{
            ls{"Galapagosko vrijeme"}
        }
        "meta:Gambier"{
            ls{"Gambijersko vrijeme"}
        }
        "meta:Georgia"{
            ld{"Gruzijsko ljetno vrijeme"}
            lg{"Gruzijsko vrijeme"}
            ls{"Gruzijsko standardno vrijeme"}
        }
        "meta:Gilbert_Islands"{
            ls{"Vrijeme na Gilbertovim ostrvima"}
        }
        "meta:Greenland_Eastern"{
            ld{"Istočnogrenlandsko ljetno vrijeme"}
            lg{"Istočnogrenlandsko vrijeme"}
            ls{"Istočnogrenlandsko standardno vrijeme"}
        }
        "meta:Greenland_Western"{
            ld{"Zapadnogrenlandsko ljetno vrijeme"}
            lg{"Zapadnogrenlandsko vrijeme"}
            ls{"Zapadnogrenlandsko standardno vrijeme"}
        }
        "meta:Guam"{
            ls{"Guam standardno vreme"}
        }
        "meta:Gulf"{
            ls{"Zalivsko standardno vrijeme"}
        }
        "meta:Guyana"{
            ls{"Gvajansko vrijeme"}
        }
        "meta:Hawaii_Aleutian"{
            ld{"Havajsko-aleućansko ljetno vrijeme"}
            lg{"Havajsko-aleućansko vrijeme"}
            ls{"Havajsko-aleućansko standardno vrijeme"}
        }
        "meta:Hong_Kong"{
            ld{"Hongkonško ljetno vrijeme"}
            lg{"Hongkonško vrijeme"}
            ls{"Hongkonško standardno vrijeme"}
        }
        "meta:Hovd"{
            ld{"Hovdsko ljetno vrijeme"}
            lg{"Hovdsko vrijeme"}
            ls{"Hovdsko standardno vrijeme"}
        }
        "meta:India"{
            ls{"Indijsko standardno vrijeme"}
        }
        "meta:Indian_Ocean"{
            ls{"Vrijeme na Indijskom okeanu"}
        }
        "meta:Indochina"{
            ls{"Indokinesko vrijeme"}
        }
        "meta:Indonesia_Central"{
            ls{"Centralnoindonezijsko vrijeme"}
        }
        "meta:Indonesia_Eastern"{
            ls{"Istočnoindonezijsko vrijeme"}
        }
        "meta:Indonesia_Western"{
            ls{"Zapadnoindonezijsko vrijeme"}
        }
        "meta:Iran"{
            ld{"Iransko ljetno vrijeme"}
            lg{"Iransko vrijeme"}
            ls{"Iransko standardno vrijeme"}
        }
        "meta:Irkutsk"{
            ld{"Irkutsko ljetno vrijeme"}
            lg{"Irkutsko vrijeme"}
            ls{"Irkutsko standardno vrijeme"}
        }
        "meta:Israel"{
            ld{"Izraelsko ljetno vrijeme"}
            lg{"Izraelsko vrijeme"}
            ls{"Izraelsko standardno vrijeme"}
        }
        "meta:Japan"{
            ld{"Japansko ljetno vrijeme"}
            lg{"Japansko vrijeme"}
            ls{"Japansko standardno vrijeme"}
        }
        "meta:Kamchatka"{
            ld{"Petropavlovsk-Kamčatski letnje računanje vremena"}
            lg{"Petropavlovsk-Kamčatski vreme"}
            ls{"Petropavlovsk-Kamčatski standardno vreme"}
        }
        "meta:Kazakhstan_Eastern"{
            ls{"Istočnokazahstansko vrijeme"}
        }
        "meta:Kazakhstan_Western"{
            ls{"Zapadnokazahstansko vrijeme"}
        }
        "meta:Korea"{
            ld{"Korejsko ljetno vrijeme"}
            lg{"Korejsko vrijeme"}
            ls{"Korejsko standardno vrijeme"}
        }
        "meta:Kosrae"{
            ls{"Vrijeme na Ostrvu Kosrae"}
        }
        "meta:Krasnoyarsk"{
            ld{"Krasnojarsko ljetno vrijeme"}
            lg{"Krasnojarsko vrijeme"}
            ls{"Krasnojarsko standardno vrijeme"}
        }
        "meta:Kyrgystan"{
            ls{"Kirgistansko vrijeme"}
        }
        "meta:Lanka"{
            ls{"Lanka vreme"}
        }
        "meta:Line_Islands"{
            ls{"Vrijeme na Ostrvima Lajn"}
        }
        "meta:Lord_Howe"{
            ld{"Ljetno vrijeme na Ostrvu Lord Hau"}
            lg{"Vrijeme na Ostrvu Lord Hau"}
            ls{"Standardno vrijeme na Ostrvu Lord Hau"}
        }
        "meta:Macau"{
            ld{"Makao letnje računanje vremena"}
            lg{"Makao vreme"}
            ls{"Makao standardno vreme"}
        }
        "meta:Macquarie"{
            ls{"Vrijeme na Ostrvu Makvori"}
        }
        "meta:Magadan"{
            ld{"Magadansko ljetno vrijeme"}
            lg{"Magadansko vrijeme"}
            ls{"Magadansko standardno vrijeme"}
        }
        "meta:Malaysia"{
            ls{"Malezijsko vrijeme"}
        }
        "meta:Maldives"{
            ls{"Maldivsko vrijeme"}
        }
        "meta:Marquesas"{
            ls{"Vrijeme na Ostrvima Markiz"}
        }
        "meta:Marshall_Islands"{
            ls{"Vrijeme na Maršalovim ostrvima"}
        }
        "meta:Mauritius"{
            ld{"Mauricijsko ljetno vrijeme"}
            lg{"Mauricijsko vrijeme"}
            ls{"Mauricijsko standardno vrijeme"}
        }
        "meta:Mawson"{
            ls{"Vrijeme stanice Mawson"}
        }
        "meta:Mexico_Northwest"{
            ld{"Sjeverozapadno meksičko ljetno vrijeme"}
            lg{"Sjeverozapadno meksičko vrijeme"}
            ls{"Sjeverozapadno meksičko standardno vrijeme"}
        }
        "meta:Mexico_Pacific"{
            ld{"Meksičko pacifičko ljetno vrijeme"}
            lg{"Meksičko pacifičko vrijeme"}
            ls{"Meksičko pacifičko standardno vrijeme"}
        }
        "meta:Mongolia"{
            ld{"Ulanbatorsko ljetno vrijeme"}
            lg{"Ulanbatorsko vrijeme"}
            ls{"Ulanbatorsko standardno vrijeme"}
        }
        "meta:Moscow"{
            ld{"Moskovsko ljetno vrijeme"}
            lg{"Moskovsko vrijeme"}
            ls{"Moskovsko standardno vrijeme"}
        }
        "meta:Myanmar"{
            ls{"Mijanmarsko vrijeme"}
        }
        "meta:Nauru"{
            ls{"Vrijeme na Ostrvu Nauru"}
        }
        "meta:Nepal"{
            ls{"Nepalsko vrijeme"}
        }
        "meta:New_Caledonia"{
            ld{"Novokaledonijsko ljetno vrijeme"}
            lg{"Novokaledonijsko vrijeme"}
            ls{"Novokaledonijsko standardno vrijeme"}
        }
        "meta:New_Zealand"{
            ld{"Novozelandsko ljetno vrijeme"}
            lg{"Novozelandsko vrijeme"}
            ls{"Novozelandsko standardno vrijeme"}
        }
        "meta:Newfoundland"{
            ld{"Njufaundlendsko ljetno vrijeme"}
            lg{"Njufaundlendsko vrijeme"}
            ls{"Njufaundlendsko standardno vrijeme"}
        }
        "meta:Niue"{
            ls{"Vrijeme na Ostrvu Niue"}
        }
        "meta:Norfolk"{
            ld{"Norfolško ljetno vrijeme"}
            lg{"Norfolško vrijeme"}
            ls{"Norfolško standardno vrijeme"}
        }
        "meta:Noronha"{
            ld{"Ljetno vrijeme na ostrvu Fernando di Noronja"}
            lg{"Vrijeme na ostrvu Fernando di Noronja"}
            ls{"Standardno vrijeme na ostrvu Fernando di Noronja"}
        }
        "meta:North_Mariana"{
            ls{"Severna Marijanska Ostrva vreme"}
        }
        "meta:Novosibirsk"{
            ld{"Novosibirsko ljetno vrijeme"}
            lg{"Novosibirsko vrijeme"}
            ls{"Novosibirsko standardno vrijeme"}
        }
        "meta:Omsk"{
            ld{"Omsko ljetno vrijeme"}
            lg{"Omsko vrijeme"}
            ls{"Omsko standardno vrijeme"}
        }
        "meta:Pakistan"{
            ld{"Pakistansko ljetno vrijeme"}
            lg{"Pakistansko vrijeme"}
            ls{"Pakistansko standardno vrijeme"}
        }
        "meta:Palau"{
            ls{"Vrijeme na Ostrvu Palau"}
        }
        "meta:Papua_New_Guinea"{
            ls{"Vrijeme na Papui Novoj Gvineji"}
        }
        "meta:Paraguay"{
            ld{"Paragvajsko ljetno vrijeme"}
            lg{"Paragvajsko vrijeme"}
            ls{"Paragvajsko standardno vrijeme"}
        }
        "meta:Peru"{
            ld{"Peruansko ljetno vrijeme"}
            lg{"Peruansko vrijeme"}
            ls{"Peruansko standardno vrijeme"}
        }
        "meta:Philippines"{
            ld{"Filipinsko ljetno vrijeme"}
            lg{"Filipinsko vrijeme"}
            ls{"Filipinsko standardno vrijeme"}
        }
        "meta:Phoenix_Islands"{
            ls{"Vrijeme na Ostrvima Finiks"}
        }
        "meta:Pierre_Miquelon"{
            ld{"Ljetno vrijeme na Ostrvima Sveti Petar i Mikelon"}
            lg{"Vrijeme na Ostrvima Sveti Petar i Mikelon"}
            ls{"Standardno vrijeme na Ostrvima Sveti Petar i Mikelon"}
        }
        "meta:Pitcairn"{
            ls{"Vrijeme na Ostrvima Pitkern"}
        }
        "meta:Ponape"{
            ls{"Vrijeme na Ostrvu Ponape"}
        }
        "meta:Pyongyang"{
            ls{"Pjongjanško vrijeme"}
        }
        "meta:Qyzylorda"{
            ld{"Kizilorda letnje računanje vremena"}
            lg{"Kizilorda vreme"}
            ls{"Kizilorda standardno vreme"}
        }
        "meta:Reunion"{
            ls{"Reunionsko vrijeme"}
        }
        "meta:Rothera"{
            ls{"Vrijeme stanice Rothera"}
        }
        "meta:Sakhalin"{
            ld{"Sahalinsko ljetno vrijeme"}
            lg{"Sahalinsko vrijeme"}
            ls{"Sahalinsko standardno vrijeme"}
        }
        "meta:Samara"{
            ld{"Samara letnje računanje vremena"}
            lg{"Samara vreme"}
            ls{"Samara standardno vreme"}
        }
        "meta:Samoa"{
            ld{"Samoansko ljetno vrijeme"}
            lg{"Samoansko vrijeme"}
            ls{"Samoansko standardno vrijeme"}
        }
        "meta:Seychelles"{
            ls{"Sejšelsko vrijeme"}
        }
        "meta:Singapore"{
            ls{"Singapursko standardno vrijeme"}
        }
        "meta:Solomon"{
            ls{"Vrijeme na Solomonskim ostrvima"}
        }
        "meta:South_Georgia"{
            ls{"Južnodžordžijsko vrijeme"}
        }
        "meta:Suriname"{
            ls{"Surinamsko vrijeme"}
        }
        "meta:Syowa"{
            ls{"Vrijeme stanice Syowa"}
        }
        "meta:Tahiti"{
            ls{"Tahićansko vrijeme"}
        }
        "meta:Taipei"{
            ld{"Tajpejsko ljetno vrijeme"}
            lg{"Tajpejsko vrijeme"}
            ls{"Tajpejsko standardno vrijeme"}
        }
        "meta:Tajikistan"{
            ls{"Tadžikistansko vrijeme"}
        }
        "meta:Tokelau"{
            ls{"Vrijeme na Ostrvu Tokelau"}
        }
        "meta:Tonga"{
            ld{"Tongansko ljetno vrijeme"}
            lg{"Tongansko vrijeme"}
            ls{"Tongansko standardno vrijeme"}
        }
        "meta:Truk"{
            ls{"Čučko vrijeme"}
        }
        "meta:Turkmenistan"{
            ld{"Turkmenistansko ljetno vrijeme"}
            lg{"Turkmenistansko vrijeme"}
            ls{"Turkmenistansko standardno vrijeme"}
        }
        "meta:Tuvalu"{
            ls{"Tuvaluansko vrijeme"}
        }
        "meta:Uruguay"{
            ld{"Urugvajsko ljetno vrijeme"}
            lg{"Urugvajsko vrijeme"}
            ls{"Urugvajsko standardno vrijeme"}
        }
        "meta:Uzbekistan"{
            ld{"Uzbekistansko ljetno vrijeme"}
            lg{"Uzbekistansko vrijeme"}
            ls{"Uzbekistansko standardno vrijeme"}
        }
        "meta:Vanuatu"{
            ld{"Vanuatuansko ljetno vrijeme"}
            lg{"Vanuatuansko vrijeme"}
            ls{"Vanuatuansko standardno vrijeme"}
        }
        "meta:Venezuela"{
            ls{"Venecuelansko vrijeme"}
        }
        "meta:Vladivostok"{
            ld{"Vladivostočko ljetno vrijeme"}
            lg{"Vladivostočko vrijeme"}
            ls{"Vladivostočko standardno vrijeme"}
        }
        "meta:Volgograd"{
            ld{"Volgogradsko ljetno vrijeme"}
            lg{"Volgogradsko vrijeme"}
            ls{"Volgogradsko standardno vrijeme"}
        }
        "meta:Vostok"{
            ls{"Vrijeme stanice Vostok"}
        }
        "meta:Wake"{
            ls{"Vrijeme na Ostrvu Vejk"}
        }
        "meta:Wallis"{
            ls{"Vrijeme na Ostrvima Valis i Futuna"}
        }
        "meta:Yakutsk"{
            ld{"Jakutsko ljetno vrijeme"}
            lg{"Jakutsko vrijeme"}
            ls{"Jakutsko standardno vrijeme"}
        }
        "meta:Yekaterinburg"{
            ld{"Jekaterinburško ljetno vrijeme"}
            lg{"Jekaterinburško vrijeme"}
            ls{"Jekaterinburško standardno vrijeme"}
        }
        fallbackFormat{"{1} ({0})"}
        gmtFormat{"GMT {0}"}
        gmtZeroFormat{"GMT"}
        hourFormat{"+HH:mm; -HH:mm"}
        regionFormat{"{0}"}
        regionFormatDaylight{"{0}, ljetno vrijeme"}
        regionFormatStandard{"{0}, standardno vrijeme"}
    }
}
