// © 2016 and later: Unicode, Inc. and others.
// License & terms of use: http://www.unicode.org/copyright.html
// Generated using tools/cldr/cldr-to-icu/build-icu-data.xml
cs{
    zoneStrings{
        "Africa:Abidjan"{
            ec{"Abidžan"}
        }
        "Africa:Accra"{
            ec{"Accra"}
        }
        "Africa:Addis_Ababa"{
            ec{"Addis Abeba"}
        }
        "Africa:Algiers"{
            ec{"Alžír"}
        }
        "Africa:Asmera"{
            ec{"Asmara"}
        }
        "Africa:Bamako"{
            ec{"Bamako"}
        }
        "Africa:Bangui"{
            ec{"Bangui"}
        }
        "Africa:Banjul"{
            ec{"Banjul"}
        }
        "Africa:Bissau"{
            ec{"Bissau"}
        }
        "Africa:Blantyre"{
            ec{"Blantyre"}
        }
        "Africa:Brazzaville"{
            ec{"Brazzaville"}
        }
        "Africa:Bujumbura"{
            ec{"Bujumbura"}
        }
        "Africa:Cairo"{
            ec{"Káhira"}
        }
        "Africa:Casablanca"{
            ec{"Casablanca"}
        }
        "Africa:Ceuta"{
            ec{"Ceuta"}
        }
        "Africa:Conakry"{
            ec{"Conakry"}
        }
        "Africa:Dakar"{
            ec{"Dakar"}
        }
        "Africa:Dar_es_Salaam"{
            ec{"Dar es Salaam"}
        }
        "Africa:Djibouti"{
            ec{"Džibuti"}
        }
        "Africa:Douala"{
            ec{"Douala"}
        }
        "Africa:El_Aaiun"{
            ec{"El Aaiun"}
        }
        "Africa:Freetown"{
            ec{"Freetown"}
        }
        "Africa:Gaborone"{
            ec{"Gaborone"}
        }
        "Africa:Harare"{
            ec{"Harare"}
        }
        "Africa:Johannesburg"{
            ec{"Johannesburg"}
        }
        "Africa:Juba"{
            ec{"Juba"}
        }
        "Africa:Kampala"{
            ec{"Kampala"}
        }
        "Africa:Khartoum"{
            ec{"Chartúm"}
        }
        "Africa:Kigali"{
            ec{"Kigali"}
        }
        "Africa:Kinshasa"{
            ec{"Kinshasa"}
        }
        "Africa:Lagos"{
            ec{"Lagos"}
        }
        "Africa:Libreville"{
            ec{"Libreville"}
        }
        "Africa:Lome"{
            ec{"Lomé"}
        }
        "Africa:Luanda"{
            ec{"Luanda"}
        }
        "Africa:Lubumbashi"{
            ec{"Lubumbashi"}
        }
        "Africa:Lusaka"{
            ec{"Lusaka"}
        }
        "Africa:Malabo"{
            ec{"Malabo"}
        }
        "Africa:Maputo"{
            ec{"Maputo"}
        }
        "Africa:Maseru"{
            ec{"Maseru"}
        }
        "Africa:Mbabane"{
            ec{"Mbabane"}
        }
        "Africa:Mogadishu"{
            ec{"Mogadišu"}
        }
        "Africa:Monrovia"{
            ec{"Monrovia"}
        }
        "Africa:Nairobi"{
            ec{"Nairobi"}
        }
        "Africa:Ndjamena"{
            ec{"Ndžamena"}
        }
        "Africa:Niamey"{
            ec{"Niamey"}
        }
        "Africa:Nouakchott"{
            ec{"Nuakšott"}
        }
        "Africa:Ouagadougou"{
            ec{"Ouagadougou"}
        }
        "Africa:Porto-Novo"{
            ec{"Porto-Novo"}
        }
        "Africa:Sao_Tome"{
            ec{"Svatý Tomáš"}
        }
        "Africa:Tripoli"{
            ec{"Tripolis"}
        }
        "Africa:Tunis"{
            ec{"Tunis"}
        }
        "Africa:Windhoek"{
            ec{"Windhoek"}
        }
        "America:Adak"{
            ec{"Adak"}
        }
        "America:Anchorage"{
            ec{"Anchorage"}
        }
        "America:Anguilla"{
            ec{"Anguilla"}
        }
        "America:Antigua"{
            ec{"Antigua"}
        }
        "America:Araguaina"{
            ec{"Araguaina"}
        }
        "America:Argentina:La_Rioja"{
            ec{"La Rioja"}
        }
        "America:Argentina:Rio_Gallegos"{
            ec{"Rio Gallegos"}
        }
        "America:Argentina:Salta"{
            ec{"Salta"}
        }
        "America:Argentina:San_Juan"{
            ec{"San Juan"}
        }
        "America:Argentina:San_Luis"{
            ec{"San Luis"}
        }
        "America:Argentina:Tucuman"{
            ec{"Tucuman"}
        }
        "America:Argentina:Ushuaia"{
            ec{"Ushuaia"}
        }
        "America:Aruba"{
            ec{"Aruba"}
        }
        "America:Asuncion"{
            ec{"Asunción"}
        }
        "America:Bahia"{
            ec{"Bahía"}
        }
        "America:Bahia_Banderas"{
            ec{"Bahia Banderas"}
        }
        "America:Barbados"{
            ec{"Barbados"}
        }
        "America:Belem"{
            ec{"Belém"}
        }
        "America:Belize"{
            ec{"Belize"}
        }
        "America:Blanc-Sablon"{
            ec{"Blanc-Sablon"}
        }
        "America:Boa_Vista"{
            ec{"Boa Vista"}
        }
        "America:Bogota"{
            ec{"Bogotá"}
        }
        "America:Boise"{
            ec{"Boise"}
        }
        "America:Buenos_Aires"{
            ec{"Buenos Aires"}
        }
        "America:Cambridge_Bay"{
            ec{"Cambridge Bay"}
        }
        "America:Campo_Grande"{
            ec{"Campo Grande"}
        }
        "America:Cancun"{
            ec{"Cancún"}
        }
        "America:Caracas"{
            ec{"Caracas"}
        }
        "America:Catamarca"{
            ec{"Catamarca"}
        }
        "America:Cayenne"{
            ec{"Cayenne"}
        }
        "America:Cayman"{
            ec{"Kajmanské ostrovy"}
        }
        "America:Chicago"{
            ec{"Chicago"}
        }
        "America:Chihuahua"{
            ec{"Chihuahua"}
        }
        "America:Coral_Harbour"{
            ec{"Atikokan"}
        }
        "America:Cordoba"{
            ec{"Córdoba"}
        }
        "America:Costa_Rica"{
            ec{"Kostarika"}
        }
        "America:Creston"{
            ec{"Creston"}
        }
        "America:Cuiaba"{
            ec{"Cuiaba"}
        }
        "America:Curacao"{
            ec{"Curaçao"}
        }
        "America:Danmarkshavn"{
            ec{"Danmarkshavn"}
        }
        "America:Dawson"{
            ec{"Dawson"}
        }
        "America:Dawson_Creek"{
            ec{"Dawson Creek"}
        }
        "America:Denver"{
            ec{"Denver"}
        }
        "America:Detroit"{
            ec{"Detroit"}
        }
        "America:Dominica"{
            ec{"Dominika"}
        }
        "America:Edmonton"{
            ec{"Edmonton"}
        }
        "America:Eirunepe"{
            ec{"Eirunepe"}
        }
        "America:El_Salvador"{
            ec{"Salvador"}
        }
        "America:Fort_Nelson"{
            ec{"Fort Nelson"}
        }
        "America:Fortaleza"{
            ec{"Fortaleza"}
        }
        "America:Glace_Bay"{
            ec{"Glace Bay"}
        }
        "America:Godthab"{
            ec{"Nuuk"}
        }
        "America:Goose_Bay"{
            ec{"Goose Bay"}
        }
        "America:Grand_Turk"{
            ec{"Grand Turk"}
        }
        "America:Grenada"{
            ec{"Grenada"}
        }
        "America:Guadeloupe"{
            ec{"Guadeloupe"}
        }
        "America:Guatemala"{
            ec{"Guatemala"}
        }
        "America:Guayaquil"{
            ec{"Guayaquil"}
        }
        "America:Guyana"{
            ec{"Guyana"}
        }
        "America:Halifax"{
            ec{"Halifax"}
        }
        "America:Havana"{
            ec{"Havana"}
        }
        "America:Hermosillo"{
            ec{"Hermosillo"}
        }
        "America:Indiana:Knox"{
            ec{"Knox, Indiana"}
        }
        "America:Indiana:Marengo"{
            ec{"Marengo, Indiana"}
        }
        "America:Indiana:Petersburg"{
            ec{"Petersburg, Indiana"}
        }
        "America:Indiana:Tell_City"{
            ec{"Tell City, Indiana"}
        }
        "America:Indiana:Vevay"{
            ec{"Vevay, Indiana"}
        }
        "America:Indiana:Vincennes"{
            ec{"Vincennes, Indiana"}
        }
        "America:Indiana:Winamac"{
            ec{"Winamac, Indiana"}
        }
        "America:Indianapolis"{
            ec{"Indianapolis"}
        }
        "America:Inuvik"{
            ec{"Inuvik"}
        }
        "America:Iqaluit"{
            ec{"Iqaluit"}
        }
        "America:Jamaica"{
            ec{"Jamajka"}
        }
        "America:Jujuy"{
            ec{"Jujuy"}
        }
        "America:Juneau"{
            ec{"Juneau"}
        }
        "America:Kentucky:Monticello"{
            ec{"Monticello, Kentucky"}
        }
        "America:Kralendijk"{
            ec{"Kralendijk"}
        }
        "America:La_Paz"{
            ec{"La Paz"}
        }
        "America:Lima"{
            ec{"Lima"}
        }
        "America:Los_Angeles"{
            ec{"Los Angeles"}
        }
        "America:Louisville"{
            ec{"Louisville"}
        }
        "America:Lower_Princes"{
            ec{"Lower Prince’s Quarter"}
        }
        "America:Maceio"{
            ec{"Maceio"}
        }
        "America:Managua"{
            ec{"Managua"}
        }
        "America:Manaus"{
            ec{"Manaus"}
        }
        "America:Marigot"{
            ec{"Marigot"}
        }
        "America:Martinique"{
            ec{"Martinik"}
        }
        "America:Matamoros"{
            ec{"Matamoros"}
        }
        "America:Mazatlan"{
            ec{"Mazatlán"}
        }
        "America:Mendoza"{
            ec{"Mendoza"}
        }
        "America:Menominee"{
            ec{"Menominee"}
        }
        "America:Merida"{
            ec{"Merida"}
        }
        "America:Metlakatla"{
            ec{"Metlakatla"}
        }
        "America:Mexico_City"{
            ec{"Ciudad de México"}
        }
        "America:Miquelon"{
            ec{"Miquelon"}
        }
        "America:Moncton"{
            ec{"Moncton"}
        }
        "America:Monterrey"{
            ec{"Monterrey"}
        }
        "America:Montevideo"{
            ec{"Montevideo"}
        }
        "America:Montserrat"{
            ec{"Montserrat"}
        }
        "America:Nassau"{
            ec{"Nassau"}
        }
        "America:New_York"{
            ec{"New York"}
        }
        "America:Nipigon"{
            ec{"Nipigon"}
        }
        "America:Nome"{
            ec{"Nome"}
        }
        "America:Noronha"{
            ec{"Noronha"}
        }
        "America:North_Dakota:Beulah"{
            ec{"Beulah, Severní Dakota"}
        }
        "America:North_Dakota:Center"{
            ec{"Center, Severní Dakota"}
        }
        "America:North_Dakota:New_Salem"{
            ec{"New Salem, Severní Dakota"}
        }
        "America:Ojinaga"{
            ec{"Ojinaga"}
        }
        "America:Panama"{
            ec{"Panama"}
        }
        "America:Pangnirtung"{
            ec{"Pangnirtung"}
        }
        "America:Paramaribo"{
            ec{"Paramaribo"}
        }
        "America:Phoenix"{
            ec{"Phoenix"}
        }
        "America:Port-au-Prince"{
            ec{"Port-au-Prince"}
        }
        "America:Port_of_Spain"{
            ec{"Port of Spain"}
        }
        "America:Porto_Velho"{
            ec{"Porto Velho"}
        }
        "America:Puerto_Rico"{
            ec{"Portoriko"}
        }
        "America:Punta_Arenas"{
            ec{"Punta Arenas"}
        }
        "America:Rainy_River"{
            ec{"Rainy River"}
        }
        "America:Rankin_Inlet"{
            ec{"Rankin Inlet"}
        }
        "America:Recife"{
            ec{"Recife"}
        }
        "America:Regina"{
            ec{"Regina"}
        }
        "America:Resolute"{
            ec{"Resolute"}
        }
        "America:Rio_Branco"{
            ec{"Rio Branco"}
        }
        "America:Santa_Isabel"{
            ec{"Santa Isabel"}
        }
        "America:Santarem"{
            ec{"Santarém"}
        }
        "America:Santiago"{
            ec{"Santiago"}
        }
        "America:Santo_Domingo"{
            ec{"Santo Domingo"}
        }
        "America:Sao_Paulo"{
            ec{"São Paulo"}
        }
        "America:Scoresbysund"{
            ec{"Ittoqqortoormiit"}
        }
        "America:Sitka"{
            ec{"Sitka"}
        }
        "America:St_Barthelemy"{
            ec{"Svatý Bartoloměj"}
        }
        "America:St_Johns"{
            ec{"St. John’s"}
        }
        "America:St_Kitts"{
            ec{"Svatý Kryštof"}
        }
        "America:St_Lucia"{
            ec{"Svatá Lucie"}
        }
        "America:St_Thomas"{
            ec{"Svatý Tomáš (Karibik)"}
        }
        "America:St_Vincent"{
            ec{"Svatý Vincenc"}
        }
        "America:Swift_Current"{
            ec{"Swift Current"}
        }
        "America:Tegucigalpa"{
            ec{"Tegucigalpa"}
        }
        "America:Thule"{
            ec{"Thule"}
        }
        "America:Thunder_Bay"{
            ec{"Thunder Bay"}
        }
        "America:Tijuana"{
            ec{"Tijuana"}
        }
        "America:Toronto"{
            ec{"Toronto"}
        }
        "America:Tortola"{
            ec{"Tortola"}
        }
        "America:Vancouver"{
            ec{"Vancouver"}
        }
        "America:Whitehorse"{
            ec{"Whitehorse"}
        }
        "America:Winnipeg"{
            ec{"Winnipeg"}
        }
        "America:Yakutat"{
            ec{"Yakutat"}
        }
        "America:Yellowknife"{
            ec{"Yellowknife"}
        }
        "Antarctica:Casey"{
            ec{"Casey"}
        }
        "Antarctica:Davis"{
            ec{"Davis"}
        }
        "Antarctica:DumontDUrville"{
            ec{"Dumont d’Urville"}
        }
        "Antarctica:Macquarie"{
            ec{"Macquarie"}
        }
        "Antarctica:Mawson"{
            ec{"Mawson"}
        }
        "Antarctica:McMurdo"{
            ec{"McMurdo"}
        }
        "Antarctica:Palmer"{
            ec{"Palmer"}
        }
        "Antarctica:Rothera"{
            ec{"Rothera"}
        }
        "Antarctica:Syowa"{
            ec{"Syowa"}
        }
        "Antarctica:Troll"{
            ec{"Troll"}
        }
        "Antarctica:Vostok"{
            ec{"Vostok"}
        }
        "Arctic:Longyearbyen"{
            ec{"Longyearbyen"}
        }
        "Asia:Aden"{
            ec{"Aden"}
        }
        "Asia:Almaty"{
            ec{"Almaty"}
        }
        "Asia:Amman"{
            ec{"Ammán"}
        }
        "Asia:Anadyr"{
            ec{"Anadyr"}
        }
        "Asia:Aqtau"{
            ec{"Aktau"}
        }
        "Asia:Aqtobe"{
            ec{"Aktobe"}
        }
        "Asia:Ashgabat"{
            ec{"Ašchabad"}
        }
        "Asia:Atyrau"{
            ec{"Atyrau"}
        }
        "Asia:Baghdad"{
            ec{"Bagdád"}
        }
        "Asia:Bahrain"{
            ec{"Bahrajn"}
        }
        "Asia:Baku"{
            ec{"Baku"}
        }
        "Asia:Bangkok"{
            ec{"Bangkok"}
        }
        "Asia:Barnaul"{
            ec{"Barnaul"}
        }
        "Asia:Beirut"{
            ec{"Bejrút"}
        }
        "Asia:Bishkek"{
            ec{"Biškek"}
        }
        "Asia:Brunei"{
            ec{"Brunej"}
        }
        "Asia:Calcutta"{
            ec{"Kalkata"}
        }
        "Asia:Chita"{
            ec{"Čita"}
        }
        "Asia:Choibalsan"{
            ec{"Čojbalsan"}
        }
        "Asia:Colombo"{
            ec{"Kolombo"}
        }
        "Asia:Damascus"{
            ec{"Damašek"}
        }
        "Asia:Dhaka"{
            ec{"Dháka"}
        }
        "Asia:Dili"{
            ec{"Dili"}
        }
        "Asia:Dubai"{
            ec{"Dubaj"}
        }
        "Asia:Dushanbe"{
            ec{"Dušanbe"}
        }
        "Asia:Famagusta"{
            ec{"Famagusta"}
        }
        "Asia:Gaza"{
            ec{"Gaza"}
        }
        "Asia:Hebron"{
            ec{"Hebron"}
        }
        "Asia:Hong_Kong"{
            ec{"Hongkong"}
        }
        "Asia:Hovd"{
            ec{"Hovd"}
        }
        "Asia:Irkutsk"{
            ec{"Irkutsk"}
        }
        "Asia:Jakarta"{
            ec{"Jakarta"}
        }
        "Asia:Jayapura"{
            ec{"Jayapura"}
        }
        "Asia:Jerusalem"{
            ec{"Jeruzalém"}
        }
        "Asia:Kabul"{
            ec{"Kábul"}
        }
        "Asia:Kamchatka"{
            ec{"Kamčatka"}
        }
        "Asia:Karachi"{
            ec{"Karáčí"}
        }
        "Asia:Katmandu"{
            ec{"Káthmándú"}
        }
        "Asia:Khandyga"{
            ec{"Chandyga"}
        }
        "Asia:Krasnoyarsk"{
            ec{"Krasnojarsk"}
        }
        "Asia:Kuala_Lumpur"{
            ec{"Kuala Lumpur"}
        }
        "Asia:Kuching"{
            ec{"Kučing"}
        }
        "Asia:Kuwait"{
            ec{"Kuvajt"}
        }
        "Asia:Macau"{
            ec{"Macao"}
        }
        "Asia:Magadan"{
            ec{"Magadan"}
        }
        "Asia:Makassar"{
            ec{"Makassar"}
        }
        "Asia:Manila"{
            ec{"Manila"}
        }
        "Asia:Muscat"{
            ec{"Maskat"}
        }
        "Asia:Nicosia"{
            ec{"Nikósie"}
        }
        "Asia:Novokuznetsk"{
            ec{"Novokuzněck"}
        }
        "Asia:Novosibirsk"{
            ec{"Novosibirsk"}
        }
        "Asia:Omsk"{
            ec{"Omsk"}
        }
        "Asia:Oral"{
            ec{"Uralsk"}
        }
        "Asia:Phnom_Penh"{
            ec{"Phnompenh"}
        }
        "Asia:Pontianak"{
            ec{"Pontianak"}
        }
        "Asia:Pyongyang"{
            ec{"Pchjongjang"}
        }
        "Asia:Qatar"{
            ec{"Katar"}
        }
        "Asia:Qostanay"{
            ec{"Kostanaj"}
        }
        "Asia:Qyzylorda"{
            ec{"Kyzylorda"}
        }
        "Asia:Rangoon"{
            ec{"Rangún"}
        }
        "Asia:Riyadh"{
            ec{"Rijád"}
        }
        "Asia:Saigon"{
            ec{"Ho Či Minovo město"}
        }
        "Asia:Sakhalin"{
            ec{"Sachalin"}
        }
        "Asia:Samarkand"{
            ec{"Samarkand"}
        }
        "Asia:Seoul"{
            ec{"Soul"}
        }
        "Asia:Shanghai"{
            ec{"Šanghaj"}
        }
        "Asia:Singapore"{
            ec{"Singapur"}
        }
        "Asia:Srednekolymsk"{
            ec{"Sredněkolymsk"}
        }
        "Asia:Taipei"{
            ec{"Tchaj-pej"}
        }
        "Asia:Tashkent"{
            ec{"Taškent"}
        }
        "Asia:Tbilisi"{
            ec{"Tbilisi"}
        }
        "Asia:Tehran"{
            ec{"Teherán"}
        }
        "Asia:Thimphu"{
            ec{"Thimbú"}
        }
        "Asia:Tokyo"{
            ec{"Tokio"}
        }
        "Asia:Tomsk"{
            ec{"Tomsk"}
        }
        "Asia:Ulaanbaatar"{
            ec{"Ulánbátar"}
        }
        "Asia:Urumqi"{
            ec{"Urumči"}
        }
        "Asia:Ust-Nera"{
            ec{"Ust-Nera"}
        }
        "Asia:Vientiane"{
            ec{"Vientiane"}
        }
        "Asia:Vladivostok"{
            ec{"Vladivostok"}
        }
        "Asia:Yakutsk"{
            ec{"Jakutsk"}
        }
        "Asia:Yekaterinburg"{
            ec{"Jekatěrinburg"}
        }
        "Asia:Yerevan"{
            ec{"Jerevan"}
        }
        "Atlantic:Azores"{
            ec{"Azorské ostrovy"}
        }
        "Atlantic:Bermuda"{
            ec{"Bermudy"}
        }
        "Atlantic:Canary"{
            ec{"Kanárské ostrovy"}
        }
        "Atlantic:Cape_Verde"{
            ec{"Kapverdy"}
        }
        "Atlantic:Faeroe"{
            ec{"Faerské ostrovy"}
        }
        "Atlantic:Madeira"{
            ec{"Madeira"}
        }
        "Atlantic:Reykjavik"{
            ec{"Reykjavík"}
        }
        "Atlantic:South_Georgia"{
            ec{"Jižní Georgie"}
        }
        "Atlantic:St_Helena"{
            ec{"Svatá Helena"}
        }
        "Atlantic:Stanley"{
            ec{"Stanley"}
        }
        "Australia:Adelaide"{
            ec{"Adelaide"}
        }
        "Australia:Brisbane"{
            ec{"Brisbane"}
        }
        "Australia:Broken_Hill"{
            ec{"Broken Hill"}
        }
        "Australia:Currie"{
            ec{"Currie"}
        }
        "Australia:Darwin"{
            ec{"Darwin"}
        }
        "Australia:Eucla"{
            ec{"Eucla"}
        }
        "Australia:Hobart"{
            ec{"Hobart"}
        }
        "Australia:Lindeman"{
            ec{"Lindeman"}
        }
        "Australia:Lord_Howe"{
            ec{"Lord Howe"}
        }
        "Australia:Melbourne"{
            ec{"Melbourne"}
        }
        "Australia:Perth"{
            ec{"Perth"}
        }
        "Australia:Sydney"{
            ec{"Sydney"}
        }
        "Etc:UTC"{
            ls{"Koordinovaný světový čas"}
            ss{"UTC"}
        }
        "Etc:Unknown"{
            ec{"neznámé město"}
        }
        "Europe:Amsterdam"{
            ec{"Amsterdam"}
        }
        "Europe:Andorra"{
            ec{"Andorra"}
        }
        "Europe:Astrakhan"{
            ec{"Astrachaň"}
        }
        "Europe:Athens"{
            ec{"Athény"}
        }
        "Europe:Belgrade"{
            ec{"Bělehrad"}
        }
        "Europe:Berlin"{
            ec{"Berlín"}
        }
        "Europe:Bratislava"{
            ec{"Bratislava"}
        }
        "Europe:Brussels"{
            ec{"Brusel"}
        }
        "Europe:Bucharest"{
            ec{"Bukurešť"}
        }
        "Europe:Budapest"{
            ec{"Budapešť"}
        }
        "Europe:Busingen"{
            ec{"Busingen"}
        }
        "Europe:Chisinau"{
            ec{"Kišiněv"}
        }
        "Europe:Copenhagen"{
            ec{"Kodaň"}
        }
        "Europe:Dublin"{
            ec{"Dublin"}
            ld{"Irský letní čas"}
        }
        "Europe:Gibraltar"{
            ec{"Gibraltar"}
        }
        "Europe:Guernsey"{
            ec{"Guernsey"}
        }
        "Europe:Helsinki"{
            ec{"Helsinky"}
        }
        "Europe:Isle_of_Man"{
            ec{"Ostrov Man"}
        }
        "Europe:Istanbul"{
            ec{"Istanbul"}
        }
        "Europe:Jersey"{
            ec{"Jersey"}
        }
        "Europe:Kaliningrad"{
            ec{"Kaliningrad"}
        }
        "Europe:Kiev"{
            ec{"Kyjev"}
        }
        "Europe:Kirov"{
            ec{"Kirov"}
        }
        "Europe:Lisbon"{
            ec{"Lisabon"}
        }
        "Europe:Ljubljana"{
            ec{"Lublaň"}
        }
        "Europe:London"{
            ec{"Londýn"}
            ld{"Britský letní čas"}
        }
        "Europe:Luxembourg"{
            ec{"Lucemburk"}
        }
        "Europe:Madrid"{
            ec{"Madrid"}
        }
        "Europe:Malta"{
            ec{"Malta"}
        }
        "Europe:Mariehamn"{
            ec{"Mariehamn"}
        }
        "Europe:Minsk"{
            ec{"Minsk"}
        }
        "Europe:Monaco"{
            ec{"Monako"}
        }
        "Europe:Moscow"{
            ec{"Moskva"}
        }
        "Europe:Oslo"{
            ec{"Oslo"}
        }
        "Europe:Paris"{
            ec{"Paříž"}
        }
        "Europe:Podgorica"{
            ec{"Podgorica"}
        }
        "Europe:Prague"{
            ec{"Praha"}
        }
        "Europe:Riga"{
            ec{"Riga"}
        }
        "Europe:Rome"{
            ec{"Řím"}
        }
        "Europe:Samara"{
            ec{"Samara"}
        }
        "Europe:San_Marino"{
            ec{"San Marino"}
        }
        "Europe:Sarajevo"{
            ec{"Sarajevo"}
        }
        "Europe:Saratov"{
            ec{"Saratov"}
        }
        "Europe:Simferopol"{
            ec{"Simferopol"}
        }
        "Europe:Skopje"{
            ec{"Skopje"}
        }
        "Europe:Sofia"{
            ec{"Sofie"}
        }
        "Europe:Stockholm"{
            ec{"Stockholm"}
        }
        "Europe:Tallinn"{
            ec{"Tallinn"}
        }
        "Europe:Tirane"{
            ec{"Tirana"}
        }
        "Europe:Ulyanovsk"{
            ec{"Uljanovsk"}
        }
        "Europe:Uzhgorod"{
            ec{"Užhorod"}
        }
        "Europe:Vaduz"{
            ec{"Vaduz"}
        }
        "Europe:Vatican"{
            ec{"Vatikán"}
        }
        "Europe:Vienna"{
            ec{"Vídeň"}
        }
        "Europe:Vilnius"{
            ec{"Vilnius"}
        }
        "Europe:Volgograd"{
            ec{"Volgograd"}
        }
        "Europe:Warsaw"{
            ec{"Varšava"}
        }
        "Europe:Zagreb"{
            ec{"Záhřeb"}
        }
        "Europe:Zaporozhye"{
            ec{"Záporoží"}
        }
        "Europe:Zurich"{
            ec{"Curych"}
        }
        "Indian:Antananarivo"{
            ec{"Antananarivo"}
        }
        "Indian:Chagos"{
            ec{"Chagos"}
        }
        "Indian:Christmas"{
            ec{"Vánoční ostrov"}
        }
        "Indian:Cocos"{
            ec{"Kokosové ostrovy"}
        }
        "Indian:Comoro"{
            ec{"Komory"}
        }
        "Indian:Kerguelen"{
            ec{"Kerguelenovy ostrovy"}
        }
        "Indian:Mahe"{
            ec{"Mahé"}
        }
        "Indian:Maldives"{
            ec{"Maledivy"}
        }
        "Indian:Mauritius"{
            ec{"Mauricius"}
        }
        "Indian:Mayotte"{
            ec{"Mayotte"}
        }
        "Indian:Reunion"{
            ec{"Réunion"}
        }
        "Pacific:Apia"{
            ec{"Apia"}
        }
        "Pacific:Auckland"{
            ec{"Auckland"}
        }
        "Pacific:Bougainville"{
            ec{"Bougainville"}
        }
        "Pacific:Chatham"{
            ec{"Chathamské ostrovy"}
        }
        "Pacific:Easter"{
            ec{"Velikonoční ostrov"}
        }
        "Pacific:Efate"{
            ec{"Éfaté"}
        }
        "Pacific:Enderbury"{
            ec{"Enderbury"}
        }
        "Pacific:Fakaofo"{
            ec{"Fakaofo"}
        }
        "Pacific:Fiji"{
            ec{"Fidži"}
        }
        "Pacific:Funafuti"{
            ec{"Funafuti"}
        }
        "Pacific:Galapagos"{
            ec{"Galapágy"}
        }
        "Pacific:Gambier"{
            ec{"Gambierovy ostrovy"}
        }
        "Pacific:Guadalcanal"{
            ec{"Guadalcanal"}
        }
        "Pacific:Guam"{
            ec{"Guam"}
        }
        "Pacific:Honolulu"{
            ec{"Honolulu"}
            sd{"HDT"}
            sg{"HST"}
            ss{"HST"}
        }
        "Pacific:Johnston"{
            ec{"Johnston"}
        }
        "Pacific:Kiritimati"{
            ec{"Kiritimati"}
        }
        "Pacific:Kosrae"{
            ec{"Kosrae"}
        }
        "Pacific:Kwajalein"{
            ec{"Kwajalein"}
        }
        "Pacific:Majuro"{
            ec{"Majuro"}
        }
        "Pacific:Marquesas"{
            ec{"Markézy"}
        }
        "Pacific:Midway"{
            ec{"Midway"}
        }
        "Pacific:Nauru"{
            ec{"Nauru"}
        }
        "Pacific:Niue"{
            ec{"Niue"}
        }
        "Pacific:Norfolk"{
            ec{"Norfolk"}
        }
        "Pacific:Noumea"{
            ec{"Nouméa"}
        }
        "Pacific:Pago_Pago"{
            ec{"Pago Pago"}
        }
        "Pacific:Palau"{
            ec{"Palau"}
        }
        "Pacific:Pitcairn"{
            ec{"Pitcairnovy ostrovy"}
        }
        "Pacific:Ponape"{
            ec{"Pohnpei"}
        }
        "Pacific:Port_Moresby"{
            ec{"Port Moresby"}
        }
        "Pacific:Rarotonga"{
            ec{"Rarotonga"}
        }
        "Pacific:Saipan"{
            ec{"Saipan"}
        }
        "Pacific:Tahiti"{
            ec{"Tahiti"}
        }
        "Pacific:Tarawa"{
            ec{"Tarawa"}
        }
        "Pacific:Tongatapu"{
            ec{"Tongatapu"}
        }
        "Pacific:Truk"{
            ec{"Chuukské ostrovy"}
        }
        "Pacific:Wake"{
            ec{"Wake"}
        }
        "Pacific:Wallis"{
            ec{"Wallis"}
        }
        "meta:Acre"{
            ld{"Acrejský letní čas"}
            lg{"Acrejský čas"}
            ls{"Acrejský standardní čas"}
        }
        "meta:Afghanistan"{
            ls{"Afghánský čas"}
        }
        "meta:Africa_Central"{
            ls{"Středoafrický čas"}
        }
        "meta:Africa_Eastern"{
            ls{"Východoafrický čas"}
        }
        "meta:Africa_Southern"{
            ls{"Jihoafrický čas"}
        }
        "meta:Africa_Western"{
            ld{"Západoafrický letní čas"}
            lg{"Západoafrický čas"}
            ls{"Západoafrický standardní čas"}
        }
        "meta:Alaska"{
            ld{"Aljašský letní čas"}
            lg{"Aljašský čas"}
            ls{"Aljašský standardní čas"}
            sd{"AKDT"}
            sg{"AKT"}
            ss{"AKST"}
        }
        "meta:Almaty"{
            ld{"Almatský letní čas"}
            lg{"Almatský čas"}
            ls{"Almatský standardní čas"}
        }
        "meta:Amazon"{
            ld{"Amazonský letní čas"}
            lg{"Amazonský čas"}
            ls{"Amazonský standardní čas"}
        }
        "meta:America_Central"{
            ld{"Severoamerický centrální letní čas"}
            lg{"Severoamerický centrální čas"}
            ls{"Severoamerický centrální standardní čas"}
            sd{"CDT"}
            sg{"CT"}
            ss{"CST"}
        }
        "meta:America_Eastern"{
            ld{"Severoamerický východní letní čas"}
            lg{"Severoamerický východní čas"}
            ls{"Severoamerický východní standardní čas"}
            sd{"EDT"}
            sg{"ET"}
            ss{"EST"}
        }
        "meta:America_Mountain"{
            ld{"Severoamerický horský letní čas"}
            lg{"Severoamerický horský čas"}
            ls{"Severoamerický horský standardní čas"}
            sd{"MDT"}
            sg{"MT"}
            ss{"MST"}
        }
        "meta:America_Pacific"{
            ld{"Severoamerický pacifický letní čas"}
            lg{"Severoamerický pacifický čas"}
            ls{"Severoamerický pacifický standardní čas"}
            sd{"PDT"}
            sg{"PT"}
            ss{"PST"}
        }
        "meta:Anadyr"{
            ld{"Anadyrský letní čas"}
            lg{"Anadyrský čas"}
            ls{"Anadyrský standardní čas"}
        }
        "meta:Apia"{
            ld{"Apijský letní čas"}
            lg{"Apijský čas"}
            ls{"Apijský standardní čas"}
        }
        "meta:Aqtau"{
            ld{"Aktauský letní čas"}
            lg{"Aktauský čas"}
            ls{"Aktauský standardní čas"}
        }
        "meta:Aqtobe"{
            ld{"Aktobský letní čas"}
            lg{"Aktobský čas"}
            ls{"Aktobský standardní čas"}
        }
        "meta:Arabian"{
            ld{"Arabský letní čas"}
            lg{"Arabský čas"}
            ls{"Arabský standardní čas"}
        }
        "meta:Argentina"{
            ld{"Argentinský letní čas"}
            lg{"Argentinský čas"}
            ls{"Argentinský standardní čas"}
        }
        "meta:Argentina_Western"{
            ld{"Západoargentinský letní čas"}
            lg{"Západoargentinský čas"}
            ls{"Západoargentinský standardní čas"}
        }
        "meta:Armenia"{
            ld{"Arménský letní čas"}
            lg{"Arménský čas"}
            ls{"Arménský standardní čas"}
        }
        "meta:Atlantic"{
            ld{"Atlantický letní čas"}
            lg{"Atlantický čas"}
            ls{"Atlantický standardní čas"}
            sd{"ADT"}
            sg{"AT"}
            ss{"AST"}
        }
        "meta:Australia_Central"{
            ld{"Středoaustralský letní čas"}
            lg{"Středoaustralský čas"}
            ls{"Středoaustralský standardní čas"}
        }
        "meta:Australia_CentralWestern"{
            ld{"Středozápadní australský letní čas"}
            lg{"Středozápadní australský čas"}
            ls{"Středozápadní australský standardní čas"}
        }
        "meta:Australia_Eastern"{
            ld{"Východoaustralský letní čas"}
            lg{"Východoaustralský čas"}
            ls{"Východoaustralský standardní čas"}
        }
        "meta:Australia_Western"{
            ld{"Západoaustralský letní čas"}
            lg{"Západoaustralský čas"}
            ls{"Západoaustralský standardní čas"}
        }
        "meta:Azerbaijan"{
            ld{"Ázerbájdžánský letní čas"}
            lg{"Ázerbájdžánský čas"}
            ls{"Ázerbájdžánský standardní čas"}
        }
        "meta:Azores"{
            ld{"Azorský letní čas"}
            lg{"Azorský čas"}
            ls{"Azorský standardní čas"}
        }
        "meta:Bangladesh"{
            ld{"Bangladéšský letní čas"}
            lg{"Bangladéšský čas"}
            ls{"Bangladéšský standardní čas"}
        }
        "meta:Bhutan"{
            ls{"Bhútánský čas"}
        }
        "meta:Bolivia"{
            ls{"Bolivijský čas"}
        }
        "meta:Brasilia"{
            ld{"Brasilijský letní čas"}
            lg{"Brasilijský čas"}
            ls{"Brasilijský standardní čas"}
        }
        "meta:Brunei"{
            ls{"Brunejský čas"}
        }
        "meta:Cape_Verde"{
            ld{"Kapverdský letní čas"}
            lg{"Kapverdský čas"}
            ls{"Kapverdský standardní čas"}
        }
        "meta:Casey"{
            ls{"Čas Caseyho stanice"}
        }
        "meta:Chamorro"{
            ls{"Chamorrský čas"}
        }
        "meta:Chatham"{
            ld{"Chathamský letní čas"}
            lg{"Chathamský čas"}
            ls{"Chathamský standardní čas"}
        }
        "meta:Chile"{
            ld{"Chilský letní čas"}
            lg{"Chilský čas"}
            ls{"Chilský standardní čas"}
        }
        "meta:China"{
            ld{"Čínský letní čas"}
            lg{"Čínský čas"}
            ls{"Čínský standardní čas"}
        }
        "meta:Choibalsan"{
            ld{"Čojbalsanský letní čas"}
            lg{"Čojbalsanský čas"}
            ls{"Čojbalsanský standardní čas"}
        }
        "meta:Christmas"{
            ls{"Čas Vánočního ostrova"}
        }
        "meta:Cocos"{
            ls{"Čas Kokosových ostrovů"}
        }
        "meta:Colombia"{
            ld{"Kolumbijský letní čas"}
            lg{"Kolumbijský čas"}
            ls{"Kolumbijský standardní čas"}
        }
        "meta:Cook"{
            ld{"Letní čas Cookových ostrovů"}
            lg{"Čas Cookových ostrovů"}
            ls{"Standardní čas Cookových ostrovů"}
        }
        "meta:Cuba"{
            ld{"Kubánský letní čas"}
            lg{"Kubánský čas"}
            ls{"Kubánský standardní čas"}
        }
        "meta:Davis"{
            ls{"Čas Davisovy stanice"}
        }
        "meta:DumontDUrville"{
            ls{"Čas stanice Dumonta d’Urvilla"}
        }
        "meta:East_Timor"{
            ls{"Východotimorský čas"}
        }
        "meta:Easter"{
            ld{"Letní čas Velikonočního ostrova"}
            lg{"Čas Velikonočního ostrova"}
            ls{"Standardní čas Velikonočního ostrova"}
        }
        "meta:Ecuador"{
            ls{"Ekvádorský čas"}
        }
        "meta:Europe_Central"{
            ld{"Středoevropský letní čas"}
            lg{"Středoevropský čas"}
            ls{"Středoevropský standardní čas"}
            sd{"SELČ"}
            sg{"SEČ"}
            ss{"SEČ"}
        }
        "meta:Europe_Eastern"{
            ld{"Východoevropský letní čas"}
            lg{"Východoevropský čas"}
            ls{"Východoevropský standardní čas"}
        }
        "meta:Europe_Further_Eastern"{
            ls{"Dálněvýchodoevropský čas"}
        }
        "meta:Europe_Western"{
            ld{"Západoevropský letní čas"}
            lg{"Západoevropský čas"}
            ls{"Západoevropský standardní čas"}
        }
        "meta:Falkland"{
            ld{"Falklandský letní čas"}
            lg{"Falklandský čas"}
            ls{"Falklandský standardní čas"}
        }
        "meta:Fiji"{
            ld{"Fidžijský letní čas"}
            lg{"Fidžijský čas"}
            ls{"Fidžijský standardní čas"}
        }
        "meta:French_Guiana"{
            ls{"Francouzskoguyanský čas"}
        }
        "meta:French_Southern"{
            ls{"Čas Francouzských jižních a antarktických území"}
        }
        "meta:GMT"{
            ls{"Greenwichský střední čas"}
        }
        "meta:Galapagos"{
            ls{"Galapážský čas"}
        }
        "meta:Gambier"{
            ls{"Gambierský čas"}
        }
        "meta:Georgia"{
            ld{"Gruzínský letní čas"}
            lg{"Gruzínský čas"}
            ls{"Gruzínský standardní čas"}
        }
        "meta:Gilbert_Islands"{
            ls{"Čas Gilbertových ostrovů"}
        }
        "meta:Greenland_Eastern"{
            ld{"Východogrónský letní čas"}
            lg{"Východogrónský čas"}
            ls{"Východogrónský standardní čas"}
        }
        "meta:Greenland_Western"{
            ld{"Západogrónský letní čas"}
            lg{"Západogrónský čas"}
            ls{"Západogrónský standardní čas"}
        }
        "meta:Guam"{
            ls{"Guamský čas"}
        }
        "meta:Gulf"{
            ls{"Standardní čas Perského zálivu"}
        }
        "meta:Guyana"{
            ls{"Guyanský čas"}
        }
        "meta:Hawaii_Aleutian"{
            ld{"Havajsko-aleutský letní čas"}
            lg{"Havajsko-aleutský čas"}
            ls{"Havajsko-aleutský standardní čas"}
        }
        "meta:Hong_Kong"{
            ld{"Hongkongský letní čas"}
            lg{"Hongkongský čas"}
            ls{"Hongkongský standardní čas"}
        }
        "meta:Hovd"{
            ld{"Hovdský letní čas"}
            lg{"Hovdský čas"}
            ls{"Hovdský standardní čas"}
        }
        "meta:India"{
            ls{"Indický čas"}
        }
        "meta:Indian_Ocean"{
            ls{"Indickooceánský čas"}
        }
        "meta:Indochina"{
            ls{"Indočínský čas"}
        }
        "meta:Indonesia_Central"{
            ls{"Středoindonéský čas"}
        }
        "meta:Indonesia_Eastern"{
            ls{"Východoindonéský čas"}
        }
        "meta:Indonesia_Western"{
            ls{"Západoindonéský čas"}
        }
        "meta:Iran"{
            ld{"Íránský letní čas"}
            lg{"Íránský čas"}
            ls{"Íránský standardní čas"}
        }
        "meta:Irkutsk"{
            ld{"Irkutský letní čas"}
            lg{"Irkutský čas"}
            ls{"Irkutský standardní čas"}
        }
        "meta:Israel"{
            ld{"Izraelský letní čas"}
            lg{"Izraelský čas"}
            ls{"Izraelský standardní čas"}
        }
        "meta:Japan"{
            ld{"Japonský letní čas"}
            lg{"Japonský čas"}
            ls{"Japonský standardní čas"}
        }
        "meta:Kamchatka"{
            ld{"Petropavlovsko-kamčatský letní čas"}
            lg{"Petropavlovsko-kamčatský čas"}
            ls{"Petropavlovsko-kamčatský standardní čas"}
        }
        "meta:Kazakhstan_Eastern"{
            ls{"Východokazachstánský čas"}
        }
        "meta:Kazakhstan_Western"{
            ls{"Západokazachstánský čas"}
        }
        "meta:Korea"{
            ld{"Korejský letní čas"}
            lg{"Korejský čas"}
            ls{"Korejský standardní čas"}
        }
        "meta:Kosrae"{
            ls{"Kosrajský čas"}
        }
        "meta:Krasnoyarsk"{
            ld{"Krasnojarský letní čas"}
            lg{"Krasnojarský čas"}
            ls{"Krasnojarský standardní čas"}
        }
        "meta:Kyrgystan"{
            ls{"Kyrgyzský čas"}
        }
        "meta:Lanka"{
            ls{"Srílanský čas"}
        }
        "meta:Line_Islands"{
            ls{"Čas Rovníkových ostrovů"}
        }
        "meta:Lord_Howe"{
            ld{"Letní čas ostrova lorda Howa"}
            lg{"Čas ostrova lorda Howa"}
            ls{"Standardní čas ostrova lorda Howa"}
        }
        "meta:Macau"{
            ld{"Macajský letní čas"}
            lg{"Macajský čas"}
            ls{"Macajský standardní čas"}
        }
        "meta:Macquarie"{
            ls{"Čas ostrova Macquarie"}
        }
        "meta:Magadan"{
            ld{"Magadanský letní čas"}
            lg{"Magadanský čas"}
            ls{"Magadanský standardní čas"}
        }
        "meta:Malaysia"{
            ls{"Malajský čas"}
        }
        "meta:Maldives"{
            ls{"Maledivský čas"}
        }
        "meta:Marquesas"{
            ls{"Markézský čas"}
        }
        "meta:Marshall_Islands"{
            ls{"Čas Marshallových ostrovů"}
        }
        "meta:Mauritius"{
            ld{"Mauricijský letní čas"}
            lg{"Mauricijský čas"}
            ls{"Mauricijský standardní čas"}
        }
        "meta:Mawson"{
            ls{"Čas Mawsonovy stanice"}
        }
        "meta:Mexico_Northwest"{
            ld{"Severozápadní mexický letní čas"}
            lg{"Severozápadní mexický čas"}
            ls{"Severozápadní mexický standardní čas"}
        }
        "meta:Mexico_Pacific"{
            ld{"Mexický pacifický letní čas"}
            lg{"Mexický pacifický čas"}
            ls{"Mexický pacifický standardní čas"}
        }
        "meta:Mongolia"{
            ld{"Ulánbátarský letní čas"}
            lg{"Ulánbátarský čas"}
            ls{"Ulánbátarský standardní čas"}
        }
        "meta:Moscow"{
            ld{"Moskevský letní čas"}
            lg{"Moskevský čas"}
            ls{"Moskevský standardní čas"}
        }
        "meta:Myanmar"{
            ls{"Myanmarský čas"}
        }
        "meta:Nauru"{
            ls{"Naurský čas"}
        }
        "meta:Nepal"{
            ls{"Nepálský čas"}
        }
        "meta:New_Caledonia"{
            ld{"Novokaledonský letní čas"}
            lg{"Novokaledonský čas"}
            ls{"Novokaledonský standardní čas"}
        }
        "meta:New_Zealand"{
            ld{"Novozélandský letní čas"}
            lg{"Novozélandský čas"}
            ls{"Novozélandský standardní čas"}
        }
        "meta:Newfoundland"{
            ld{"Newfoundlandský letní čas"}
            lg{"Newfoundlandský čas"}
            ls{"Newfoundlandský standardní čas"}
        }
        "meta:Niue"{
            ls{"Niuejský čas"}
        }
        "meta:Norfolk"{
            ld{"Norfolkský letní čas"}
            lg{"Norfolkský čas"}
            ls{"Norfolkský standardní čas"}
        }
        "meta:Noronha"{
            ld{"Letní čas souostroví Fernando de Noronha"}
            lg{"Čas souostroví Fernando de Noronha"}
            ls{"Standardní čas souostroví Fernando de Noronha"}
        }
        "meta:North_Mariana"{
            ls{"Severomariánský čas"}
        }
        "meta:Novosibirsk"{
            ld{"Novosibirský letní čas"}
            lg{"Novosibirský čas"}
            ls{"Novosibirský standardní čas"}
        }
        "meta:Omsk"{
            ld{"Omský letní čas"}
            lg{"Omský čas"}
            ls{"Omský standardní čas"}
        }
        "meta:Pakistan"{
            ld{"Pákistánský letní čas"}
            lg{"Pákistánský čas"}
            ls{"Pákistánský standardní čas"}
        }
        "meta:Palau"{
            ls{"Palauský čas"}
        }
        "meta:Papua_New_Guinea"{
            ls{"Čas Papuy-Nové Guiney"}
        }
        "meta:Paraguay"{
            ld{"Paraguayský letní čas"}
            lg{"Paraguayský čas"}
            ls{"Paraguayský standardní čas"}
        }
        "meta:Peru"{
            ld{"Peruánský letní čas"}
            lg{"Peruánský čas"}
            ls{"Peruánský standardní čas"}
        }
        "meta:Philippines"{
            ld{"Filipínský letní čas"}
            lg{"Filipínský čas"}
            ls{"Filipínský standardní čas"}
        }
        "meta:Phoenix_Islands"{
            ls{"Čas Fénixových ostrovů"}
        }
        "meta:Pierre_Miquelon"{
            ld{"Pierre-miquelonský letní čas"}
            lg{"Pierre-miquelonský čas"}
            ls{"Pierre-miquelonský standardní čas"}
        }
        "meta:Pitcairn"{
            ls{"Čas Pitcairnových ostrovů"}
        }
        "meta:Ponape"{
            ls{"Ponapský čas"}
        }
        "meta:Pyongyang"{
            ls{"Pchjongjangský čas"}
        }
        "meta:Qyzylorda"{
            ld{"Kyzylordský letní čas"}
            lg{"Kyzylordský čas"}
            ls{"Kyzylordský standardní čas"}
        }
        "meta:Reunion"{
            ls{"Réunionský čas"}
        }
        "meta:Rothera"{
            ls{"Čas Rotherovy stanice"}
        }
        "meta:Sakhalin"{
            ld{"Sachalinský letní čas"}
            lg{"Sachalinský čas"}
            ls{"Sachalinský standardní čas"}
        }
        "meta:Samara"{
            ld{"Samarský letní čas"}
            lg{"Samarský čas"}
            ls{"Samarský standardní čas"}
        }
        "meta:Samoa"{
            ld{"Samojský letní čas"}
            lg{"Samojský čas"}
            ls{"Samojský standardní čas"}
        }
        "meta:Seychelles"{
            ls{"Seychelský čas"}
        }
        "meta:Singapore"{
            ls{"Singapurský čas"}
        }
        "meta:Solomon"{
            ls{"Čas Šalamounových ostrovů"}
        }
        "meta:South_Georgia"{
            ls{"Čas Jižní Georgie"}
        }
        "meta:Suriname"{
            ls{"Surinamský čas"}
        }
        "meta:Syowa"{
            ls{"Čas stanice Šówa"}
        }
        "meta:Tahiti"{
            ls{"Tahitský čas"}
        }
        "meta:Taipei"{
            ld{"Tchajpejský letní čas"}
            lg{"Tchajpejský čas"}
            ls{"Tchajpejský standardní čas"}
        }
        "meta:Tajikistan"{
            ls{"Tádžický čas"}
        }
        "meta:Tokelau"{
            ls{"Tokelauský čas"}
        }
        "meta:Tonga"{
            ld{"Tonžský letní čas"}
            lg{"Tonžský čas"}
            ls{"Tonžský standardní čas"}
        }
        "meta:Truk"{
            ls{"Chuukský čas"}
        }
        "meta:Turkmenistan"{
            ld{"Turkmenský letní čas"}
            lg{"Turkmenský čas"}
            ls{"Turkmenský standardní čas"}
        }
        "meta:Tuvalu"{
            ls{"Tuvalský čas"}
        }
        "meta:Uruguay"{
            ld{"Uruguayský letní čas"}
            lg{"Uruguayský čas"}
            ls{"Uruguayský standardní čas"}
        }
        "meta:Uzbekistan"{
            ld{"Uzbecký letní čas"}
            lg{"Uzbecký čas"}
            ls{"Uzbecký standardní čas"}
        }
        "meta:Vanuatu"{
            ld{"Vanuatský letní čas"}
            lg{"Vanuatský čas"}
            ls{"Vanuatský standardní čas"}
        }
        "meta:Venezuela"{
            ls{"Venezuelský čas"}
        }
        "meta:Vladivostok"{
            ld{"Vladivostocký letní čas"}
            lg{"Vladivostocký čas"}
            ls{"Vladivostocký standardní čas"}
        }
        "meta:Volgograd"{
            ld{"Volgogradský letní čas"}
            lg{"Volgogradský čas"}
            ls{"Volgogradský standardní čas"}
        }
        "meta:Vostok"{
            ls{"Čas stanice Vostok"}
        }
        "meta:Wake"{
            ls{"Čas ostrova Wake"}
        }
        "meta:Wallis"{
            ls{"Čas ostrovů Wallis a Futuna"}
        }
        "meta:Yakutsk"{
            ld{"Jakutský letní čas"}
            lg{"Jakutský čas"}
            ls{"Jakutský standardní čas"}
        }
        "meta:Yekaterinburg"{
            ld{"Jekatěrinburský letní čas"}
            lg{"Jekatěrinburský čas"}
            ls{"Jekatěrinburský standardní čas"}
        }
        fallbackFormat{"{1} ({0})"}
        gmtFormat{"GMT{0}"}
        gmtZeroFormat{"GMT"}
        hourFormat{"+H:mm;-H:mm"}
        regionFormat{"Časové pásmo {0}"}
        regionFormatDaylight{"{0} (+1)"}
        regionFormatStandard{"{0} (+0)"}
    }
}
