// © 2016 and later: Unicode, Inc. and others.
// License & terms of use: http://www.unicode.org/copyright.html
// Generated using tools/cldr/cldr-to-icu/build-icu-data.xml
cy{
    zoneStrings{
        "Africa:Abidjan"{
            ec{"Abidjan"}
        }
        "Africa:Accra"{
            ec{"Accra"}
        }
        "Africa:Addis_Ababa"{
            ec{"Addis Ababa"}
        }
        "Africa:Algiers"{
            ec{"Alger"}
        }
        "Africa:Bamako"{
            ec{"Bamako"}
        }
        "Africa:Bangui"{
            ec{"Bangui"}
        }
        "Africa:Banjul"{
            ec{"Banjul"}
        }
        "Africa:Bissau"{
            ec{"Bissau"}
        }
        "Africa:Blantyre"{
            ec{"Blantyre"}
        }
        "Africa:Brazzaville"{
            ec{"Brazzaville"}
        }
        "Africa:Bujumbura"{
            ec{"Bujumbura"}
        }
        "Africa:Cairo"{
            ec{"Cairo"}
        }
        "Africa:Casablanca"{
            ec{"Casablanca"}
        }
        "Africa:Ceuta"{
            ec{"Ceuta"}
        }
        "Africa:Conakry"{
            ec{"Conakry"}
        }
        "Africa:Dakar"{
            ec{"Dakar"}
        }
        "Africa:Dar_es_Salaam"{
            ec{"Dar es Salaam"}
        }
        "Africa:Djibouti"{
            ec{"Djibouti"}
        }
        "Africa:Douala"{
            ec{"Douala"}
        }
        "Africa:El_Aaiun"{
            ec{"El Aaiun"}
        }
        "Africa:Freetown"{
            ec{"Freetown"}
        }
        "Africa:Gaborone"{
            ec{"Gaborone"}
        }
        "Africa:Harare"{
            ec{"Harare"}
        }
        "Africa:Johannesburg"{
            ec{"Johannesburg"}
        }
        "Africa:Juba"{
            ec{"Juba"}
        }
        "Africa:Kampala"{
            ec{"Kampala"}
        }
        "Africa:Khartoum"{
            ec{"Khartoum"}
        }
        "Africa:Kigali"{
            ec{"Kigali"}
        }
        "Africa:Kinshasa"{
            ec{"Kinshasa"}
        }
        "Africa:Lagos"{
            ec{"Lagos"}
        }
        "Africa:Libreville"{
            ec{"Libreville"}
        }
        "Africa:Lome"{
            ec{"Lome"}
        }
        "Africa:Luanda"{
            ec{"Luanda"}
        }
        "Africa:Lubumbashi"{
            ec{"Lubumbashi"}
        }
        "Africa:Lusaka"{
            ec{"Lusaka"}
        }
        "Africa:Malabo"{
            ec{"Malabo"}
        }
        "Africa:Maputo"{
            ec{"Maputo"}
        }
        "Africa:Maseru"{
            ec{"Maseru"}
        }
        "Africa:Mbabane"{
            ec{"Mbabane"}
        }
        "Africa:Mogadishu"{
            ec{"Mogadishu"}
        }
        "Africa:Monrovia"{
            ec{"Monrovia"}
        }
        "Africa:Nairobi"{
            ec{"Nairobi"}
        }
        "Africa:Ndjamena"{
            ec{"Ndjamena"}
        }
        "Africa:Niamey"{
            ec{"Niamey"}
        }
        "Africa:Nouakchott"{
            ec{"Nouakchott"}
        }
        "Africa:Ouagadougou"{
            ec{"Ouagadougou"}
        }
        "Africa:Porto-Novo"{
            ec{"Porto-Novo"}
        }
        "Africa:Sao_Tome"{
            ec{"São Tomé"}
        }
        "Africa:Tripoli"{
            ec{"Tripoli"}
        }
        "Africa:Tunis"{
            ec{"Tunis"}
        }
        "Africa:Windhoek"{
            ec{"Windhoek"}
        }
        "America:Adak"{
            ec{"Adak"}
        }
        "America:Anchorage"{
            ec{"Anchorage"}
        }
        "America:Anguilla"{
            ec{"Anguilla"}
        }
        "America:Antigua"{
            ec{"Antigua"}
        }
        "America:Araguaina"{
            ec{"Araguaina"}
        }
        "America:Argentina:La_Rioja"{
            ec{"La Rioja"}
        }
        "America:Argentina:Rio_Gallegos"{
            ec{"Rio Gallegos"}
        }
        "America:Argentina:Salta"{
            ec{"Salta"}
        }
        "America:Argentina:San_Juan"{
            ec{"San Juan"}
        }
        "America:Argentina:San_Luis"{
            ec{"San Luis"}
        }
        "America:Argentina:Tucuman"{
            ec{"Tucumán"}
        }
        "America:Argentina:Ushuaia"{
            ec{"Ushuaia"}
        }
        "America:Aruba"{
            ec{"Aruba"}
        }
        "America:Asuncion"{
            ec{"Asunción"}
        }
        "America:Bahia"{
            ec{"Bahia"}
        }
        "America:Bahia_Banderas"{
            ec{"Bae Banderas"}
        }
        "America:Barbados"{
            ec{"Barbados"}
        }
        "America:Belem"{
            ec{"Belém"}
        }
        "America:Belize"{
            ec{"Belize"}
        }
        "America:Blanc-Sablon"{
            ec{"Blanc-Sablon"}
        }
        "America:Boa_Vista"{
            ec{"Boa Vista"}
        }
        "America:Bogota"{
            ec{"Bogotá"}
        }
        "America:Boise"{
            ec{"Boise"}
        }
        "America:Buenos_Aires"{
            ec{"Buenos Aires"}
        }
        "America:Cambridge_Bay"{
            ec{"Bae Cambridge"}
        }
        "America:Campo_Grande"{
            ec{"Campo Grande"}
        }
        "America:Cancun"{
            ec{"Cancún"}
        }
        "America:Caracas"{
            ec{"Caracas"}
        }
        "America:Catamarca"{
            ec{"Catamarca"}
        }
        "America:Cayenne"{
            ec{"Cayenne"}
        }
        "America:Cayman"{
            ec{"Cayman"}
        }
        "America:Chicago"{
            ec{"Chicago"}
        }
        "America:Chihuahua"{
            ec{"Chihuahua"}
        }
        "America:Coral_Harbour"{
            ec{"Atikokan"}
        }
        "America:Cordoba"{
            ec{"Cordoba"}
        }
        "America:Costa_Rica"{
            ec{"Costa Rica"}
        }
        "America:Creston"{
            ec{"Creston"}
        }
        "America:Cuiaba"{
            ec{"Cuiabá"}
        }
        "America:Curacao"{
            ec{"Curaçao"}
        }
        "America:Danmarkshavn"{
            ec{"Danmarkshavn"}
        }
        "America:Dawson"{
            ec{"Dawson"}
        }
        "America:Dawson_Creek"{
            ec{"Dawson Creek"}
        }
        "America:Denver"{
            ec{"Denver"}
        }
        "America:Detroit"{
            ec{"Detroit"}
        }
        "America:Dominica"{
            ec{"Dominica"}
        }
        "America:Edmonton"{
            ec{"Edmonton"}
        }
        "America:Eirunepe"{
            ec{"Eirunepé"}
        }
        "America:El_Salvador"{
            ec{"El Salvador"}
        }
        "America:Fort_Nelson"{
            ec{"Fort Nelson"}
        }
        "America:Fortaleza"{
            ec{"Fortaleza"}
        }
        "America:Glace_Bay"{
            ec{"Glace Bay"}
        }
        "America:Godthab"{
            ec{"Nuuk"}
        }
        "America:Goose_Bay"{
            ec{"Goose Bay"}
        }
        "America:Grand_Turk"{
            ec{"Grand Turk"}
        }
        "America:Grenada"{
            ec{"Grenada"}
        }
        "America:Guadeloupe"{
            ec{"Guadeloupe"}
        }
        "America:Guatemala"{
            ec{"Guatemala"}
        }
        "America:Guayaquil"{
            ec{"Guayaquil"}
        }
        "America:Guyana"{
            ec{"Guyana"}
        }
        "America:Halifax"{
            ec{"Halifax"}
        }
        "America:Havana"{
            ec{"Havana"}
        }
        "America:Hermosillo"{
            ec{"Hermosillo"}
        }
        "America:Indiana:Knox"{
            ec{"Knox, Indiana"}
        }
        "America:Indiana:Marengo"{
            ec{"Marengo, Indiana"}
        }
        "America:Indiana:Petersburg"{
            ec{"Petersburg, Indiana"}
        }
        "America:Indiana:Tell_City"{
            ec{"Dinas Tell, Indiana"}
        }
        "America:Indiana:Vevay"{
            ec{"Vevay, Indiana"}
        }
        "America:Indiana:Vincennes"{
            ec{"Vincennes, Indiana"}
        }
        "America:Indiana:Winamac"{
            ec{"Winamac, Indiana"}
        }
        "America:Indianapolis"{
            ec{"Indianapolis"}
        }
        "America:Inuvik"{
            ec{"Inuvik"}
        }
        "America:Iqaluit"{
            ec{"Iqaluit"}
        }
        "America:Jamaica"{
            ec{"Jamaica"}
        }
        "America:Jujuy"{
            ec{"Jujuy"}
        }
        "America:Juneau"{
            ec{"Juneau"}
        }
        "America:Kentucky:Monticello"{
            ec{"Monticello, Kentucky"}
        }
        "America:Kralendijk"{
            ec{"Kralendijk"}
        }
        "America:La_Paz"{
            ec{"La Paz"}
        }
        "America:Lima"{
            ec{"Lima"}
        }
        "America:Los_Angeles"{
            ec{"Los Angeles"}
        }
        "America:Louisville"{
            ec{"Louisville"}
        }
        "America:Lower_Princes"{
            ec{"Lower Prince’s Quarter"}
        }
        "America:Maceio"{
            ec{"Maceio"}
        }
        "America:Managua"{
            ec{"Managua"}
        }
        "America:Manaus"{
            ec{"Manaus"}
        }
        "America:Marigot"{
            ec{"Marigot"}
        }
        "America:Martinique"{
            ec{"Martinique"}
        }
        "America:Matamoros"{
            ec{"Matamoros"}
        }
        "America:Mazatlan"{
            ec{"Mazatlan"}
        }
        "America:Mendoza"{
            ec{"Mendoza"}
        }
        "America:Menominee"{
            ec{"Menominee"}
        }
        "America:Merida"{
            ec{"Merida"}
        }
        "America:Metlakatla"{
            ec{"Metlakatla"}
        }
        "America:Mexico_City"{
            ec{"Dinas Mecsico"}
        }
        "America:Miquelon"{
            ec{"Miquelon"}
        }
        "America:Moncton"{
            ec{"Moncton"}
        }
        "America:Monterrey"{
            ec{"Monterrey"}
        }
        "America:Montevideo"{
            ec{"Montevideo"}
        }
        "America:Montserrat"{
            ec{"Montserrat"}
        }
        "America:Nassau"{
            ec{"Nassau"}
        }
        "America:New_York"{
            ec{"Efrog Newydd"}
        }
        "America:Nipigon"{
            ec{"Nipigon"}
        }
        "America:Nome"{
            ec{"Nome"}
        }
        "America:Noronha"{
            ec{"Noronha"}
        }
        "America:North_Dakota:Beulah"{
            ec{"Beulah, Gogledd Dakota"}
        }
        "America:North_Dakota:Center"{
            ec{"Center, Gogledd Dakota"}
        }
        "America:North_Dakota:New_Salem"{
            ec{"New Salem, Gogledd Dakota"}
        }
        "America:Ojinaga"{
            ec{"Ojinaga"}
        }
        "America:Panama"{
            ec{"Panama"}
        }
        "America:Pangnirtung"{
            ec{"Pangnirtung"}
        }
        "America:Paramaribo"{
            ec{"Paramaribo"}
        }
        "America:Phoenix"{
            ec{"Phoenix"}
        }
        "America:Port-au-Prince"{
            ec{"Port-au-Prince"}
        }
        "America:Port_of_Spain"{
            ec{"Port of Spain"}
        }
        "America:Porto_Velho"{
            ec{"Porto Velho"}
        }
        "America:Puerto_Rico"{
            ec{"Puerto Rico"}
        }
        "America:Punta_Arenas"{
            ec{"Punta Arenas"}
        }
        "America:Rainy_River"{
            ec{"Rainy River"}
        }
        "America:Rankin_Inlet"{
            ec{"Rankin Inlet"}
        }
        "America:Recife"{
            ec{"Recife"}
        }
        "America:Regina"{
            ec{"Regina"}
        }
        "America:Resolute"{
            ec{"Resolute"}
        }
        "America:Rio_Branco"{
            ec{"Rio Branco"}
        }
        "America:Santa_Isabel"{
            ec{"Santa Isabel"}
        }
        "America:Santarem"{
            ec{"Santarem"}
        }
        "America:Santiago"{
            ec{"Santiago"}
        }
        "America:Santo_Domingo"{
            ec{"Santo Domingo"}
        }
        "America:Sao_Paulo"{
            ec{"Sao Paulo"}
        }
        "America:Scoresbysund"{
            ec{"Ittoqqortoormiit"}
        }
        "America:Sitka"{
            ec{"Sitka"}
        }
        "America:St_Barthelemy"{
            ec{"St. Barthélemy"}
        }
        "America:St_Johns"{
            ec{"St. John’s"}
        }
        "America:St_Kitts"{
            ec{"St. Kitts"}
        }
        "America:St_Lucia"{
            ec{"St. Lucia"}
        }
        "America:St_Thomas"{
            ec{"St. Thomas"}
        }
        "America:St_Vincent"{
            ec{"St. Vincent"}
        }
        "America:Swift_Current"{
            ec{"Swift Current"}
        }
        "America:Tegucigalpa"{
            ec{"Tegucigalpa"}
        }
        "America:Thule"{
            ec{"Thule"}
        }
        "America:Thunder_Bay"{
            ec{"Thunder Bay"}
        }
        "America:Tijuana"{
            ec{"Tijuana"}
        }
        "America:Toronto"{
            ec{"Toronto"}
        }
        "America:Tortola"{
            ec{"Tortola"}
        }
        "America:Vancouver"{
            ec{"Vancouver"}
        }
        "America:Whitehorse"{
            ec{"Whitehorse"}
        }
        "America:Winnipeg"{
            ec{"Winnipeg"}
        }
        "America:Yakutat"{
            ec{"Yakutat"}
        }
        "America:Yellowknife"{
            ec{"Yellowknife"}
        }
        "Antarctica:Casey"{
            ec{"Casey"}
        }
        "Antarctica:Davis"{
            ec{"Davis"}
        }
        "Antarctica:DumontDUrville"{
            ec{"Dumont d’Urville"}
        }
        "Antarctica:Macquarie"{
            ec{"Macquarie"}
        }
        "Antarctica:Mawson"{
            ec{"Mawson"}
        }
        "Antarctica:McMurdo"{
            ec{"McMurdo"}
        }
        "Antarctica:Palmer"{
            ec{"Palmer"}
        }
        "Antarctica:Rothera"{
            ec{"Rothera"}
        }
        "Antarctica:Syowa"{
            ec{"Syowa"}
        }
        "Antarctica:Troll"{
            ec{"Troll"}
        }
        "Antarctica:Vostok"{
            ec{"Vostok"}
        }
        "Arctic:Longyearbyen"{
            ec{"Longyearbyen"}
        }
        "Asia:Aden"{
            ec{"Aden"}
        }
        "Asia:Almaty"{
            ec{"Almaty"}
        }
        "Asia:Amman"{
            ec{"Amman"}
        }
        "Asia:Anadyr"{
            ec{"Anadyr"}
        }
        "Asia:Aqtau"{
            ec{"Aqtau"}
        }
        "Asia:Aqtobe"{
            ec{"Aqtobe"}
        }
        "Asia:Ashgabat"{
            ec{"Ashgabat"}
        }
        "Asia:Atyrau"{
            ec{"Atyrau"}
        }
        "Asia:Baghdad"{
            ec{"Baghdad"}
        }
        "Asia:Bahrain"{
            ec{"Bahrain"}
        }
        "Asia:Baku"{
            ec{"Baku"}
        }
        "Asia:Bangkok"{
            ec{"Bangkok"}
        }
        "Asia:Barnaul"{
            ec{"Barnaul"}
        }
        "Asia:Beirut"{
            ec{"Beirut"}
        }
        "Asia:Bishkek"{
            ec{"Bishkek"}
        }
        "Asia:Brunei"{
            ec{"Brunei"}
        }
        "Asia:Calcutta"{
            ec{"Kolkata"}
        }
        "Asia:Chita"{
            ec{"Chita"}
        }
        "Asia:Choibalsan"{
            ec{"Choibalsan"}
        }
        "Asia:Colombo"{
            ec{"Colombo"}
        }
        "Asia:Damascus"{
            ec{"Damascus"}
        }
        "Asia:Dhaka"{
            ec{"Dhaka"}
        }
        "Asia:Dili"{
            ec{"Dili"}
        }
        "Asia:Dubai"{
            ec{"Dubai"}
        }
        "Asia:Dushanbe"{
            ec{"Dushanbe"}
        }
        "Asia:Famagusta"{
            ec{"Famagusta"}
        }
        "Asia:Gaza"{
            ec{"Gasa"}
        }
        "Asia:Hebron"{
            ec{"Hebron"}
        }
        "Asia:Hong_Kong"{
            ec{"Hong Kong"}
        }
        "Asia:Hovd"{
            ec{"Hovd"}
        }
        "Asia:Irkutsk"{
            ec{"Irkutsk"}
        }
        "Asia:Jakarta"{
            ec{"Jakarta"}
        }
        "Asia:Jayapura"{
            ec{"Jayapura"}
        }
        "Asia:Jerusalem"{
            ec{"Jerwsalem"}
        }
        "Asia:Kabul"{
            ec{"Kabul"}
        }
        "Asia:Kamchatka"{
            ec{"Kamchatka"}
        }
        "Asia:Karachi"{
            ec{"Karachi"}
        }
        "Asia:Katmandu"{
            ec{"Kathmandu"}
        }
        "Asia:Khandyga"{
            ec{"Khandyga"}
        }
        "Asia:Krasnoyarsk"{
            ec{"Krasnoyarsk"}
        }
        "Asia:Kuala_Lumpur"{
            ec{"Kuala Lumpur"}
        }
        "Asia:Kuching"{
            ec{"Kuching"}
        }
        "Asia:Kuwait"{
            ec{"Kuwait"}
        }
        "Asia:Macau"{
            ec{"Macau"}
        }
        "Asia:Magadan"{
            ec{"Magadan"}
        }
        "Asia:Makassar"{
            ec{"Makassar"}
        }
        "Asia:Manila"{
            ec{"Manila"}
        }
        "Asia:Muscat"{
            ec{"Muscat"}
        }
        "Asia:Nicosia"{
            ec{"Nicosia"}
        }
        "Asia:Novokuznetsk"{
            ec{"Novokuznetsk"}
        }
        "Asia:Novosibirsk"{
            ec{"Novosibirsk"}
        }
        "Asia:Omsk"{
            ec{"Omsk"}
        }
        "Asia:Oral"{
            ec{"Oral"}
        }
        "Asia:Phnom_Penh"{
            ec{"Phnom Penh"}
        }
        "Asia:Pontianak"{
            ec{"Pontianak"}
        }
        "Asia:Pyongyang"{
            ec{"Pyongyang"}
        }
        "Asia:Qatar"{
            ec{"Qatar"}
        }
        "Asia:Qostanay"{
            ec{"Kostanay"}
        }
        "Asia:Qyzylorda"{
            ec{"Qyzylorda"}
        }
        "Asia:Rangoon"{
            ec{"Yangon"}
        }
        "Asia:Riyadh"{
            ec{"Riyadh"}
        }
        "Asia:Saigon"{
            ec{"Dinas Hô Chi Minh"}
        }
        "Asia:Sakhalin"{
            ec{"Sakhalin"}
        }
        "Asia:Samarkand"{
            ec{"Samarkand"}
        }
        "Asia:Seoul"{
            ec{"Seoul"}
        }
        "Asia:Shanghai"{
            ec{"Shanghai"}
        }
        "Asia:Singapore"{
            ec{"Singapore"}
        }
        "Asia:Srednekolymsk"{
            ec{"Srednekolymsk"}
        }
        "Asia:Taipei"{
            ec{"Taipei"}
        }
        "Asia:Tashkent"{
            ec{"Tashkent"}
        }
        "Asia:Tbilisi"{
            ec{"Tiflis"}
        }
        "Asia:Tehran"{
            ec{"Tehran"}
        }
        "Asia:Thimphu"{
            ec{"Thimphu"}
        }
        "Asia:Tokyo"{
            ec{"Tokyo"}
        }
        "Asia:Tomsk"{
            ec{"Tomsk"}
        }
        "Asia:Ulaanbaatar"{
            ec{"Ulan Bator"}
        }
        "Asia:Urumqi"{
            ec{"Urumqi"}
        }
        "Asia:Ust-Nera"{
            ec{"Ust-Nera"}
        }
        "Asia:Vientiane"{
            ec{"Vientiane"}
        }
        "Asia:Vladivostok"{
            ec{"Vladivostok"}
        }
        "Asia:Yakutsk"{
            ec{"Yakutsk"}
        }
        "Asia:Yekaterinburg"{
            ec{"Yekaterinburg"}
        }
        "Asia:Yerevan"{
            ec{"Yerevan"}
        }
        "Atlantic:Azores"{
            ec{"Azores"}
        }
        "Atlantic:Bermuda"{
            ec{"Bermuda"}
        }
        "Atlantic:Canary"{
            ec{"Yr Ynysoedd Dedwydd"}
        }
        "Atlantic:Faeroe"{
            ec{"Ffaro"}
        }
        "Atlantic:Madeira"{
            ec{"Madeira"}
        }
        "Atlantic:Reykjavik"{
            ec{"Reykjavík"}
        }
        "Atlantic:South_Georgia"{
            ec{"De Georgia"}
        }
        "Atlantic:St_Helena"{
            ec{"St. Helena"}
        }
        "Atlantic:Stanley"{
            ec{"Stanley"}
        }
        "Australia:Adelaide"{
            ec{"Adelaide"}
        }
        "Australia:Brisbane"{
            ec{"Brisbane"}
        }
        "Australia:Broken_Hill"{
            ec{"Broken Hill"}
        }
        "Australia:Currie"{
            ec{"Currie"}
        }
        "Australia:Darwin"{
            ec{"Darwin"}
        }
        "Australia:Eucla"{
            ec{"Eucla"}
        }
        "Australia:Hobart"{
            ec{"Hobart"}
        }
        "Australia:Lindeman"{
            ec{"Lindeman"}
        }
        "Australia:Lord_Howe"{
            ec{"Lord Howe"}
        }
        "Australia:Melbourne"{
            ec{"Melbourne"}
        }
        "Australia:Perth"{
            ec{"Perth"}
        }
        "Australia:Sydney"{
            ec{"Sydney"}
        }
        "Etc:UTC"{
            ls{"Amser Cyffredniol Cydlynol"}
        }
        "Etc:Unknown"{
            ec{"Dinas Anhysbys"}
        }
        "Europe:Amsterdam"{
            ec{"Amsterdam"}
        }
        "Europe:Andorra"{
            ec{"Andorra"}
        }
        "Europe:Astrakhan"{
            ec{"Astrakhan"}
        }
        "Europe:Athens"{
            ec{"Athens"}
        }
        "Europe:Belgrade"{
            ec{"Belgrade"}
        }
        "Europe:Berlin"{
            ec{"Berlin"}
        }
        "Europe:Bratislava"{
            ec{"Bratislava"}
        }
        "Europe:Brussels"{
            ec{"Brwsel"}
        }
        "Europe:Bucharest"{
            ec{"Bwcarést"}
        }
        "Europe:Budapest"{
            ec{"Budapest"}
        }
        "Europe:Busingen"{
            ec{"Busingen"}
        }
        "Europe:Chisinau"{
            ec{"Chisinau"}
        }
        "Europe:Copenhagen"{
            ec{"Copenhagen"}
        }
        "Europe:Dublin"{
            ec{"Dulyn"}
            ld{"Amser Safonol Iwerddon"}
        }
        "Europe:Gibraltar"{
            ec{"Gibraltar"}
        }
        "Europe:Guernsey"{
            ec{"Ynys y Garn"}
        }
        "Europe:Helsinki"{
            ec{"Helsinki"}
        }
        "Europe:Isle_of_Man"{
            ec{"Ynys Manaw"}
        }
        "Europe:Istanbul"{
            ec{"Caergystennin"}
        }
        "Europe:Jersey"{
            ec{"Jersey"}
        }
        "Europe:Kaliningrad"{
            ec{"Kaliningrad"}
        }
        "Europe:Kiev"{
            ec{"Kiev"}
        }
        "Europe:Kirov"{
            ec{"Kirov"}
        }
        "Europe:Lisbon"{
            ec{"Lisbon"}
        }
        "Europe:Ljubljana"{
            ec{"Ljubljana"}
        }
        "Europe:London"{
            ec{"Llundain"}
            ld{"Amser Haf Prydain"}
        }
        "Europe:Luxembourg"{
            ec{"Lwcsembwrg"}
        }
        "Europe:Madrid"{
            ec{"Madrid"}
        }
        "Europe:Malta"{
            ec{"Malta"}
        }
        "Europe:Mariehamn"{
            ec{"Mariehamn"}
        }
        "Europe:Minsk"{
            ec{"Minsk"}
        }
        "Europe:Monaco"{
            ec{"Monaco"}
        }
        "Europe:Oslo"{
            ec{"Oslo"}
        }
        "Europe:Paris"{
            ec{"Paris"}
        }
        "Europe:Podgorica"{
            ec{"Podgorica"}
        }
        "Europe:Prague"{
            ec{"Prag"}
        }
        "Europe:Riga"{
            ec{"Riga"}
        }
        "Europe:Rome"{
            ec{"Rhufain"}
        }
        "Europe:Samara"{
            ec{"Samara"}
        }
        "Europe:San_Marino"{
            ec{"San Marino"}
        }
        "Europe:Sarajevo"{
            ec{"Sarajevo"}
        }
        "Europe:Saratov"{
            ec{"Saratov"}
        }
        "Europe:Simferopol"{
            ec{"Simferopol"}
        }
        "Europe:Skopje"{
            ec{"Skopje"}
        }
        "Europe:Sofia"{
            ec{"Sofia"}
        }
        "Europe:Stockholm"{
            ec{"Stockholm"}
        }
        "Europe:Tallinn"{
            ec{"Tallinn"}
        }
        "Europe:Tirane"{
            ec{"Tirane"}
        }
        "Europe:Ulyanovsk"{
            ec{"Ulyanovsk"}
        }
        "Europe:Uzhgorod"{
            ec{"Uzhhorod"}
        }
        "Europe:Vaduz"{
            ec{"Vaduz"}
        }
        "Europe:Vatican"{
            ec{"Y Fatican"}
        }
        "Europe:Vienna"{
            ec{"Fienna"}
        }
        "Europe:Vilnius"{
            ec{"Vilnius"}
        }
        "Europe:Volgograd"{
            ec{"Volgograd"}
        }
        "Europe:Warsaw"{
            ec{"Warsaw"}
        }
        "Europe:Zagreb"{
            ec{"Zagreb"}
        }
        "Europe:Zurich"{
            ec{"Zurich"}
        }
        "Indian:Antananarivo"{
            ec{"Antananarivo"}
        }
        "Indian:Chagos"{
            ec{"Chagos"}
        }
        "Indian:Christmas"{
            ec{"Ynys y Nadolig"}
        }
        "Indian:Cocos"{
            ec{"Cocos"}
        }
        "Indian:Comoro"{
            ec{"Comoro"}
        }
        "Indian:Kerguelen"{
            ec{"Kerguelen"}
        }
        "Indian:Mahe"{
            ec{"Mahe"}
        }
        "Indian:Maldives"{
            ec{"Maldives"}
        }
        "Indian:Mauritius"{
            ec{"Mauritius"}
        }
        "Indian:Mayotte"{
            ec{"Mayotte"}
        }
        "Indian:Reunion"{
            ec{"Réunion"}
        }
        "Pacific:Apia"{
            ec{"Apia"}
        }
        "Pacific:Auckland"{
            ec{"Auckland"}
        }
        "Pacific:Bougainville"{
            ec{"Bougainville"}
        }
        "Pacific:Chatham"{
            ec{"Chatham"}
        }
        "Pacific:Easter"{
            ec{"Ynys y Pasg"}
        }
        "Pacific:Efate"{
            ec{"Efate"}
        }
        "Pacific:Enderbury"{
            ec{"Enderbury"}
        }
        "Pacific:Fakaofo"{
            ec{"Fakaofo"}
        }
        "Pacific:Fiji"{
            ec{"Fiji"}
        }
        "Pacific:Funafuti"{
            ec{"Funafuti"}
        }
        "Pacific:Galapagos"{
            ec{"Galapagos"}
        }
        "Pacific:Gambier"{
            ec{"Gambier"}
        }
        "Pacific:Guadalcanal"{
            ec{"Guadalcanal"}
        }
        "Pacific:Guam"{
            ec{"Guam"}
        }
        "Pacific:Honolulu"{
            ec{"Honolulu"}
        }
        "Pacific:Johnston"{
            ec{"Johnston"}
        }
        "Pacific:Kiritimati"{
            ec{"Kiritimati"}
        }
        "Pacific:Kosrae"{
            ec{"Kosrae"}
        }
        "Pacific:Kwajalein"{
            ec{"Kwajalein"}
        }
        "Pacific:Majuro"{
            ec{"Majuro"}
        }
        "Pacific:Marquesas"{
            ec{"Marquesas"}
        }
        "Pacific:Midway"{
            ec{"Midway"}
        }
        "Pacific:Nauru"{
            ec{"Nauru"}
        }
        "Pacific:Niue"{
            ec{"Niue"}
        }
        "Pacific:Norfolk"{
            ec{"Norfolk"}
        }
        "Pacific:Noumea"{
            ec{"Noumea"}
        }
        "Pacific:Pago_Pago"{
            ec{"Pago Pago"}
        }
        "Pacific:Palau"{
            ec{"Palau"}
        }
        "Pacific:Pitcairn"{
            ec{"Pitcairn"}
        }
        "Pacific:Ponape"{
            ec{"Pohnpei"}
        }
        "Pacific:Port_Moresby"{
            ec{"Port Moresby"}
        }
        "Pacific:Rarotonga"{
            ec{"Rarotonga"}
        }
        "Pacific:Saipan"{
            ec{"Saipan"}
        }
        "Pacific:Tahiti"{
            ec{"Tahiti"}
        }
        "Pacific:Tarawa"{
            ec{"Tarawa"}
        }
        "Pacific:Tongatapu"{
            ec{"Tongatapu"}
        }
        "Pacific:Truk"{
            ec{"Chuuk"}
        }
        "Pacific:Wake"{
            ec{"Wake"}
        }
        "Pacific:Wallis"{
            ec{"Wallis"}
        }
        "meta:Afghanistan"{
            ls{"Amser Afghanistan"}
        }
        "meta:Africa_Central"{
            ls{"Amser Canolbarth Affrica"}
        }
        "meta:Africa_Eastern"{
            ls{"Amser Dwyrain Affrica"}
        }
        "meta:Africa_Southern"{
            ls{"Amser Safonol De Affrica"}
        }
        "meta:Africa_Western"{
            ld{"Amser Haf Gorllewin Affrica"}
            lg{"Amser Gorllewin Affrica"}
            ls{"Amser Safonol Gorllewin Affrica"}
        }
        "meta:Alaska"{
            ld{"Amser Haf Alaska"}
            lg{"Amser Alaska"}
            ls{"Amser Safonol Alaska"}
        }
        "meta:Amazon"{
            ld{"Amser Haf Amazonas"}
            lg{"Amser Amazonas"}
            ls{"Amser Safonol Amazonas"}
        }
        "meta:America_Central"{
            ld{"Amser Haf Canolbarth Gogledd America"}
            lg{"Amser Canolbarth Gogledd America"}
            ls{"Amser Safonol Canolbarth Gogledd America"}
        }
        "meta:America_Eastern"{
            ld{"Amser Haf Dwyrain Gogledd America"}
            lg{"Amser Dwyrain Gogledd America"}
            ls{"Amser Safonol Dwyrain Gogledd America"}
        }
        "meta:America_Mountain"{
            ld{"Amser Haf Mynyddoedd Gogledd America"}
            lg{"Amser Mynyddoedd Gogledd America"}
            ls{"Amser Safonol Mynyddoedd Gogledd America"}
        }
        "meta:America_Pacific"{
            ld{"Amser Haf Cefnfor Tawel Gogledd America"}
            lg{"Amser Cefnfor Tawel Gogledd America"}
            ls{"Amser Safonol Cefnfor Tawel Gogledd America"}
        }
        "meta:Apia"{
            ld{"Amser Haf Apia"}
            lg{"Amser Apia"}
            ls{"Amser Safonol Apia"}
        }
        "meta:Arabian"{
            ld{"Amser Haf Arabaidd"}
            lg{"Amser Arabaidd"}
            ls{"Amser Safonol Arabaidd"}
        }
        "meta:Argentina"{
            ld{"Amser Haf Ariannin"}
            lg{"Amser yr Ariannin"}
            ls{"Amser Safonol Ariannin"}
        }
        "meta:Argentina_Western"{
            ld{"Amser Haf Gorllewin Ariannin"}
            lg{"Amser Gorllewin Ariannin"}
            ls{"Amser Safonol Gorllewin Ariannin"}
        }
        "meta:Armenia"{
            ld{"Amser Haf Armenia"}
            lg{"Amser Armenia"}
            ls{"Amser Safonol Armenia"}
        }
        "meta:Atlantic"{
            ld{"Amser Haf Cefnfor yr Iwerydd"}
            lg{"Amser Cefnfor yr Iwerydd"}
            ls{"Amser Safonol Cefnfor yr Iwerydd"}
        }
        "meta:Australia_Central"{
            ld{"Amser Haf Canolbarth Awstralia"}
            lg{"Amser Canolbarth Awstralia"}
            ls{"Amser Safonol Canolbarth Awstralia"}
        }
        "meta:Australia_CentralWestern"{
            ld{"Amser Haf Canolbarth Gorllewin Awstralia"}
            lg{"Amser Canolbarth Gorllewin Awstralia"}
            ls{"Amser Safonol Canolbarth Gorllewin Awstralia"}
        }
        "meta:Australia_Eastern"{
            ld{"Amser Haf Dwyrain Awstralia"}
            lg{"Amser Dwyrain Awstralia"}
            ls{"Amser Safonol Dwyrain Awstralia"}
        }
        "meta:Australia_Western"{
            ld{"Amser Haf Gorllewin Awstralia"}
            lg{"Amser Gorllewin Awstralia"}
            ls{"Amser Safonol Gorllewin Awstralia"}
        }
        "meta:Azerbaijan"{
            ld{"Amser Haf Aserbaijan"}
            lg{"Amser Aserbaijan"}
            ls{"Amser Safonol Aserbaijan"}
        }
        "meta:Azores"{
            ld{"Amser Haf yr Azores"}
            lg{"Amser yr Azores"}
            ls{"Amser Safonol yr Azores"}
        }
        "meta:Bangladesh"{
            ld{"Amser Haf Bangladesh"}
            lg{"Amser Bangladesh"}
            ls{"Amser Safonol Bangladesh"}
        }
        "meta:Bhutan"{
            ls{"Amser Bhutan"}
        }
        "meta:Bolivia"{
            ls{"Amser Bolifia"}
        }
        "meta:Brasilia"{
            ld{"Amser Haf Brasília"}
            lg{"Amser Brasília"}
            ls{"Amser Safonol Brasília"}
        }
        "meta:Brunei"{
            ls{"Amser Brunei Darussalam"}
        }
        "meta:Cape_Verde"{
            ld{"Amser Haf Cabo Verde"}
            lg{"Amser Cabo Verde"}
            ls{"Amser Safonol Cabo Verde"}
        }
        "meta:Chamorro"{
            ls{"Amser Chamorro"}
        }
        "meta:Chatham"{
            ld{"Amser Haf Chatham"}
            lg{"Amser Chatham"}
            ls{"Amser Safonol Chatham"}
        }
        "meta:Chile"{
            ld{"Amser Haf Chile"}
            lg{"Amser Chile"}
            ls{"Amser Safonol Chile"}
        }
        "meta:China"{
            ld{"Amser Haf Tsieina"}
            lg{"Amser Tsieina"}
            ls{"Amser Safonol Tsieina"}
        }
        "meta:Choibalsan"{
            ld{"Amser Haf Choibalsan"}
            lg{"Amser Choibalsan"}
            ls{"Amser Safonol Choibalsan"}
        }
        "meta:Christmas"{
            ls{"Amser Ynys Y Nadolig"}
        }
        "meta:Cocos"{
            ls{"Amser Ynysoedd Cocos"}
        }
        "meta:Colombia"{
            ld{"Amser Haf Colombia"}
            lg{"Amser Colombia"}
            ls{"Amser Safonol Colombia"}
        }
        "meta:Cook"{
            ld{"Amser Hanner Haf Ynysoedd Cook"}
            lg{"Amser Ynysoedd Cook"}
            ls{"Amser Safonol Ynysoedd Cook"}
        }
        "meta:Cuba"{
            ld{"Amser Haf Ciwa"}
            lg{"Amser Ciwba"}
            ls{"Amser Safonol Ciwba"}
        }
        "meta:Davis"{
            ls{"Amser Davis"}
        }
        "meta:DumontDUrville"{
            ls{"Amser Dumont-d’Urville"}
        }
        "meta:East_Timor"{
            ls{"Amser Dwyrain Timor"}
        }
        "meta:Easter"{
            ld{"Amser Haf Ynys y Pasg"}
            lg{"Amser Ynys y Pasg"}
            ls{"Amser Safonol Ynys y Pasg"}
        }
        "meta:Ecuador"{
            ls{"Amser Ecuador"}
        }
        "meta:Europe_Central"{
            ld{"Amser Haf Canolbarth Ewrop"}
            lg{"Amser Canolbarth Ewrop"}
            ls{"Amser Safonol Canolbarth Ewrop"}
            sd{"CEST"}
            sg{"CET"}
            ss{"CET"}
        }
        "meta:Europe_Eastern"{
            ld{"Amser Haf Dwyrain Ewrop"}
            lg{"Amser Dwyrain Ewrop"}
            ls{"Amser Safonol Dwyrain Ewrop"}
            sd{"EEST"}
            sg{"EET"}
            ss{"EET"}
        }
        "meta:Europe_Further_Eastern"{
            ls{"Amser Dwyrain Pell Ewrop"}
        }
        "meta:Europe_Western"{
            ld{"Amser Haf Gorllewin Ewrop"}
            lg{"Amser Gorllewin Ewrop"}
            ls{"Amser Safonol Gorllewin Ewrop"}
            sd{"WEST"}
            sg{"WET"}
            ss{"WET"}
        }
        "meta:Falkland"{
            ld{"Amser Haf Ynysoedd Falklands/Malvinas"}
            lg{"Amser Ynysoedd Falklands/Malvinas"}
            ls{"Amser Safonol Ynysoedd Falklands/Malvinas"}
        }
        "meta:Fiji"{
            ld{"Amser Haf Fiji"}
            lg{"Amser Fiji"}
            ls{"Amser Safonol Fiji"}
        }
        "meta:French_Guiana"{
            ls{"Amser Guyane Ffrengig"}
        }
        "meta:French_Southern"{
            ls{"Amser Tiroedd Ffrainc yn y De a’r Antarctig"}
        }
        "meta:GMT"{
            ls{"Amser Safonol Greenwich"}
            ss{"GMT"}
        }
        "meta:Galapagos"{
            ls{"Amser Galapagos"}
        }
        "meta:Gambier"{
            ls{"Amser Gambier"}
        }
        "meta:Georgia"{
            ld{"Amser Haf Georgia"}
            lg{"Amser Georgia"}
            ls{"Amser Safonol Georgia"}
        }
        "meta:Gilbert_Islands"{
            ls{"Amser Ynysoedd Gilbert"}
        }
        "meta:Greenland_Eastern"{
            ld{"Amser Haf Dwyrain yr Ynys Las"}
            lg{"Amser Dwyrain yr Ynys Las"}
            ls{"Amser Safonol Dwyrain yr Ynys Las"}
        }
        "meta:Greenland_Western"{
            ld{"Amser Haf Gorllewin yr Ynys Las"}
            lg{"Amser Gorllewin yr Ynys Las"}
            ls{"Amser Safonol Gorllewin yr Ynys Las"}
        }
        "meta:Gulf"{
            ls{"Amser Safonol y Gwlff"}
        }
        "meta:Guyana"{
            ls{"Amser Guyana"}
        }
        "meta:Hawaii_Aleutian"{
            ld{"Amser Haf Hawaii-Aleutian"}
            lg{"Amser Hawaii-Aleutian"}
            ls{"Amser Safonol Hawaii-Aleutian"}
        }
        "meta:Hong_Kong"{
            ld{"Amser Haf Hong Kong"}
            lg{"Amser Hong Kong"}
            ls{"Amser Safonol Hong Kong"}
        }
        "meta:Hovd"{
            ld{"Amser Haf Hovd"}
            lg{"Amser Hovd"}
            ls{"Amser Safonol Hovd"}
        }
        "meta:India"{
            ls{"Amser India"}
        }
        "meta:Indian_Ocean"{
            ls{"Amser Cefnfor India"}
        }
        "meta:Indochina"{
            ls{"Amser Indo-Tsieina"}
        }
        "meta:Indonesia_Central"{
            ls{"Amser Canolbarth Indonesia"}
        }
        "meta:Indonesia_Eastern"{
            ls{"Amser Dwyrain Indonesia"}
        }
        "meta:Indonesia_Western"{
            ls{"Amser Gorllewin Indonesia"}
        }
        "meta:Iran"{
            ld{"Amser Haf Iran"}
            lg{"Amser Iran"}
            ls{"Amser Safonol Iran"}
        }
        "meta:Irkutsk"{
            ld{"Amser Haf Irkutsk"}
            lg{"Amser Irkutsk"}
            ls{"Amser Safonol Irkutsk"}
        }
        "meta:Israel"{
            ld{"Amser Haf Israel"}
            lg{"Amser Israel"}
            ls{"Amser Safonol Israel"}
        }
        "meta:Japan"{
            ld{"Amser Haf Japan"}
            lg{"Amser Japan"}
            ls{"Amser Safonol Japan"}
        }
        "meta:Kazakhstan_Eastern"{
            ls{"Amser Dwyrain Kazakhstan"}
        }
        "meta:Kazakhstan_Western"{
            ls{"Amser Gorllewin Kazakhstan"}
        }
        "meta:Korea"{
            ld{"Amser Haf Corea"}
            lg{"Amser Corea"}
            ls{"Amser Safonol Corea"}
        }
        "meta:Kosrae"{
            ls{"Amser Kosrae"}
        }
        "meta:Krasnoyarsk"{
            ld{"Amser Haf Krasnoyarsk"}
            lg{"Amser Krasnoyarsk"}
            ls{"Amser Safonol Krasnoyarsk"}
        }
        "meta:Kyrgystan"{
            ls{"Amser Kyrgyzstan"}
        }
        "meta:Line_Islands"{
            ls{"Amser Ynysoedd Line"}
        }
        "meta:Lord_Howe"{
            ld{"Amser Haf yr Arglwydd Howe"}
            lg{"Amser yr Arglwydd Howe"}
            ls{"Amser Safonol yr Arglwydd Howe"}
        }
        "meta:Macquarie"{
            ls{"Amser Ynys Macquarie"}
        }
        "meta:Magadan"{
            ld{"Amser Haf Magadan"}
            lg{"Amser Magadan"}
            ls{"Amser Safonol Magadan"}
        }
        "meta:Malaysia"{
            ls{"Amser Malaysia"}
        }
        "meta:Maldives"{
            ls{"Amser Y Maldives"}
        }
        "meta:Marquesas"{
            ls{"Amser Marquises"}
        }
        "meta:Marshall_Islands"{
            ls{"Amser Ynysoedd Marshall"}
        }
        "meta:Mauritius"{
            ld{"Amser Haf Mauritius"}
            lg{"Amser Mauritius"}
            ls{"Amser Safonol Mauritius"}
        }
        "meta:Mawson"{
            ls{"Amser Mawson"}
        }
        "meta:Mexico_Northwest"{
            ld{"Amser Haf Gogledd Orllewin Mecsico"}
            lg{"Amser Gogledd Orllewin Mecsico"}
            ls{"Amser Safonol Gogledd Orllewin Mecsico"}
        }
        "meta:Mexico_Pacific"{
            ld{"Amser Haf Pasiffig Mecsico"}
            lg{"Amser Pasiffig Mecsico"}
            ls{"Amser Safonol Pasiffig Mecsico"}
        }
        "meta:Mongolia"{
            ld{"Amser Haf Ulan Bator"}
            lg{"Amser Ulan Bator"}
            ls{"Amser Safonol Ulan Bator"}
        }
        "meta:Moscow"{
            ld{"Amser Haf Moscfa"}
            lg{"Amser Moscfa"}
            ls{"Amser Safonol Moscfa"}
        }
        "meta:Myanmar"{
            ls{"Amser Myanmar"}
        }
        "meta:Nauru"{
            ls{"Amser Nauru"}
        }
        "meta:Nepal"{
            ls{"Amser Nepal"}
        }
        "meta:New_Caledonia"{
            ld{"Amser Haf Caledonia Newydd"}
            lg{"Amser Caledonia Newydd"}
            ls{"Amser Safonol Caledonia Newydd"}
        }
        "meta:New_Zealand"{
            ld{"Amser Haf Seland Newydd"}
            lg{"Amser Seland Newydd"}
            ls{"Amser Safonol Seland Newydd"}
        }
        "meta:Newfoundland"{
            ld{"Amser Haf Newfoundland"}
            lg{"Amser Newfoundland"}
            ls{"Amser Safonol Newfoundland"}
        }
        "meta:Niue"{
            ls{"Amser Niue"}
        }
        "meta:Norfolk"{
            ld{"Amser Haf Ynys Norfolk"}
            lg{"Amser Ynys Norfolk"}
            ls{"Amser Safonol Ynys Norfolk"}
        }
        "meta:Noronha"{
            ld{"Amser Haf Fernando de Noronha"}
            lg{"Amser Fernando de Noronha"}
            ls{"Amser Safonol Fernando de Noronha"}
        }
        "meta:Novosibirsk"{
            ld{"Amser Haf Novosibirsk"}
            lg{"Amser Novosibirsk"}
            ls{"Amser Safonol Novosibirsk"}
        }
        "meta:Omsk"{
            ld{"Amser Haf Omsk"}
            lg{"Amser Omsk"}
            ls{"Amser Safonol Omsk"}
        }
        "meta:Pakistan"{
            ld{"Amser Haf Pakistan"}
            lg{"Amser Pakistan"}
            ls{"Amser Safonol Pakistan"}
        }
        "meta:Palau"{
            ls{"Amser Palau"}
        }
        "meta:Papua_New_Guinea"{
            ls{"Amser Papua Guinea Newydd"}
        }
        "meta:Paraguay"{
            ld{"Amser Haf Paraguay"}
            lg{"Amser Paraguay"}
            ls{"Amser Safonol Paraguay"}
        }
        "meta:Peru"{
            ld{"Amser Haf Periw"}
            lg{"Amser Periw"}
            ls{"Amser Safonol Periw"}
        }
        "meta:Philippines"{
            ld{"Amser Haf Pilipinas"}
            lg{"Amser Pilipinas"}
            ls{"Amser Safonol Pilipinas"}
        }
        "meta:Phoenix_Islands"{
            ls{"Amser Ynysoedd Phoenix"}
        }
        "meta:Pierre_Miquelon"{
            ld{"Amser Haf Saint-Pierre-et-Miquelon"}
            lg{"Amser Saint-Pierre-et-Miquelon"}
            ls{"Amser Safonol Saint-Pierre-et-Miquelon"}
        }
        "meta:Pitcairn"{
            ls{"Amser Pitcairn"}
        }
        "meta:Ponape"{
            ls{"Amser Pohnpei"}
        }
        "meta:Pyongyang"{
            ls{"Amser Pyongyang"}
        }
        "meta:Reunion"{
            ls{"Amser Réunion"}
        }
        "meta:Rothera"{
            ls{"Amser Rothera"}
        }
        "meta:Sakhalin"{
            ld{"Amser Haf Sakhalin"}
            lg{"Amser Sakhalin"}
            ls{"Amser Safonol Sakhalin"}
        }
        "meta:Samara"{
            ld{"Amser Haf Samara"}
            lg{"Amser Samara"}
            ls{"Amser Safonol Samara"}
        }
        "meta:Samoa"{
            ld{"Amser Haf Samoa"}
            lg{"Amser Samoa"}
            ls{"Amser Safonol Samoa"}
        }
        "meta:Seychelles"{
            ls{"Amser Seychelles"}
        }
        "meta:Singapore"{
            ls{"Amser Singapore"}
        }
        "meta:Solomon"{
            ls{"Amser Ynysoedd Solomon"}
        }
        "meta:South_Georgia"{
            ls{"Amser De Georgia"}
        }
        "meta:Suriname"{
            ls{"Amser Suriname"}
        }
        "meta:Syowa"{
            ls{"Amser Syowa"}
        }
        "meta:Tahiti"{
            ls{"Amser Tahiti"}
        }
        "meta:Taipei"{
            ld{"Amser Haf Taipei"}
            lg{"Amser Taipei"}
            ls{"Amser Safonol Taipei"}
        }
        "meta:Tajikistan"{
            ls{"Amser Tajicistan"}
        }
        "meta:Tokelau"{
            ls{"Amser Tokelau"}
        }
        "meta:Tonga"{
            ld{"Amser Haf Tonga"}
            lg{"Amser Tonga"}
            ls{"Amser Safonol Tonga"}
        }
        "meta:Truk"{
            ls{"Amser Chuuk"}
        }
        "meta:Turkmenistan"{
            ld{"Amser Haf Tyrcmenistan"}
            lg{"Amser Tyrcmenistan"}
            ls{"Amser Safonol Tyrcmenistan"}
        }
        "meta:Tuvalu"{
            ls{"Amser Tuvalu"}
        }
        "meta:Uruguay"{
            ld{"Amser Haf Uruguay"}
            lg{"Amser Uruguay"}
            ls{"Amser Safonol Uruguay"}
        }
        "meta:Uzbekistan"{
            ld{"Amser Haf Uzbekistan"}
            lg{"Amser Uzbekistan"}
            ls{"Amser Safonol Uzbekistan"}
        }
        "meta:Vanuatu"{
            ld{"Amser Haf Vanuatu"}
            lg{"Amser Vanuatu"}
            ls{"Amser Safonol Vanuatu"}
        }
        "meta:Venezuela"{
            ls{"Amser Venezuela"}
        }
        "meta:Vladivostok"{
            ld{"Amser Haf Vladivostok"}
            lg{"Amser Vladivostok"}
            ls{"Amser Safonol Vladivostok"}
        }
        "meta:Volgograd"{
            ld{"Amser Haf Volgograd"}
            lg{"Amser Volgograd"}
            ls{"Amser Safonol Volgograd"}
        }
        "meta:Vostok"{
            ls{"Amser Vostok"}
        }
        "meta:Wake"{
            ls{"Amser Ynys Wake"}
        }
        "meta:Wallis"{
            ls{"Amser Wallis a Futuna"}
        }
        "meta:Yakutsk"{
            ld{"Amser Haf Yakutsk"}
            lg{"Amser Yakutsk"}
            ls{"Amser Safonol Yakutsk"}
        }
        "meta:Yekaterinburg"{
            ld{"Amser Haf Yekaterinburg"}
            lg{"Amser Yekaterinburg"}
            ls{"Amser Safonol Yekaterinburg"}
        }
        fallbackFormat{"{1} ({0})"}
        gmtFormat{"GMT{0}"}
        gmtZeroFormat{"GMT"}
        hourFormat{"+HH:mm;-HH:mm"}
        regionFormat{"Amser {0}"}
        regionFormatDaylight{"Amser Haf {0}"}
        regionFormatStandard{"Amser Safonol {0}"}
    }
}
