// © 2016 and later: Unicode, Inc. and others.
// License & terms of use: http://www.unicode.org/copyright.html
// Generated using tools/cldr/cldr-to-icu/build-icu-data.xml
es{
    zoneStrings{
        "Africa:Abidjan"{
            ec{"Abiyán"}
        }
        "Africa:Accra"{
            ec{"Acra"}
        }
        "Africa:Addis_Ababa"{
            ec{"Addis Abeba"}
        }
        "Africa:Algiers"{
            ec{"Argel"}
        }
        "Africa:Asmera"{
            ec{"Asmara"}
        }
        "Africa:Bamako"{
            ec{"Bamako"}
        }
        "Africa:Bangui"{
            ec{"Bangui"}
        }
        "Africa:Banjul"{
            ec{"Banjul"}
        }
        "Africa:Bissau"{
            ec{"Bisáu"}
        }
        "Africa:Blantyre"{
            ec{"Blantyre"}
        }
        "Africa:Brazzaville"{
            ec{"Brazzaville"}
        }
        "Africa:Bujumbura"{
            ec{"Bujumbura"}
        }
        "Africa:Cairo"{
            ec{"El Cairo"}
        }
        "Africa:Casablanca"{
            ec{"Casablanca"}
        }
        "Africa:Ceuta"{
            ec{"Ceuta"}
        }
        "Africa:Conakry"{
            ec{"Conakry"}
        }
        "Africa:Dakar"{
            ec{"Dakar"}
        }
        "Africa:Dar_es_Salaam"{
            ec{"Dar es Salaam"}
        }
        "Africa:Djibouti"{
            ec{"Yibuti"}
        }
        "Africa:Douala"{
            ec{"Duala"}
        }
        "Africa:El_Aaiun"{
            ec{"El Aaiún"}
        }
        "Africa:Freetown"{
            ec{"Freetown"}
        }
        "Africa:Gaborone"{
            ec{"Gaborone"}
        }
        "Africa:Harare"{
            ec{"Harare"}
        }
        "Africa:Johannesburg"{
            ec{"Johannesburgo"}
        }
        "Africa:Juba"{
            ec{"Juba"}
        }
        "Africa:Kampala"{
            ec{"Kampala"}
        }
        "Africa:Khartoum"{
            ec{"Jartún"}
        }
        "Africa:Kigali"{
            ec{"Kigali"}
        }
        "Africa:Kinshasa"{
            ec{"Kinshasa"}
        }
        "Africa:Lagos"{
            ec{"Lagos"}
        }
        "Africa:Libreville"{
            ec{"Libreville"}
        }
        "Africa:Lome"{
            ec{"Lomé"}
        }
        "Africa:Luanda"{
            ec{"Luanda"}
        }
        "Africa:Lubumbashi"{
            ec{"Lubumbashi"}
        }
        "Africa:Lusaka"{
            ec{"Lusaka"}
        }
        "Africa:Malabo"{
            ec{"Malabo"}
        }
        "Africa:Maputo"{
            ec{"Maputo"}
        }
        "Africa:Maseru"{
            ec{"Maseru"}
        }
        "Africa:Mbabane"{
            ec{"Mbabane"}
        }
        "Africa:Mogadishu"{
            ec{"Mogadiscio"}
        }
        "Africa:Monrovia"{
            ec{"Monrovia"}
        }
        "Africa:Nairobi"{
            ec{"Nairobi"}
        }
        "Africa:Ndjamena"{
            ec{"Yamena"}
        }
        "Africa:Niamey"{
            ec{"Niamey"}
        }
        "Africa:Nouakchott"{
            ec{"Nuakchot"}
        }
        "Africa:Ouagadougou"{
            ec{"Uagadugú"}
        }
        "Africa:Porto-Novo"{
            ec{"Portonovo"}
        }
        "Africa:Sao_Tome"{
            ec{"Santo Tomé"}
        }
        "Africa:Tripoli"{
            ec{"Trípoli"}
        }
        "Africa:Tunis"{
            ec{"Túnez"}
        }
        "Africa:Windhoek"{
            ec{"Windhoek"}
        }
        "America:Adak"{
            ec{"Adak"}
        }
        "America:Anchorage"{
            ec{"Anchorage"}
        }
        "America:Anguilla"{
            ec{"Anguila"}
        }
        "America:Antigua"{
            ec{"Antigua"}
        }
        "America:Araguaina"{
            ec{"Araguaína"}
        }
        "America:Argentina:La_Rioja"{
            ec{"La Rioja"}
        }
        "America:Argentina:Rio_Gallegos"{
            ec{"Río Gallegos"}
        }
        "America:Argentina:Salta"{
            ec{"Salta"}
        }
        "America:Argentina:San_Juan"{
            ec{"San Juan"}
        }
        "America:Argentina:San_Luis"{
            ec{"San Luis"}
        }
        "America:Argentina:Tucuman"{
            ec{"Tucumán"}
        }
        "America:Argentina:Ushuaia"{
            ec{"Ushuaia"}
        }
        "America:Aruba"{
            ec{"Aruba"}
        }
        "America:Asuncion"{
            ec{"Asunción"}
        }
        "America:Bahia"{
            ec{"Bahía"}
        }
        "America:Bahia_Banderas"{
            ec{"Bahía de Banderas"}
        }
        "America:Barbados"{
            ec{"Barbados"}
        }
        "America:Belem"{
            ec{"Belén"}
        }
        "America:Belize"{
            ec{"Belice"}
        }
        "America:Blanc-Sablon"{
            ec{"Blanc-Sablon"}
        }
        "America:Boa_Vista"{
            ec{"Boa Vista"}
        }
        "America:Bogota"{
            ec{"Bogotá"}
        }
        "America:Boise"{
            ec{"Boise"}
        }
        "America:Buenos_Aires"{
            ec{"Buenos Aires"}
        }
        "America:Cambridge_Bay"{
            ec{"Cambridge Bay"}
        }
        "America:Campo_Grande"{
            ec{"Campo Grande"}
        }
        "America:Cancun"{
            ec{"Cancún"}
        }
        "America:Caracas"{
            ec{"Caracas"}
        }
        "America:Catamarca"{
            ec{"Catamarca"}
        }
        "America:Cayenne"{
            ec{"Cayena"}
        }
        "America:Cayman"{
            ec{"Caimán"}
        }
        "America:Chicago"{
            ec{"Chicago"}
        }
        "America:Chihuahua"{
            ec{"Chihuahua"}
        }
        "America:Coral_Harbour"{
            ec{"Atikokan"}
        }
        "America:Cordoba"{
            ec{"Córdoba"}
        }
        "America:Costa_Rica"{
            ec{"Costa Rica"}
        }
        "America:Creston"{
            ec{"Creston"}
        }
        "America:Cuiaba"{
            ec{"Cuiabá"}
        }
        "America:Curacao"{
            ec{"Curazao"}
        }
        "America:Danmarkshavn"{
            ec{"Danmarkshavn"}
        }
        "America:Dawson"{
            ec{"Dawson"}
        }
        "America:Dawson_Creek"{
            ec{"Dawson Creek"}
        }
        "America:Denver"{
            ec{"Denver"}
        }
        "America:Detroit"{
            ec{"Detroit"}
        }
        "America:Dominica"{
            ec{"Dominica"}
        }
        "America:Edmonton"{
            ec{"Edmonton"}
        }
        "America:Eirunepe"{
            ec{"Eirunepé"}
        }
        "America:El_Salvador"{
            ec{"El Salvador"}
        }
        "America:Fort_Nelson"{
            ec{"Fort Nelson"}
        }
        "America:Fortaleza"{
            ec{"Fortaleza"}
        }
        "America:Glace_Bay"{
            ec{"Glace Bay"}
        }
        "America:Godthab"{
            ec{"Nuuk"}
        }
        "America:Goose_Bay"{
            ec{"Goose Bay"}
        }
        "America:Grand_Turk"{
            ec{"Gran Turca"}
        }
        "America:Grenada"{
            ec{"Granada"}
        }
        "America:Guadeloupe"{
            ec{"Guadalupe"}
        }
        "America:Guatemala"{
            ec{"Guatemala"}
        }
        "America:Guayaquil"{
            ec{"Guayaquil"}
        }
        "America:Guyana"{
            ec{"Guyana"}
        }
        "America:Halifax"{
            ec{"Halifax"}
        }
        "America:Havana"{
            ec{"La Habana"}
        }
        "America:Hermosillo"{
            ec{"Hermosillo"}
        }
        "America:Indiana:Knox"{
            ec{"Knox, Indiana"}
        }
        "America:Indiana:Marengo"{
            ec{"Marengo, Indiana"}
        }
        "America:Indiana:Petersburg"{
            ec{"Petersburg, Indiana"}
        }
        "America:Indiana:Tell_City"{
            ec{"Tell City, Indiana"}
        }
        "America:Indiana:Vevay"{
            ec{"Vevay, Indiana"}
        }
        "America:Indiana:Vincennes"{
            ec{"Vincennes, Indiana"}
        }
        "America:Indiana:Winamac"{
            ec{"Winamac, Indiana"}
        }
        "America:Indianapolis"{
            ec{"Indianápolis"}
        }
        "America:Inuvik"{
            ec{"Inuvik"}
        }
        "America:Iqaluit"{
            ec{"Iqaluit"}
        }
        "America:Jamaica"{
            ec{"Jamaica"}
        }
        "America:Jujuy"{
            ec{"Jujuy"}
        }
        "America:Juneau"{
            ec{"Juneau"}
        }
        "America:Kentucky:Monticello"{
            ec{"Monticello, Kentucky"}
        }
        "America:Kralendijk"{
            ec{"Kralendijk"}
        }
        "America:La_Paz"{
            ec{"La Paz"}
        }
        "America:Lima"{
            ec{"Lima"}
        }
        "America:Los_Angeles"{
            ec{"Los Ángeles"}
        }
        "America:Louisville"{
            ec{"Louisville"}
        }
        "America:Lower_Princes"{
            ec{"Lower Prince’s Quarter"}
        }
        "America:Maceio"{
            ec{"Maceió"}
        }
        "America:Managua"{
            ec{"Managua"}
        }
        "America:Manaus"{
            ec{"Manaos"}
        }
        "America:Marigot"{
            ec{"Marigot"}
        }
        "America:Martinique"{
            ec{"Martinica"}
        }
        "America:Matamoros"{
            ec{"Matamoros"}
        }
        "America:Mazatlan"{
            ec{"Mazatlán"}
        }
        "America:Mendoza"{
            ec{"Mendoza"}
        }
        "America:Menominee"{
            ec{"Menominee"}
        }
        "America:Merida"{
            ec{"Mérida"}
        }
        "America:Metlakatla"{
            ec{"Metlakatla"}
        }
        "America:Mexico_City"{
            ec{"Ciudad de México"}
        }
        "America:Miquelon"{
            ec{"Miquelón"}
        }
        "America:Moncton"{
            ec{"Moncton"}
        }
        "America:Monterrey"{
            ec{"Monterrey"}
        }
        "America:Montevideo"{
            ec{"Montevideo"}
        }
        "America:Montserrat"{
            ec{"Montserrat"}
        }
        "America:Nassau"{
            ec{"Nassau"}
        }
        "America:New_York"{
            ec{"Nueva York"}
        }
        "America:Nipigon"{
            ec{"Nipigon"}
        }
        "America:Nome"{
            ec{"Nome"}
        }
        "America:Noronha"{
            ec{"Noronha"}
        }
        "America:North_Dakota:Beulah"{
            ec{"Beulah, Dakota del Norte"}
        }
        "America:North_Dakota:Center"{
            ec{"Center, Dakota del Norte"}
        }
        "America:North_Dakota:New_Salem"{
            ec{"New Salem, Dakota del Norte"}
        }
        "America:Ojinaga"{
            ec{"Ojinaga"}
        }
        "America:Panama"{
            ec{"Panamá"}
        }
        "America:Pangnirtung"{
            ec{"Pangnirtung"}
        }
        "America:Paramaribo"{
            ec{"Paramaribo"}
        }
        "America:Phoenix"{
            ec{"Phoenix"}
        }
        "America:Port-au-Prince"{
            ec{"Puerto Príncipe"}
        }
        "America:Port_of_Spain"{
            ec{"Puerto España"}
        }
        "America:Porto_Velho"{
            ec{"Porto Velho"}
        }
        "America:Puerto_Rico"{
            ec{"Puerto Rico"}
        }
        "America:Punta_Arenas"{
            ec{"Punta Arenas"}
        }
        "America:Rainy_River"{
            ec{"Rainy River"}
        }
        "America:Rankin_Inlet"{
            ec{"Rankin Inlet"}
        }
        "America:Recife"{
            ec{"Recife"}
        }
        "America:Regina"{
            ec{"Regina"}
        }
        "America:Resolute"{
            ec{"Resolute"}
        }
        "America:Rio_Branco"{
            ec{"Río Branco"}
        }
        "America:Santa_Isabel"{
            ec{"Santa Isabel"}
        }
        "America:Santarem"{
            ec{"Santarém"}
        }
        "America:Santiago"{
            ec{"Santiago de Chile"}
        }
        "America:Santo_Domingo"{
            ec{"Santo Domingo"}
        }
        "America:Sao_Paulo"{
            ec{"São Paulo"}
        }
        "America:Scoresbysund"{
            ec{"Ittoqqortoormiit"}
        }
        "America:Sitka"{
            ec{"Sitka"}
        }
        "America:St_Barthelemy"{
            ec{"San Bartolomé"}
        }
        "America:St_Johns"{
            ec{"San Juan de Terranova"}
        }
        "America:St_Kitts"{
            ec{"San Cristóbal"}
        }
        "America:St_Lucia"{
            ec{"Santa Lucía"}
        }
        "America:St_Thomas"{
            ec{"St. Thomas"}
        }
        "America:St_Vincent"{
            ec{"San Vicente"}
        }
        "America:Swift_Current"{
            ec{"Swift Current"}
        }
        "America:Tegucigalpa"{
            ec{"Tegucigalpa"}
        }
        "America:Thule"{
            ec{"Thule"}
        }
        "America:Thunder_Bay"{
            ec{"Thunder Bay"}
        }
        "America:Tijuana"{
            ec{"Tijuana"}
        }
        "America:Toronto"{
            ec{"Toronto"}
        }
        "America:Tortola"{
            ec{"Tórtola"}
        }
        "America:Vancouver"{
            ec{"Vancouver"}
        }
        "America:Whitehorse"{
            ec{"Whitehorse"}
        }
        "America:Winnipeg"{
            ec{"Winnipeg"}
        }
        "America:Yakutat"{
            ec{"Yakutat"}
        }
        "America:Yellowknife"{
            ec{"Yellowknife"}
        }
        "Antarctica:Casey"{
            ec{"Casey"}
        }
        "Antarctica:Davis"{
            ec{"Davis"}
        }
        "Antarctica:DumontDUrville"{
            ec{"Dumont d’Urville"}
        }
        "Antarctica:Macquarie"{
            ec{"Macquarie"}
        }
        "Antarctica:Mawson"{
            ec{"Mawson"}
        }
        "Antarctica:McMurdo"{
            ec{"McMurdo"}
        }
        "Antarctica:Palmer"{
            ec{"Palmer"}
        }
        "Antarctica:Rothera"{
            ec{"Rothera"}
        }
        "Antarctica:Syowa"{
            ec{"Syowa"}
        }
        "Antarctica:Troll"{
            ec{"Troll"}
        }
        "Antarctica:Vostok"{
            ec{"Vostok"}
        }
        "Arctic:Longyearbyen"{
            ec{"Longyearbyen"}
        }
        "Asia:Aden"{
            ec{"Adén"}
        }
        "Asia:Almaty"{
            ec{"Almaty"}
        }
        "Asia:Amman"{
            ec{"Ammán"}
        }
        "Asia:Anadyr"{
            ec{"Anádyr"}
        }
        "Asia:Aqtau"{
            ec{"Aktau"}
        }
        "Asia:Aqtobe"{
            ec{"Aktobe"}
        }
        "Asia:Ashgabat"{
            ec{"Asjabad"}
        }
        "Asia:Atyrau"{
            ec{"Atyrau"}
        }
        "Asia:Baghdad"{
            ec{"Bagdad"}
        }
        "Asia:Bahrain"{
            ec{"Baréin"}
        }
        "Asia:Baku"{
            ec{"Bakú"}
        }
        "Asia:Bangkok"{
            ec{"Bangkok"}
        }
        "Asia:Barnaul"{
            ec{"Barnaúl"}
        }
        "Asia:Beirut"{
            ec{"Beirut"}
        }
        "Asia:Bishkek"{
            ec{"Bishkek"}
        }
        "Asia:Brunei"{
            ec{"Brunéi"}
        }
        "Asia:Calcutta"{
            ec{"Calcuta"}
        }
        "Asia:Chita"{
            ec{"Chitá"}
        }
        "Asia:Choibalsan"{
            ec{"Choibalsan"}
        }
        "Asia:Colombo"{
            ec{"Colombo"}
        }
        "Asia:Damascus"{
            ec{"Damasco"}
        }
        "Asia:Dhaka"{
            ec{"Daca"}
        }
        "Asia:Dili"{
            ec{"Dili"}
        }
        "Asia:Dubai"{
            ec{"Dubái"}
        }
        "Asia:Dushanbe"{
            ec{"Dusambé"}
        }
        "Asia:Famagusta"{
            ec{"Famagusta"}
        }
        "Asia:Gaza"{
            ec{"Gaza"}
        }
        "Asia:Hebron"{
            ec{"Hebrón"}
        }
        "Asia:Hong_Kong"{
            ec{"Hong Kong"}
        }
        "Asia:Hovd"{
            ec{"Hovd"}
        }
        "Asia:Irkutsk"{
            ec{"Irkutsk"}
        }
        "Asia:Jakarta"{
            ec{"Yakarta"}
        }
        "Asia:Jayapura"{
            ec{"Jayapura"}
        }
        "Asia:Jerusalem"{
            ec{"Jerusalén"}
        }
        "Asia:Kabul"{
            ec{"Kabul"}
        }
        "Asia:Kamchatka"{
            ec{"Kamchatka"}
        }
        "Asia:Karachi"{
            ec{"Karachi"}
        }
        "Asia:Katmandu"{
            ec{"Katmandú"}
        }
        "Asia:Khandyga"{
            ec{"Khandyga"}
        }
        "Asia:Krasnoyarsk"{
            ec{"Krasnoyarsk"}
        }
        "Asia:Kuala_Lumpur"{
            ec{"Kuala Lumpur"}
        }
        "Asia:Kuching"{
            ec{"Kuching"}
        }
        "Asia:Kuwait"{
            ec{"Kuwait"}
        }
        "Asia:Macau"{
            ec{"Macao"}
        }
        "Asia:Magadan"{
            ec{"Magadán"}
        }
        "Asia:Makassar"{
            ec{"Makasar"}
        }
        "Asia:Manila"{
            ec{"Manila"}
        }
        "Asia:Muscat"{
            ec{"Mascate"}
        }
        "Asia:Nicosia"{
            ec{"Nicosia"}
        }
        "Asia:Novokuznetsk"{
            ec{"Novokuznetsk"}
        }
        "Asia:Novosibirsk"{
            ec{"Novosibirsk"}
        }
        "Asia:Omsk"{
            ec{"Omsk"}
        }
        "Asia:Oral"{
            ec{"Oral"}
        }
        "Asia:Phnom_Penh"{
            ec{"Phnom Penh"}
        }
        "Asia:Pontianak"{
            ec{"Pontianak"}
        }
        "Asia:Pyongyang"{
            ec{"Pyongyang"}
        }
        "Asia:Qatar"{
            ec{"Catar"}
        }
        "Asia:Qostanay"{
            ec{"Kostanái"}
        }
        "Asia:Qyzylorda"{
            ec{"Kyzylorda"}
        }
        "Asia:Rangoon"{
            ec{"Yangón (Rangún)"}
        }
        "Asia:Riyadh"{
            ec{"Riad"}
        }
        "Asia:Saigon"{
            ec{"Ciudad Ho Chi Minh"}
        }
        "Asia:Sakhalin"{
            ec{"Sajalín"}
        }
        "Asia:Samarkand"{
            ec{"Samarcanda"}
        }
        "Asia:Seoul"{
            ec{"Seúl"}
        }
        "Asia:Shanghai"{
            ec{"Shanghái"}
        }
        "Asia:Singapore"{
            ec{"Singapur"}
        }
        "Asia:Srednekolymsk"{
            ec{"Srednekolimsk"}
        }
        "Asia:Taipei"{
            ec{"Taipéi"}
        }
        "Asia:Tashkent"{
            ec{"Taskent"}
        }
        "Asia:Tbilisi"{
            ec{"Tiflis"}
        }
        "Asia:Tehran"{
            ec{"Teherán"}
        }
        "Asia:Thimphu"{
            ec{"Timbu"}
        }
        "Asia:Tokyo"{
            ec{"Tokio"}
        }
        "Asia:Tomsk"{
            ec{"Tomsk"}
        }
        "Asia:Ulaanbaatar"{
            ec{"Ulán Bator"}
        }
        "Asia:Urumqi"{
            ec{"Ürümqi"}
        }
        "Asia:Ust-Nera"{
            ec{"Ust-Nera"}
        }
        "Asia:Vientiane"{
            ec{"Vientián"}
        }
        "Asia:Vladivostok"{
            ec{"Vladivostok"}
        }
        "Asia:Yakutsk"{
            ec{"Yakutsk"}
        }
        "Asia:Yekaterinburg"{
            ec{"Ekaterimburgo"}
        }
        "Asia:Yerevan"{
            ec{"Ereván"}
        }
        "Atlantic:Azores"{
            ec{"Azores"}
        }
        "Atlantic:Bermuda"{
            ec{"Bermudas"}
        }
        "Atlantic:Canary"{
            ec{"Canarias"}
        }
        "Atlantic:Cape_Verde"{
            ec{"Cabo Verde"}
        }
        "Atlantic:Faeroe"{
            ec{"Islas Feroe"}
        }
        "Atlantic:Madeira"{
            ec{"Madeira"}
        }
        "Atlantic:Reykjavik"{
            ec{"Reikiavik"}
        }
        "Atlantic:South_Georgia"{
            ec{"Georgia del Sur"}
        }
        "Atlantic:St_Helena"{
            ec{"Santa Elena"}
        }
        "Atlantic:Stanley"{
            ec{"Stanley"}
        }
        "Australia:Adelaide"{
            ec{"Adelaida"}
        }
        "Australia:Brisbane"{
            ec{"Brisbane"}
        }
        "Australia:Broken_Hill"{
            ec{"Broken Hill"}
        }
        "Australia:Currie"{
            ec{"Currie"}
        }
        "Australia:Darwin"{
            ec{"Darwin"}
        }
        "Australia:Eucla"{
            ec{"Eucla"}
        }
        "Australia:Hobart"{
            ec{"Hobart"}
        }
        "Australia:Lindeman"{
            ec{"Lindeman"}
        }
        "Australia:Lord_Howe"{
            ec{"Lord Howe"}
        }
        "Australia:Melbourne"{
            ec{"Melbourne"}
        }
        "Australia:Perth"{
            ec{"Perth"}
        }
        "Australia:Sydney"{
            ec{"Sídney"}
        }
        "Etc:UTC"{
            ls{"tiempo universal coordinado"}
        }
        "Etc:Unknown"{
            ec{"Ciudad desconocida"}
        }
        "Europe:Amsterdam"{
            ec{"Ámsterdam"}
        }
        "Europe:Andorra"{
            ec{"Andorra"}
        }
        "Europe:Astrakhan"{
            ec{"Astracán"}
        }
        "Europe:Athens"{
            ec{"Atenas"}
        }
        "Europe:Belgrade"{
            ec{"Belgrado"}
        }
        "Europe:Berlin"{
            ec{"Berlín"}
        }
        "Europe:Bratislava"{
            ec{"Bratislava"}
        }
        "Europe:Brussels"{
            ec{"Bruselas"}
        }
        "Europe:Bucharest"{
            ec{"Bucarest"}
        }
        "Europe:Budapest"{
            ec{"Budapest"}
        }
        "Europe:Busingen"{
            ec{"Busingen"}
        }
        "Europe:Chisinau"{
            ec{"Chisináu"}
        }
        "Europe:Copenhagen"{
            ec{"Copenhague"}
        }
        "Europe:Dublin"{
            ec{"Dublín"}
            ld{"hora de verano de Irlanda"}
        }
        "Europe:Gibraltar"{
            ec{"Gibraltar"}
        }
        "Europe:Guernsey"{
            ec{"Guernesey"}
        }
        "Europe:Helsinki"{
            ec{"Helsinki"}
        }
        "Europe:Isle_of_Man"{
            ec{"Isla de Man"}
        }
        "Europe:Istanbul"{
            ec{"Estambul"}
        }
        "Europe:Jersey"{
            ec{"Jersey"}
        }
        "Europe:Kaliningrad"{
            ec{"Kaliningrado"}
        }
        "Europe:Kiev"{
            ec{"Kiev"}
        }
        "Europe:Kirov"{
            ec{"Kírov"}
        }
        "Europe:Lisbon"{
            ec{"Lisboa"}
        }
        "Europe:Ljubljana"{
            ec{"Liubliana"}
        }
        "Europe:London"{
            ec{"Londres"}
            ld{"hora de verano británica"}
        }
        "Europe:Luxembourg"{
            ec{"Luxemburgo"}
        }
        "Europe:Madrid"{
            ec{"Madrid"}
        }
        "Europe:Malta"{
            ec{"Malta"}
        }
        "Europe:Mariehamn"{
            ec{"Mariehamn"}
        }
        "Europe:Minsk"{
            ec{"Minsk"}
        }
        "Europe:Monaco"{
            ec{"Mónaco"}
        }
        "Europe:Moscow"{
            ec{"Moscú"}
        }
        "Europe:Oslo"{
            ec{"Oslo"}
        }
        "Europe:Paris"{
            ec{"París"}
        }
        "Europe:Podgorica"{
            ec{"Podgorica"}
        }
        "Europe:Prague"{
            ec{"Praga"}
        }
        "Europe:Riga"{
            ec{"Riga"}
        }
        "Europe:Rome"{
            ec{"Roma"}
        }
        "Europe:Samara"{
            ec{"Samara"}
        }
        "Europe:San_Marino"{
            ec{"San Marino"}
        }
        "Europe:Sarajevo"{
            ec{"Sarajevo"}
        }
        "Europe:Saratov"{
            ec{"Sarátov"}
        }
        "Europe:Simferopol"{
            ec{"Simferópol"}
        }
        "Europe:Skopje"{
            ec{"Skopie"}
        }
        "Europe:Sofia"{
            ec{"Sofía"}
        }
        "Europe:Stockholm"{
            ec{"Estocolmo"}
        }
        "Europe:Tallinn"{
            ec{"Tallin"}
        }
        "Europe:Tirane"{
            ec{"Tirana"}
        }
        "Europe:Ulyanovsk"{
            ec{"Uliánovsk"}
        }
        "Europe:Uzhgorod"{
            ec{"Úzhgorod"}
        }
        "Europe:Vaduz"{
            ec{"Vaduz"}
        }
        "Europe:Vatican"{
            ec{"El Vaticano"}
        }
        "Europe:Vienna"{
            ec{"Viena"}
        }
        "Europe:Vilnius"{
            ec{"Vilna"}
        }
        "Europe:Volgograd"{
            ec{"Volgogrado"}
        }
        "Europe:Warsaw"{
            ec{"Varsovia"}
        }
        "Europe:Zagreb"{
            ec{"Zagreb"}
        }
        "Europe:Zaporozhye"{
            ec{"Zaporiyia"}
        }
        "Europe:Zurich"{
            ec{"Zúrich"}
        }
        "Indian:Antananarivo"{
            ec{"Antananarivo"}
        }
        "Indian:Chagos"{
            ec{"Chagos"}
        }
        "Indian:Christmas"{
            ec{"Navidad"}
        }
        "Indian:Cocos"{
            ec{"Cocos"}
        }
        "Indian:Comoro"{
            ec{"Comoras"}
        }
        "Indian:Kerguelen"{
            ec{"Kerguelen"}
        }
        "Indian:Mahe"{
            ec{"Mahé"}
        }
        "Indian:Maldives"{
            ec{"Maldivas"}
        }
        "Indian:Mauritius"{
            ec{"Mauricio"}
        }
        "Indian:Mayotte"{
            ec{"Mayotte"}
        }
        "Indian:Reunion"{
            ec{"Reunión"}
        }
        "Pacific:Apia"{
            ec{"Apia"}
        }
        "Pacific:Auckland"{
            ec{"Auckland"}
        }
        "Pacific:Bougainville"{
            ec{"Bougainville"}
        }
        "Pacific:Chatham"{
            ec{"Chatham"}
        }
        "Pacific:Easter"{
            ec{"Isla de Pascua"}
        }
        "Pacific:Efate"{
            ec{"Efate"}
        }
        "Pacific:Enderbury"{
            ec{"Enderbury"}
        }
        "Pacific:Fakaofo"{
            ec{"Fakaofo"}
        }
        "Pacific:Fiji"{
            ec{"Fiyi"}
        }
        "Pacific:Funafuti"{
            ec{"Funafuti"}
        }
        "Pacific:Galapagos"{
            ec{"Galápagos"}
        }
        "Pacific:Gambier"{
            ec{"Gambier"}
        }
        "Pacific:Guadalcanal"{
            ec{"Guadalcanal"}
        }
        "Pacific:Guam"{
            ec{"Guam"}
        }
        "Pacific:Honolulu"{
            ec{"Honolulú"}
        }
        "Pacific:Johnston"{
            ec{"Johnston"}
        }
        "Pacific:Kiritimati"{
            ec{"Kiritimati"}
        }
        "Pacific:Kosrae"{
            ec{"Kosrae"}
        }
        "Pacific:Kwajalein"{
            ec{"Kwajalein"}
        }
        "Pacific:Majuro"{
            ec{"Majuro"}
        }
        "Pacific:Marquesas"{
            ec{"Marquesas"}
        }
        "Pacific:Midway"{
            ec{"Midway"}
        }
        "Pacific:Nauru"{
            ec{"Nauru"}
        }
        "Pacific:Niue"{
            ec{"Niue"}
        }
        "Pacific:Norfolk"{
            ec{"Norfolk"}
        }
        "Pacific:Noumea"{
            ec{"Numea"}
        }
        "Pacific:Pago_Pago"{
            ec{"Pago Pago"}
        }
        "Pacific:Palau"{
            ec{"Palaos"}
        }
        "Pacific:Pitcairn"{
            ec{"Pitcairn"}
        }
        "Pacific:Ponape"{
            ec{"Pohnpei"}
        }
        "Pacific:Port_Moresby"{
            ec{"Port Moresby"}
        }
        "Pacific:Rarotonga"{
            ec{"Rarotonga"}
        }
        "Pacific:Saipan"{
            ec{"Saipán"}
        }
        "Pacific:Tahiti"{
            ec{"Tahití"}
        }
        "Pacific:Tarawa"{
            ec{"Tarawa"}
        }
        "Pacific:Tongatapu"{
            ec{"Tongatapu"}
        }
        "Pacific:Truk"{
            ec{"Chuuk"}
        }
        "Pacific:Wake"{
            ec{"Wake"}
        }
        "Pacific:Wallis"{
            ec{"Wallis"}
        }
        "meta:Acre"{
            ld{"Hora de verano de Acre"}
            lg{"Hora de Acre"}
            ls{"Hora estándar de Acre"}
        }
        "meta:Afghanistan"{
            ls{"hora de Afganistán"}
        }
        "meta:Africa_Central"{
            ls{"hora de África central"}
        }
        "meta:Africa_Eastern"{
            ls{"hora de África oriental"}
        }
        "meta:Africa_Southern"{
            ls{"hora de Sudáfrica"}
        }
        "meta:Africa_Western"{
            ld{"hora de verano de África occidental"}
            lg{"hora de África occidental"}
            ls{"hora estándar de África occidental"}
        }
        "meta:Alaska"{
            ld{"hora de verano de Alaska"}
            lg{"hora de Alaska"}
            ls{"hora estándar de Alaska"}
        }
        "meta:Amazon"{
            ld{"hora de verano del Amazonas"}
            lg{"hora del Amazonas"}
            ls{"hora estándar del Amazonas"}
        }
        "meta:America_Central"{
            ld{"hora de verano central"}
            lg{"hora central"}
            ls{"hora estándar central"}
        }
        "meta:America_Eastern"{
            ld{"hora de verano oriental"}
            lg{"hora oriental"}
            ls{"hora estándar oriental"}
        }
        "meta:America_Mountain"{
            ld{"hora de verano de las Montañas Rocosas"}
            lg{"hora de las Montañas Rocosas"}
            ls{"hora estándar de las Montañas Rocosas"}
        }
        "meta:America_Pacific"{
            ld{"hora de verano del Pacífico"}
            lg{"hora del Pacífico"}
            ls{"hora estándar del Pacífico"}
        }
        "meta:Anadyr"{
            ld{"hora de verano de Anadyr"}
            lg{"hora de Anadyr"}
            ls{"hora estándar de Anadyr"}
        }
        "meta:Apia"{
            ld{"horario de verano de Apia"}
            lg{"hora de Apia"}
            ls{"hora estándar de Apia"}
        }
        "meta:Aqtau"{
            ld{"Hora de verano de Aktau"}
            lg{"Hora de Aktau"}
            ls{"Hora estándar de Aktau"}
        }
        "meta:Aqtobe"{
            ld{"Hora de verano de Aktobe"}
            lg{"Hora de Aktobe"}
            ls{"Hora estándar de Aktobe"}
        }
        "meta:Arabian"{
            ld{"hora de verano de Arabia"}
            lg{"hora de Arabia"}
            ls{"hora estándar de Arabia"}
        }
        "meta:Argentina"{
            ld{"hora de verano de Argentina"}
            lg{"hora de Argentina"}
            ls{"hora estándar de Argentina"}
        }
        "meta:Argentina_Western"{
            ld{"hora de verano de Argentina occidental"}
            lg{"hora de Argentina occidental"}
            ls{"hora estándar de Argentina occidental"}
        }
        "meta:Armenia"{
            ld{"hora de verano de Armenia"}
            lg{"hora de Armenia"}
            ls{"hora estándar de Armenia"}
        }
        "meta:Atlantic"{
            ld{"hora de verano del Atlántico"}
            lg{"hora del Atlántico"}
            ls{"hora estándar del Atlántico"}
        }
        "meta:Australia_Central"{
            ld{"hora de verano de Australia central"}
            lg{"hora de Australia central"}
            ls{"hora estándar de Australia central"}
        }
        "meta:Australia_CentralWestern"{
            ld{"hora de verano de Australia centroccidental"}
            lg{"hora de Australia centroccidental"}
            ls{"hora estándar de Australia centroccidental"}
        }
        "meta:Australia_Eastern"{
            ld{"hora de verano de Australia oriental"}
            lg{"hora de Australia oriental"}
            ls{"hora estándar de Australia oriental"}
        }
        "meta:Australia_Western"{
            ld{"hora de verano de Australia occidental"}
            lg{"hora de Australia occidental"}
            ls{"hora estándar de Australia occidental"}
        }
        "meta:Azerbaijan"{
            ld{"hora de verano de Azerbaiyán"}
            lg{"hora de Azerbaiyán"}
            ls{"hora estándar de Azerbaiyán"}
        }
        "meta:Azores"{
            ld{"hora de verano de las Azores"}
            lg{"hora de las Azores"}
            ls{"hora estándar de las Azores"}
        }
        "meta:Bangladesh"{
            ld{"hora de verano de Bangladés"}
            lg{"hora de Bangladés"}
            ls{"hora estándar de Bangladés"}
        }
        "meta:Bhutan"{
            ls{"hora de Bután"}
        }
        "meta:Bolivia"{
            ls{"hora de Bolivia"}
        }
        "meta:Brasilia"{
            ld{"hora de verano de Brasilia"}
            lg{"hora de Brasilia"}
            ls{"hora estándar de Brasilia"}
        }
        "meta:Brunei"{
            ls{"hora de Brunéi"}
        }
        "meta:Cape_Verde"{
            ld{"hora de verano de Cabo Verde"}
            lg{"hora de Cabo Verde"}
            ls{"hora estándar de Cabo Verde"}
        }
        "meta:Chamorro"{
            ls{"hora estándar de Chamorro"}
        }
        "meta:Chatham"{
            ld{"hora de verano de Chatham"}
            lg{"hora de Chatham"}
            ls{"hora estándar de Chatham"}
        }
        "meta:Chile"{
            ld{"hora de verano de Chile"}
            lg{"hora de Chile"}
            ls{"hora estándar de Chile"}
        }
        "meta:China"{
            ld{"hora de verano de China"}
            lg{"hora de China"}
            ls{"hora estándar de China"}
        }
        "meta:Choibalsan"{
            ld{"hora de verano de Choibalsan"}
            lg{"hora de Choibalsan"}
            ls{"hora estándar de Choibalsan"}
        }
        "meta:Christmas"{
            ls{"hora de la Isla de Navidad"}
        }
        "meta:Cocos"{
            ls{"hora de las Islas Cocos"}
        }
        "meta:Colombia"{
            ld{"hora de verano de Colombia"}
            lg{"hora de Colombia"}
            ls{"hora estándar de Colombia"}
        }
        "meta:Cook"{
            ld{"hora de verano media de las Islas Cook"}
            lg{"hora de las Islas Cook"}
            ls{"hora estándar de las Islas Cook"}
        }
        "meta:Cuba"{
            ld{"hora de verano de Cuba"}
            lg{"hora de Cuba"}
            ls{"hora estándar de Cuba"}
        }
        "meta:Davis"{
            ls{"hora de Davis"}
        }
        "meta:DumontDUrville"{
            ls{"hora de Dumont-d’Urville"}
        }
        "meta:East_Timor"{
            ls{"hora de Timor Oriental"}
        }
        "meta:Easter"{
            ld{"hora de verano de la isla de Pascua"}
            lg{"hora de la isla de Pascua"}
            ls{"hora estándar de la isla de Pascua"}
        }
        "meta:Ecuador"{
            ls{"hora de Ecuador"}
        }
        "meta:Europe_Central"{
            ld{"hora de verano de Europa central"}
            lg{"hora de Europa central"}
            ls{"hora estándar de Europa central"}
            sd{"CEST"}
            sg{"CET"}
            ss{"CET"}
        }
        "meta:Europe_Eastern"{
            ld{"hora de verano de Europa oriental"}
            lg{"hora de Europa oriental"}
            ls{"hora estándar de Europa oriental"}
            sd{"EEST"}
            sg{"EET"}
            ss{"EET"}
        }
        "meta:Europe_Further_Eastern"{
            ls{"hora del extremo oriental de Europa"}
        }
        "meta:Europe_Western"{
            ld{"hora de verano de Europa occidental"}
            lg{"hora de Europa occidental"}
            ls{"hora estándar de Europa occidental"}
            sd{"WEST"}
            sg{"WET"}
            ss{"WET"}
        }
        "meta:Falkland"{
            ld{"hora de verano de las islas Malvinas"}
            lg{"hora de las islas Malvinas"}
            ls{"hora estándar de las islas Malvinas"}
        }
        "meta:Fiji"{
            ld{"hora de verano de Fiyi"}
            lg{"hora de Fiyi"}
            ls{"hora estándar de Fiyi"}
        }
        "meta:French_Guiana"{
            ls{"hora de la Guayana Francesa"}
        }
        "meta:French_Southern"{
            ls{"hora de Antártida y Territorios Australes Franceses"}
        }
        "meta:GMT"{
            ls{"hora del meridiano de Greenwich"}
            ss{"GMT"}
        }
        "meta:Galapagos"{
            ls{"hora de Galápagos"}
        }
        "meta:Gambier"{
            ls{"hora de Gambier"}
        }
        "meta:Georgia"{
            ld{"hora de verano de Georgia"}
            lg{"hora de Georgia"}
            ls{"hora estándar de Georgia"}
        }
        "meta:Gilbert_Islands"{
            ls{"hora de las islas Gilbert"}
        }
        "meta:Greenland_Eastern"{
            ld{"hora de verano de Groenlandia oriental"}
            lg{"hora de Groenlandia oriental"}
            ls{"hora estándar de Groenlandia oriental"}
        }
        "meta:Greenland_Western"{
            ld{"hora de verano de Groenlandia occidental"}
            lg{"hora de Groenlandia occidental"}
            ls{"hora estándar de Groenlandia occidental"}
        }
        "meta:Guam"{
            ls{"Hora estándar de Guam"}
        }
        "meta:Gulf"{
            ls{"hora estándar del Golfo"}
        }
        "meta:Guyana"{
            ls{"hora de Guyana"}
        }
        "meta:Hawaii_Aleutian"{
            ld{"hora de verano de Hawái-Aleutianas"}
            lg{"hora de Hawái-Aleutianas"}
            ls{"hora estándar de Hawái-Aleutianas"}
        }
        "meta:Hong_Kong"{
            ld{"hora de verano de Hong Kong"}
            lg{"hora de Hong Kong"}
            ls{"hora estándar de Hong Kong"}
        }
        "meta:Hovd"{
            ld{"hora de verano de Hovd"}
            lg{"hora de Hovd"}
            ls{"hora estándar de Hovd"}
        }
        "meta:India"{
            ls{"hora estándar de la India"}
        }
        "meta:Indian_Ocean"{
            ls{"hora del océano Índico"}
        }
        "meta:Indochina"{
            ls{"hora de Indochina"}
        }
        "meta:Indonesia_Central"{
            ls{"hora de Indonesia central"}
        }
        "meta:Indonesia_Eastern"{
            ls{"hora de Indonesia oriental"}
        }
        "meta:Indonesia_Western"{
            ls{"hora de Indonesia occidental"}
        }
        "meta:Iran"{
            ld{"hora de verano de Irán"}
            lg{"hora de Irán"}
            ls{"hora estándar de Irán"}
        }
        "meta:Irkutsk"{
            ld{"hora de verano de Irkutsk"}
            lg{"hora de Irkutsk"}
            ls{"hora estándar de Irkutsk"}
        }
        "meta:Israel"{
            ld{"hora de verano de Israel"}
            lg{"hora de Israel"}
            ls{"hora estándar de Israel"}
        }
        "meta:Japan"{
            ld{"hora de verano de Japón"}
            lg{"hora de Japón"}
            ls{"hora estándar de Japón"}
        }
        "meta:Kamchatka"{
            ld{"hora de verano de Kamchatka"}
            lg{"hora de Kamchatka"}
            ls{"hora estándar de Kamchatka"}
        }
        "meta:Kazakhstan_Eastern"{
            ls{"hora de Kazajistán oriental"}
        }
        "meta:Kazakhstan_Western"{
            ls{"hora de Kazajistán occidental"}
        }
        "meta:Korea"{
            ld{"hora de verano de Corea"}
            lg{"hora de Corea"}
            ls{"hora estándar de Corea"}
        }
        "meta:Kosrae"{
            ls{"hora de Kosrae"}
        }
        "meta:Krasnoyarsk"{
            ld{"hora de verano de Krasnoyarsk"}
            lg{"hora de Krasnoyarsk"}
            ls{"hora estándar de Krasnoyarsk"}
        }
        "meta:Kyrgystan"{
            ls{"hora de Kirguistán"}
        }
        "meta:Lanka"{
            ls{"Hora de Sri Lanka"}
        }
        "meta:Line_Islands"{
            ls{"hora de las Espóradas Ecuatoriales"}
        }
        "meta:Lord_Howe"{
            ld{"hora de verano de Lord Howe"}
            lg{"hora de Lord Howe"}
            ls{"hora estándar de Lord Howe"}
        }
        "meta:Macau"{
            ld{"Hora de verano de Macao"}
            lg{"Hora de Macao"}
            ls{"Hora estándar de Macao"}
        }
        "meta:Macquarie"{
            ls{"hora de la isla Macquarie"}
        }
        "meta:Magadan"{
            ld{"hora de verano de Magadán"}
            lg{"hora de Magadán"}
            ls{"hora estándar de Magadán"}
        }
        "meta:Malaysia"{
            ls{"hora de Malasia"}
        }
        "meta:Maldives"{
            ls{"hora de Maldivas"}
        }
        "meta:Marquesas"{
            ls{"hora de Marquesas"}
        }
        "meta:Marshall_Islands"{
            ls{"hora de las Islas Marshall"}
        }
        "meta:Mauritius"{
            ld{"hora de verano de Mauricio"}
            lg{"hora de Mauricio"}
            ls{"hora estándar de Mauricio"}
        }
        "meta:Mawson"{
            ls{"hora de Mawson"}
        }
        "meta:Mexico_Northwest"{
            ld{"hora de verano del noroeste de México"}
            lg{"hora del noroeste de México"}
            ls{"hora estándar del noroeste de México"}
        }
        "meta:Mexico_Pacific"{
            ld{"hora de verano del Pacífico de México"}
            lg{"hora del Pacífico de México"}
            ls{"hora estándar del Pacífico de México"}
        }
        "meta:Mongolia"{
            ld{"hora de verano de Ulán Bator"}
            lg{"hora de Ulán Bator"}
            ls{"hora estándar de Ulán Bator"}
        }
        "meta:Moscow"{
            ld{"hora de verano de Moscú"}
            lg{"hora de Moscú"}
            ls{"hora estándar de Moscú"}
        }
        "meta:Myanmar"{
            ls{"hora de Myanmar"}
        }
        "meta:Nauru"{
            ls{"hora de Nauru"}
        }
        "meta:Nepal"{
            ls{"hora de Nepal"}
        }
        "meta:New_Caledonia"{
            ld{"hora de verano de Nueva Caledonia"}
            lg{"hora de Nueva Caledonia"}
            ls{"hora estándar de Nueva Caledonia"}
        }
        "meta:New_Zealand"{
            ld{"hora de verano de Nueva Zelanda"}
            lg{"hora de Nueva Zelanda"}
            ls{"hora estándar de Nueva Zelanda"}
        }
        "meta:Newfoundland"{
            ld{"hora de verano de Terranova"}
            lg{"hora de Terranova"}
            ls{"hora estándar de Terranova"}
        }
        "meta:Niue"{
            ls{"hora de Niue"}
        }
        "meta:Norfolk"{
            ld{"hora de verano de la isla Norfolk"}
            lg{"hora de la isla Norfolk"}
            ls{"hora estándar de la isla Norfolk"}
        }
        "meta:Noronha"{
            ld{"hora de verano de Fernando de Noronha"}
            lg{"hora de Fernando de Noronha"}
            ls{"hora estándar de Fernando de Noronha"}
        }
        "meta:North_Mariana"{
            ls{"Hora de las Islas Marianas del Norte"}
        }
        "meta:Novosibirsk"{
            ld{"hora de verano de Novosibirsk"}
            lg{"hora de Novosibirsk"}
            ls{"hora estándar de Novosibirsk"}
        }
        "meta:Omsk"{
            ld{"hora de verano de Omsk"}
            lg{"hora de Omsk"}
            ls{"hora estándar de Omsk"}
        }
        "meta:Pakistan"{
            ld{"hora de verano de Pakistán"}
            lg{"hora de Pakistán"}
            ls{"hora estándar de Pakistán"}
        }
        "meta:Palau"{
            ls{"hora de Palaos"}
        }
        "meta:Papua_New_Guinea"{
            ls{"hora de Papúa Nueva Guinea"}
        }
        "meta:Paraguay"{
            ld{"hora de verano de Paraguay"}
            lg{"hora de Paraguay"}
            ls{"hora estándar de Paraguay"}
        }
        "meta:Peru"{
            ld{"hora de verano de Perú"}
            lg{"hora de Perú"}
            ls{"hora estándar de Perú"}
        }
        "meta:Philippines"{
            ld{"hora de verano de Filipinas"}
            lg{"hora de Filipinas"}
            ls{"hora estándar de Filipinas"}
        }
        "meta:Phoenix_Islands"{
            ls{"hora de las Islas Fénix"}
        }
        "meta:Pierre_Miquelon"{
            ld{"hora de verano de San Pedro y Miquelón"}
            lg{"hora de San Pedro y Miquelón"}
            ls{"hora estándar de San Pedro y Miquelón"}
        }
        "meta:Pitcairn"{
            ls{"hora de Pitcairn"}
        }
        "meta:Ponape"{
            ls{"hora de Pohnpei"}
        }
        "meta:Pyongyang"{
            ls{"hora de Pyongyang"}
        }
        "meta:Qyzylorda"{
            ld{"Hora de verano de Qyzylorda"}
            lg{"Hora de Qyzylorda"}
            ls{"Hora estándar de Qyzylorda"}
        }
        "meta:Reunion"{
            ls{"hora de Reunión"}
        }
        "meta:Rothera"{
            ls{"hora de Rothera"}
        }
        "meta:Sakhalin"{
            ld{"hora de verano de Sajalín"}
            lg{"hora de Sajalín"}
            ls{"hora estándar de Sajalín"}
        }
        "meta:Samara"{
            ld{"hora de verano de Samara"}
            lg{"hora de Samara"}
            ls{"hora estándar de Samara"}
        }
        "meta:Samoa"{
            ld{"hora de verano de Samoa"}
            lg{"hora de Samoa"}
            ls{"hora estándar de Samoa"}
        }
        "meta:Seychelles"{
            ls{"hora de Seychelles"}
        }
        "meta:Singapore"{
            ls{"hora de Singapur"}
        }
        "meta:Solomon"{
            ls{"hora de las Islas Salomón"}
        }
        "meta:South_Georgia"{
            ls{"hora de Georgia del Sur"}
        }
        "meta:Suriname"{
            ls{"hora de Surinam"}
        }
        "meta:Syowa"{
            ls{"hora de Syowa"}
        }
        "meta:Tahiti"{
            ls{"hora de Tahití"}
        }
        "meta:Taipei"{
            ld{"hora de verano de Taipéi"}
            lg{"hora de Taipéi"}
            ls{"hora estándar de Taipéi"}
        }
        "meta:Tajikistan"{
            ls{"hora de Tayikistán"}
        }
        "meta:Tokelau"{
            ls{"hora de Tokelau"}
        }
        "meta:Tonga"{
            ld{"hora de verano de Tonga"}
            lg{"hora de Tonga"}
            ls{"hora estándar de Tonga"}
        }
        "meta:Truk"{
            ls{"hora de Chuuk"}
        }
        "meta:Turkmenistan"{
            ld{"hora de verano de Turkmenistán"}
            lg{"hora de Turkmenistán"}
            ls{"hora estándar de Turkmenistán"}
        }
        "meta:Tuvalu"{
            ls{"hora de Tuvalu"}
        }
        "meta:Uruguay"{
            ld{"hora de verano de Uruguay"}
            lg{"hora de Uruguay"}
            ls{"hora estándar de Uruguay"}
        }
        "meta:Uzbekistan"{
            ld{"hora de verano de Uzbekistán"}
            lg{"hora de Uzbekistán"}
            ls{"hora estándar de Uzbekistán"}
        }
        "meta:Vanuatu"{
            ld{"hora de verano de Vanuatu"}
            lg{"hora de Vanuatu"}
            ls{"hora estándar de Vanuatu"}
        }
        "meta:Venezuela"{
            ls{"hora de Venezuela"}
        }
        "meta:Vladivostok"{
            ld{"hora de verano de Vladivostok"}
            lg{"hora de Vladivostok"}
            ls{"hora estándar de Vladivostok"}
        }
        "meta:Volgograd"{
            ld{"hora de verano de Volgogrado"}
            lg{"hora de Volgogrado"}
            ls{"hora estándar de Volgogrado"}
        }
        "meta:Vostok"{
            ls{"hora de Vostok"}
        }
        "meta:Wake"{
            ls{"hora de la isla Wake"}
        }
        "meta:Wallis"{
            ls{"hora de Wallis y Futuna"}
        }
        "meta:Yakutsk"{
            ld{"hora de verano de Yakutsk"}
            lg{"hora de Yakutsk"}
            ls{"hora estándar de Yakutsk"}
        }
        "meta:Yekaterinburg"{
            ld{"hora de verano de Ekaterimburgo"}
            lg{"hora de Ekaterimburgo"}
            ls{"hora estándar de Ekaterimburgo"}
        }
        fallbackFormat{"{1} ({0})"}
        gmtFormat{"GMT{0}"}
        gmtZeroFormat{"GMT"}
        hourFormat{"+HH:mm;-HH:mm"}
        regionFormat{"hora de {0}"}
        regionFormatDaylight{"horario de verano de {0}"}
        regionFormatStandard{"horario estándar de {0}"}
    }
}
