// © 2016 and later: Unicode, Inc. and others.
// License & terms of use: http://www.unicode.org/copyright.html
// Generated using tools/cldr/cldr-to-icu/build-icu-data.xml
eu{
    zoneStrings{
        "Africa:Abidjan"{
            ec{"Abidjan"}
        }
        "Africa:Accra"{
            ec{"Akkra"}
        }
        "Africa:Addis_Ababa"{
            ec{"Addis Abeba"}
        }
        "Africa:Algiers"{
            ec{"Aljer"}
        }
        "Africa:Asmera"{
            ec{"Asmara"}
        }
        "Africa:Bamako"{
            ec{"Bamako"}
        }
        "Africa:Bangui"{
            ec{"Bangi"}
        }
        "Africa:Banjul"{
            ec{"Banjul"}
        }
        "Africa:Bissau"{
            ec{"Bissau"}
        }
        "Africa:Blantyre"{
            ec{"Blantyre"}
        }
        "Africa:Brazzaville"{
            ec{"Brazzaville"}
        }
        "Africa:Bujumbura"{
            ec{"Bujumbura"}
        }
        "Africa:Cairo"{
            ec{"Kairo"}
        }
        "Africa:Casablanca"{
            ec{"Casablanca"}
        }
        "Africa:Ceuta"{
            ec{"Ceuta"}
        }
        "Africa:Conakry"{
            ec{"Konakry"}
        }
        "Africa:Dakar"{
            ec{"Dakar"}
        }
        "Africa:Dar_es_Salaam"{
            ec{"Dar es Salaam"}
        }
        "Africa:Djibouti"{
            ec{"Djibuti"}
        }
        "Africa:Douala"{
            ec{"Douala"}
        }
        "Africa:El_Aaiun"{
            ec{"Aaiun"}
        }
        "Africa:Freetown"{
            ec{"Freetown"}
        }
        "Africa:Gaborone"{
            ec{"Gaborone"}
        }
        "Africa:Harare"{
            ec{"Harare"}
        }
        "Africa:Johannesburg"{
            ec{"Johannesburgo"}
        }
        "Africa:Juba"{
            ec{"Juba"}
        }
        "Africa:Kampala"{
            ec{"Kampala"}
        }
        "Africa:Khartoum"{
            ec{"Khartoum"}
        }
        "Africa:Kigali"{
            ec{"Kigali"}
        }
        "Africa:Kinshasa"{
            ec{"Kinshasa"}
        }
        "Africa:Lagos"{
            ec{"Lagos"}
        }
        "Africa:Libreville"{
            ec{"Libreville"}
        }
        "Africa:Lome"{
            ec{"Lome"}
        }
        "Africa:Luanda"{
            ec{"Luanda"}
        }
        "Africa:Lubumbashi"{
            ec{"Lubumbashi"}
        }
        "Africa:Lusaka"{
            ec{"Lusaka"}
        }
        "Africa:Malabo"{
            ec{"Malabo"}
        }
        "Africa:Maputo"{
            ec{"Maputo"}
        }
        "Africa:Maseru"{
            ec{"Maseru"}
        }
        "Africa:Mbabane"{
            ec{"Mbabane"}
        }
        "Africa:Mogadishu"{
            ec{"Muqdisho"}
        }
        "Africa:Monrovia"{
            ec{"Monrovia"}
        }
        "Africa:Nairobi"{
            ec{"Nairobi"}
        }
        "Africa:Ndjamena"{
            ec{"N’djamena"}
        }
        "Africa:Niamey"{
            ec{"Niamei"}
        }
        "Africa:Nouakchott"{
            ec{"Nuakxot"}
        }
        "Africa:Ouagadougou"{
            ec{"Uagadugu"}
        }
        "Africa:Porto-Novo"{
            ec{"Porto Novo"}
        }
        "Africa:Sao_Tome"{
            ec{"Sao Tome"}
        }
        "Africa:Tripoli"{
            ec{"Tripoli"}
        }
        "Africa:Tunis"{
            ec{"Tunis"}
        }
        "Africa:Windhoek"{
            ec{"Windhoek"}
        }
        "America:Adak"{
            ec{"Adak"}
        }
        "America:Anchorage"{
            ec{"Anchorage"}
        }
        "America:Anguilla"{
            ec{"Aingira"}
        }
        "America:Antigua"{
            ec{"Antigua"}
        }
        "America:Araguaina"{
            ec{"Araguaína"}
        }
        "America:Argentina:La_Rioja"{
            ec{"La Rioja"}
        }
        "America:Argentina:Rio_Gallegos"{
            ec{"Rio Gallegos"}
        }
        "America:Argentina:Salta"{
            ec{"Salta"}
        }
        "America:Argentina:San_Juan"{
            ec{"San Juan"}
        }
        "America:Argentina:San_Luis"{
            ec{"San Luis"}
        }
        "America:Argentina:Tucuman"{
            ec{"Tucumán"}
        }
        "America:Argentina:Ushuaia"{
            ec{"Ushuaia"}
        }
        "America:Aruba"{
            ec{"Aruba"}
        }
        "America:Asuncion"{
            ec{"Asuncion"}
        }
        "America:Bahia"{
            ec{"Bahia"}
        }
        "America:Bahia_Banderas"{
            ec{"Bahía de Banderas"}
        }
        "America:Barbados"{
            ec{"Barbados"}
        }
        "America:Belem"{
            ec{"Belem"}
        }
        "America:Belize"{
            ec{"Belize"}
        }
        "America:Blanc-Sablon"{
            ec{"Blanc-Sablon"}
        }
        "America:Boa_Vista"{
            ec{"Boa Vista"}
        }
        "America:Bogota"{
            ec{"Bogota"}
        }
        "America:Boise"{
            ec{"Boise"}
        }
        "America:Buenos_Aires"{
            ec{"Buenos Aires"}
        }
        "America:Cambridge_Bay"{
            ec{"Cambridge Bay"}
        }
        "America:Campo_Grande"{
            ec{"Campo Grande"}
        }
        "America:Cancun"{
            ec{"Cancún"}
        }
        "America:Caracas"{
            ec{"Caracas"}
        }
        "America:Catamarca"{
            ec{"Catamarca"}
        }
        "America:Cayenne"{
            ec{"Cayenne"}
        }
        "America:Cayman"{
            ec{"Kaiman"}
        }
        "America:Chicago"{
            ec{"Chicago"}
        }
        "America:Chihuahua"{
            ec{"Chihuahua"}
        }
        "America:Coral_Harbour"{
            ec{"Atikokan"}
        }
        "America:Cordoba"{
            ec{"Córdoba"}
        }
        "America:Costa_Rica"{
            ec{"Costa Rica"}
        }
        "America:Creston"{
            ec{"Creston"}
        }
        "America:Cuiaba"{
            ec{"Cuiabá"}
        }
        "America:Curacao"{
            ec{"Curaçao"}
        }
        "America:Danmarkshavn"{
            ec{"Danmarkshavn"}
        }
        "America:Dawson"{
            ec{"Dawson"}
        }
        "America:Dawson_Creek"{
            ec{"Dawson Creek"}
        }
        "America:Denver"{
            ec{"Denver"}
        }
        "America:Detroit"{
            ec{"Detroit"}
        }
        "America:Dominica"{
            ec{"Dominika"}
        }
        "America:Edmonton"{
            ec{"Edmonton"}
        }
        "America:Eirunepe"{
            ec{"Eirunepé"}
        }
        "America:El_Salvador"{
            ec{"El Salvador"}
        }
        "America:Fort_Nelson"{
            ec{"Fort Nelson"}
        }
        "America:Fortaleza"{
            ec{"Fortaleza"}
        }
        "America:Glace_Bay"{
            ec{"Glace Bay"}
        }
        "America:Godthab"{
            ec{"Nuuk"}
        }
        "America:Goose_Bay"{
            ec{"Goose Bay"}
        }
        "America:Grand_Turk"{
            ec{"Grand Turk"}
        }
        "America:Grenada"{
            ec{"Grenada"}
        }
        "America:Guadeloupe"{
            ec{"Guadalupe"}
        }
        "America:Guatemala"{
            ec{"Guatemala"}
        }
        "America:Guayaquil"{
            ec{"Guayaquil"}
        }
        "America:Guyana"{
            ec{"Guyana"}
        }
        "America:Halifax"{
            ec{"Halifax"}
        }
        "America:Havana"{
            ec{"Habana"}
        }
        "America:Hermosillo"{
            ec{"Hermosillo"}
        }
        "America:Indiana:Knox"{
            ec{"Knox, Indiana"}
        }
        "America:Indiana:Marengo"{
            ec{"Marengo, Indiana"}
        }
        "America:Indiana:Petersburg"{
            ec{"Petersburg, Indiana"}
        }
        "America:Indiana:Tell_City"{
            ec{"Tell City, Indiana"}
        }
        "America:Indiana:Vevay"{
            ec{"Vevay, Indiana"}
        }
        "America:Indiana:Vincennes"{
            ec{"Vincennes, Indiana"}
        }
        "America:Indiana:Winamac"{
            ec{"Winamac, Indiana"}
        }
        "America:Indianapolis"{
            ec{"Indianapolis"}
        }
        "America:Inuvik"{
            ec{"Inuvik"}
        }
        "America:Iqaluit"{
            ec{"Iqaluit"}
        }
        "America:Jamaica"{
            ec{"Jamaika"}
        }
        "America:Jujuy"{
            ec{"Jujuy"}
        }
        "America:Juneau"{
            ec{"Juneau"}
        }
        "America:Kentucky:Monticello"{
            ec{"Monticello, Kentucky"}
        }
        "America:Kralendijk"{
            ec{"Kralendijk"}
        }
        "America:La_Paz"{
            ec{"La Paz"}
        }
        "America:Lima"{
            ec{"Lima"}
        }
        "America:Los_Angeles"{
            ec{"Los Angeles"}
        }
        "America:Louisville"{
            ec{"Louisville"}
        }
        "America:Lower_Princes"{
            ec{"Lower Prince’s Quarter"}
        }
        "America:Maceio"{
            ec{"Maceió"}
        }
        "America:Managua"{
            ec{"Managua"}
        }
        "America:Manaus"{
            ec{"Manaus"}
        }
        "America:Marigot"{
            ec{"Marigot"}
        }
        "America:Martinique"{
            ec{"Martinika"}
        }
        "America:Matamoros"{
            ec{"Matamoros"}
        }
        "America:Mazatlan"{
            ec{"Mazatlán"}
        }
        "America:Mendoza"{
            ec{"Mendoza"}
        }
        "America:Menominee"{
            ec{"Menominee"}
        }
        "America:Merida"{
            ec{"Mérida"}
        }
        "America:Metlakatla"{
            ec{"Metlakatla"}
        }
        "America:Mexico_City"{
            ec{"Mexiko Hiria"}
        }
        "America:Miquelon"{
            ec{"Mikelune"}
        }
        "America:Moncton"{
            ec{"Moncton"}
        }
        "America:Monterrey"{
            ec{"Monterrey"}
        }
        "America:Montevideo"{
            ec{"Montevideo"}
        }
        "America:Montserrat"{
            ec{"Montserrat"}
        }
        "America:Nassau"{
            ec{"Nassau"}
        }
        "America:New_York"{
            ec{"New York"}
        }
        "America:Nipigon"{
            ec{"Nipigon"}
        }
        "America:Nome"{
            ec{"Nome"}
        }
        "America:Noronha"{
            ec{"Noronha"}
        }
        "America:North_Dakota:Beulah"{
            ec{"Beulah, Ipar Dakota"}
        }
        "America:North_Dakota:Center"{
            ec{"Center, Ipar Dakota"}
        }
        "America:North_Dakota:New_Salem"{
            ec{"New Salem, Ipar Dakota"}
        }
        "America:Ojinaga"{
            ec{"Ojinaga"}
        }
        "America:Panama"{
            ec{"Panama"}
        }
        "America:Pangnirtung"{
            ec{"Pangnirtung"}
        }
        "America:Paramaribo"{
            ec{"Paramaribo"}
        }
        "America:Phoenix"{
            ec{"Phoenix"}
        }
        "America:Port-au-Prince"{
            ec{"Port-au-Prince"}
        }
        "America:Port_of_Spain"{
            ec{"Port-of-Spain"}
        }
        "America:Porto_Velho"{
            ec{"Porto Velho"}
        }
        "America:Puerto_Rico"{
            ec{"Puerto Rico"}
        }
        "America:Punta_Arenas"{
            ec{"Punta Arenas"}
        }
        "America:Rainy_River"{
            ec{"Rainy River"}
        }
        "America:Rankin_Inlet"{
            ec{"Rankin Inlet"}
        }
        "America:Recife"{
            ec{"Recife"}
        }
        "America:Regina"{
            ec{"Regina"}
        }
        "America:Resolute"{
            ec{"Resolute"}
        }
        "America:Rio_Branco"{
            ec{"Rio Branco"}
        }
        "America:Santa_Isabel"{
            ec{"Santa Isabel"}
        }
        "America:Santarem"{
            ec{"Santarém"}
        }
        "America:Santiago"{
            ec{"Santiago"}
        }
        "America:Santo_Domingo"{
            ec{"Santo Domingo"}
        }
        "America:Sao_Paulo"{
            ec{"São Paulo"}
        }
        "America:Scoresbysund"{
            ec{"Ittoqqortoormiit"}
        }
        "America:Sitka"{
            ec{"Sitka"}
        }
        "America:St_Barthelemy"{
            ec{"Saint-Barthélemy"}
        }
        "America:St_Johns"{
            ec{"Saint John’s"}
        }
        "America:St_Kitts"{
            ec{"Saint Kitts"}
        }
        "America:St_Lucia"{
            ec{"Santa Luzia"}
        }
        "America:St_Thomas"{
            ec{"Saint-Thomas"}
        }
        "America:St_Vincent"{
            ec{"Saint Vincent"}
        }
        "America:Swift_Current"{
            ec{"Swift Current"}
        }
        "America:Tegucigalpa"{
            ec{"Tegucigalpa"}
        }
        "America:Thule"{
            ec{"Qaanaac"}
        }
        "America:Thunder_Bay"{
            ec{"Thunder Bay"}
        }
        "America:Tijuana"{
            ec{"Tijuana"}
        }
        "America:Toronto"{
            ec{"Toronto"}
        }
        "America:Tortola"{
            ec{"Tortola"}
        }
        "America:Vancouver"{
            ec{"Vancouver"}
        }
        "America:Whitehorse"{
            ec{"Whitehorse"}
        }
        "America:Winnipeg"{
            ec{"Winnipeg"}
        }
        "America:Yakutat"{
            ec{"Yakutat"}
        }
        "America:Yellowknife"{
            ec{"Yellowknife"}
        }
        "Antarctica:Casey"{
            ec{"Casey"}
        }
        "Antarctica:Davis"{
            ec{"Davis"}
        }
        "Antarctica:DumontDUrville"{
            ec{"Dumont d’Urville"}
        }
        "Antarctica:Macquarie"{
            ec{"Macquarie"}
        }
        "Antarctica:Mawson"{
            ec{"Mawson"}
        }
        "Antarctica:McMurdo"{
            ec{"McMurdo"}
        }
        "Antarctica:Palmer"{
            ec{"Palmer"}
        }
        "Antarctica:Rothera"{
            ec{"Rothera"}
        }
        "Antarctica:Syowa"{
            ec{"Syowa"}
        }
        "Antarctica:Troll"{
            ec{"Troll"}
        }
        "Antarctica:Vostok"{
            ec{"Vostok"}
        }
        "Arctic:Longyearbyen"{
            ec{"Longyearbyen"}
        }
        "Asia:Aden"{
            ec{"Aden"}
        }
        "Asia:Almaty"{
            ec{"Almaty"}
        }
        "Asia:Amman"{
            ec{"Amman"}
        }
        "Asia:Anadyr"{
            ec{"Anadyr"}
        }
        "Asia:Aqtau"{
            ec{"Aktau"}
        }
        "Asia:Aqtobe"{
            ec{"Aktobe"}
        }
        "Asia:Ashgabat"{
            ec{"Asgabat"}
        }
        "Asia:Atyrau"{
            ec{"Atyrau"}
        }
        "Asia:Baghdad"{
            ec{"Bagdad"}
        }
        "Asia:Bahrain"{
            ec{"Bahrain"}
        }
        "Asia:Baku"{
            ec{"Baku"}
        }
        "Asia:Bangkok"{
            ec{"Bangkok"}
        }
        "Asia:Barnaul"{
            ec{"Barnaul"}
        }
        "Asia:Beirut"{
            ec{"Beirut"}
        }
        "Asia:Bishkek"{
            ec{"Bixkek"}
        }
        "Asia:Brunei"{
            ec{"Brunei"}
        }
        "Asia:Calcutta"{
            ec{"Kalkuta"}
        }
        "Asia:Chita"{
            ec{"Chita"}
        }
        "Asia:Choibalsan"{
            ec{"Txoibalsan"}
        }
        "Asia:Colombo"{
            ec{"Kolombo"}
        }
        "Asia:Damascus"{
            ec{"Damasko"}
        }
        "Asia:Dhaka"{
            ec{"Dhaka"}
        }
        "Asia:Dili"{
            ec{"Dili"}
        }
        "Asia:Dubai"{
            ec{"Dubai"}
        }
        "Asia:Dushanbe"{
            ec{"Duxanbe"}
        }
        "Asia:Famagusta"{
            ec{"Famagusta"}
        }
        "Asia:Gaza"{
            ec{"Gaza"}
        }
        "Asia:Hebron"{
            ec{"Hebron"}
        }
        "Asia:Hong_Kong"{
            ec{"Hong Kong"}
        }
        "Asia:Hovd"{
            ec{"Khovd"}
        }
        "Asia:Irkutsk"{
            ec{"Irkutsk"}
        }
        "Asia:Jakarta"{
            ec{"Jakarta"}
        }
        "Asia:Jayapura"{
            ec{"Jayapura"}
        }
        "Asia:Jerusalem"{
            ec{"Jerusalem"}
        }
        "Asia:Kabul"{
            ec{"Kabul"}
        }
        "Asia:Kamchatka"{
            ec{"Kamtxatka"}
        }
        "Asia:Karachi"{
            ec{"Karatxi"}
        }
        "Asia:Katmandu"{
            ec{"Katmandu"}
        }
        "Asia:Khandyga"{
            ec{"Khandiga"}
        }
        "Asia:Krasnoyarsk"{
            ec{"Krasnoiarsk"}
        }
        "Asia:Kuala_Lumpur"{
            ec{"Kuala Lumpur"}
        }
        "Asia:Kuching"{
            ec{"Kuching"}
        }
        "Asia:Kuwait"{
            ec{"Kuwait"}
        }
        "Asia:Macau"{
            ec{"Macau"}
        }
        "Asia:Magadan"{
            ec{"Magadan"}
        }
        "Asia:Makassar"{
            ec{"Makassar"}
        }
        "Asia:Manila"{
            ec{"Manila"}
        }
        "Asia:Muscat"{
            ec{"Maskat"}
        }
        "Asia:Nicosia"{
            ec{"Nikosia"}
        }
        "Asia:Novokuznetsk"{
            ec{"Novokuznetsk"}
        }
        "Asia:Novosibirsk"{
            ec{"Novosibirsk"}
        }
        "Asia:Omsk"{
            ec{"Omsk"}
        }
        "Asia:Oral"{
            ec{"Oral"}
        }
        "Asia:Phnom_Penh"{
            ec{"Phnom Penh"}
        }
        "Asia:Pontianak"{
            ec{"Pontianak"}
        }
        "Asia:Pyongyang"{
            ec{"Piongiang"}
        }
        "Asia:Qatar"{
            ec{"Qatar"}
        }
        "Asia:Qostanay"{
            ec{"Kostanay"}
        }
        "Asia:Qyzylorda"{
            ec{"Kyzylorda"}
        }
        "Asia:Rangoon"{
            ec{"Yangon"}
        }
        "Asia:Riyadh"{
            ec{"Riad"}
        }
        "Asia:Saigon"{
            ec{"Ho Chi Minh"}
        }
        "Asia:Sakhalin"{
            ec{"Sakhalin"}
        }
        "Asia:Samarkand"{
            ec{"Samarkanda"}
        }
        "Asia:Seoul"{
            ec{"Seul"}
        }
        "Asia:Shanghai"{
            ec{"Shanghai"}
        }
        "Asia:Singapore"{
            ec{"Singapur"}
        }
        "Asia:Srednekolymsk"{
            ec{"Srednekolimsk"}
        }
        "Asia:Taipei"{
            ec{"Taipei"}
        }
        "Asia:Tashkent"{
            ec{"Taxkent"}
        }
        "Asia:Tbilisi"{
            ec{"Tbilisi"}
        }
        "Asia:Tehran"{
            ec{"Teheran"}
        }
        "Asia:Thimphu"{
            ec{"Thimphu"}
        }
        "Asia:Tokyo"{
            ec{"Tokio"}
        }
        "Asia:Tomsk"{
            ec{"Tomsk"}
        }
        "Asia:Ulaanbaatar"{
            ec{"Ulan Bator"}
        }
        "Asia:Urumqi"{
            ec{"Ürümqi"}
        }
        "Asia:Ust-Nera"{
            ec{"Ust-Nera"}
        }
        "Asia:Vientiane"{
            ec{"Vientian"}
        }
        "Asia:Vladivostok"{
            ec{"Vladivostok"}
        }
        "Asia:Yakutsk"{
            ec{"Jakutsk"}
        }
        "Asia:Yekaterinburg"{
            ec{"Jekaterinburg"}
        }
        "Asia:Yerevan"{
            ec{"Erevan"}
        }
        "Atlantic:Azores"{
            ec{"Azoreak"}
        }
        "Atlantic:Bermuda"{
            ec{"Bermuda"}
        }
        "Atlantic:Canary"{
            ec{"Kanariak"}
        }
        "Atlantic:Cape_Verde"{
            ec{"Cabo Verde"}
        }
        "Atlantic:Faeroe"{
            ec{"Faroe"}
        }
        "Atlantic:Madeira"{
            ec{"Madeira"}
        }
        "Atlantic:Reykjavik"{
            ec{"Reykjavik"}
        }
        "Atlantic:South_Georgia"{
            ec{"South Georgia"}
        }
        "Atlantic:St_Helena"{
            ec{"Santa Helena"}
        }
        "Atlantic:Stanley"{
            ec{"Stanley"}
        }
        "Australia:Adelaide"{
            ec{"Adelaide"}
        }
        "Australia:Brisbane"{
            ec{"Brisbane"}
        }
        "Australia:Broken_Hill"{
            ec{"Broken Hill"}
        }
        "Australia:Currie"{
            ec{"Currie"}
        }
        "Australia:Darwin"{
            ec{"Darwin"}
        }
        "Australia:Eucla"{
            ec{"Eucla"}
        }
        "Australia:Hobart"{
            ec{"Hobart"}
        }
        "Australia:Lindeman"{
            ec{"Lindeman"}
        }
        "Australia:Lord_Howe"{
            ec{"Lord Howe"}
        }
        "Australia:Melbourne"{
            ec{"Melbourne"}
        }
        "Australia:Perth"{
            ec{"Perth"}
        }
        "Australia:Sydney"{
            ec{"Sydney"}
        }
        "Etc:UTC"{
            ls{"ordu unibertsal koordinatua"}
        }
        "Etc:Unknown"{
            ec{"Hiri ezezaguna"}
        }
        "Europe:Amsterdam"{
            ec{"Amsterdam"}
        }
        "Europe:Andorra"{
            ec{"Andorra"}
        }
        "Europe:Astrakhan"{
            ec{"Astrakhan"}
        }
        "Europe:Athens"{
            ec{"Atenas"}
        }
        "Europe:Belgrade"{
            ec{"Belgrad"}
        }
        "Europe:Berlin"{
            ec{"Berlin"}
        }
        "Europe:Bratislava"{
            ec{"Bratislava"}
        }
        "Europe:Brussels"{
            ec{"Brusela"}
        }
        "Europe:Bucharest"{
            ec{"Bukarest"}
        }
        "Europe:Budapest"{
            ec{"Budapest"}
        }
        "Europe:Busingen"{
            ec{"Büsingen"}
        }
        "Europe:Chisinau"{
            ec{"Chisinau"}
        }
        "Europe:Copenhagen"{
            ec{"Kopenhage"}
        }
        "Europe:Dublin"{
            ec{"Dublin"}
            ld{"Irlandako ordu estandarra"}
        }
        "Europe:Gibraltar"{
            ec{"Gibraltar"}
        }
        "Europe:Guernsey"{
            ec{"Guernesey"}
        }
        "Europe:Helsinki"{
            ec{"Helsinki"}
        }
        "Europe:Isle_of_Man"{
            ec{"Man uhartea"}
        }
        "Europe:Istanbul"{
            ec{"Istanbul"}
        }
        "Europe:Jersey"{
            ec{"Jersey"}
        }
        "Europe:Kaliningrad"{
            ec{"Kaliningrad"}
        }
        "Europe:Kiev"{
            ec{"Kiev"}
        }
        "Europe:Kirov"{
            ec{"Kirov"}
        }
        "Europe:Lisbon"{
            ec{"Lisboa"}
        }
        "Europe:Ljubljana"{
            ec{"Ljubljana"}
        }
        "Europe:London"{
            ec{"Londres"}
            ld{"Londresko udako ordua"}
        }
        "Europe:Luxembourg"{
            ec{"Luxenburgo"}
        }
        "Europe:Madrid"{
            ec{"Madril"}
        }
        "Europe:Malta"{
            ec{"Malta"}
        }
        "Europe:Mariehamn"{
            ec{"Mariehamn"}
        }
        "Europe:Minsk"{
            ec{"Minsk"}
        }
        "Europe:Monaco"{
            ec{"Monako"}
        }
        "Europe:Moscow"{
            ec{"Mosku"}
        }
        "Europe:Oslo"{
            ec{"Oslo"}
        }
        "Europe:Paris"{
            ec{"Paris"}
        }
        "Europe:Podgorica"{
            ec{"Podgorica"}
        }
        "Europe:Prague"{
            ec{"Praga"}
        }
        "Europe:Riga"{
            ec{"Riga"}
        }
        "Europe:Rome"{
            ec{"Erroma"}
        }
        "Europe:Samara"{
            ec{"Samara"}
        }
        "Europe:San_Marino"{
            ec{"San Marino"}
        }
        "Europe:Sarajevo"{
            ec{"Sarajevo"}
        }
        "Europe:Saratov"{
            ec{"Saratov"}
        }
        "Europe:Simferopol"{
            ec{"Simferopol"}
        }
        "Europe:Skopje"{
            ec{"Skopje"}
        }
        "Europe:Sofia"{
            ec{"Sofia"}
        }
        "Europe:Stockholm"{
            ec{"Stockholm"}
        }
        "Europe:Tallinn"{
            ec{"Tallinn"}
        }
        "Europe:Tirane"{
            ec{"Tirana"}
        }
        "Europe:Ulyanovsk"{
            ec{"Ulianovsk"}
        }
        "Europe:Uzhgorod"{
            ec{"Uzhhorod"}
        }
        "Europe:Vaduz"{
            ec{"Vaduz"}
        }
        "Europe:Vatican"{
            ec{"Vatikano Hiria"}
        }
        "Europe:Vienna"{
            ec{"Viena"}
        }
        "Europe:Vilnius"{
            ec{"Vilnius"}
        }
        "Europe:Volgograd"{
            ec{"Volgograd"}
        }
        "Europe:Warsaw"{
            ec{"Varsovia"}
        }
        "Europe:Zagreb"{
            ec{"Zagreb"}
        }
        "Europe:Zaporozhye"{
            ec{"Zaporozhye"}
        }
        "Europe:Zurich"{
            ec{"Zürich"}
        }
        "Indian:Antananarivo"{
            ec{"Antananarivo"}
        }
        "Indian:Chagos"{
            ec{"Chagos"}
        }
        "Indian:Christmas"{
            ec{"Christmas"}
        }
        "Indian:Cocos"{
            ec{"Cocos"}
        }
        "Indian:Comoro"{
            ec{"Comoro"}
        }
        "Indian:Kerguelen"{
            ec{"Kerguelen"}
        }
        "Indian:Mahe"{
            ec{"Mahé"}
        }
        "Indian:Maldives"{
            ec{"Maldivak"}
        }
        "Indian:Mauritius"{
            ec{"Maurizio"}
        }
        "Indian:Mayotte"{
            ec{"Mayotte"}
        }
        "Indian:Reunion"{
            ec{"Reunion"}
        }
        "Pacific:Apia"{
            ec{"Apia"}
        }
        "Pacific:Auckland"{
            ec{"Auckland"}
        }
        "Pacific:Bougainville"{
            ec{"Bougainville"}
        }
        "Pacific:Chatham"{
            ec{"Chatham"}
        }
        "Pacific:Easter"{
            ec{"Pazko uhartea"}
        }
        "Pacific:Efate"{
            ec{"Éfaté"}
        }
        "Pacific:Enderbury"{
            ec{"Enderbury"}
        }
        "Pacific:Fakaofo"{
            ec{"Fakaofo"}
        }
        "Pacific:Fiji"{
            ec{"Fiji"}
        }
        "Pacific:Funafuti"{
            ec{"Funafuti"}
        }
        "Pacific:Galapagos"{
            ec{"Galapagoak"}
        }
        "Pacific:Gambier"{
            ec{"Gambier"}
        }
        "Pacific:Guadalcanal"{
            ec{"Guadalcanal"}
        }
        "Pacific:Guam"{
            ec{"Guam"}
        }
        "Pacific:Honolulu"{
            ec{"Honolulu"}
        }
        "Pacific:Johnston"{
            ec{"Johnston"}
        }
        "Pacific:Kiritimati"{
            ec{"Kiritimati"}
        }
        "Pacific:Kosrae"{
            ec{"Kosrae"}
        }
        "Pacific:Kwajalein"{
            ec{"Kwajalein"}
        }
        "Pacific:Majuro"{
            ec{"Majuro"}
        }
        "Pacific:Marquesas"{
            ec{"Markesak"}
        }
        "Pacific:Midway"{
            ec{"Midway"}
        }
        "Pacific:Nauru"{
            ec{"Nauru"}
        }
        "Pacific:Niue"{
            ec{"Niue"}
        }
        "Pacific:Norfolk"{
            ec{"Norfolk"}
        }
        "Pacific:Noumea"{
            ec{"Nouméa"}
        }
        "Pacific:Pago_Pago"{
            ec{"Pago Pago"}
        }
        "Pacific:Palau"{
            ec{"Palau"}
        }
        "Pacific:Pitcairn"{
            ec{"Pitcairn"}
        }
        "Pacific:Ponape"{
            ec{"Pohnpei"}
        }
        "Pacific:Port_Moresby"{
            ec{"Port Moresby"}
        }
        "Pacific:Rarotonga"{
            ec{"Rarotonga"}
        }
        "Pacific:Saipan"{
            ec{"Saipan"}
        }
        "Pacific:Tahiti"{
            ec{"Tahiti"}
        }
        "Pacific:Tarawa"{
            ec{"Tarawa"}
        }
        "Pacific:Tongatapu"{
            ec{"Tongatapu"}
        }
        "Pacific:Truk"{
            ec{"Chuuk"}
        }
        "Pacific:Wake"{
            ec{"Wake"}
        }
        "Pacific:Wallis"{
            ec{"Wallis"}
        }
        "meta:Afghanistan"{
            ls{"Afganistango ordua"}
        }
        "meta:Africa_Central"{
            ls{"Afrikako erdialdeko ordua"}
        }
        "meta:Africa_Eastern"{
            ls{"Afrikako ekialdeko ordua"}
        }
        "meta:Africa_Southern"{
            ls{"Afrikako hegoaldeko ordua"}
        }
        "meta:Africa_Western"{
            ld{"Afrikako mendebaldeko udako ordua"}
            lg{"Afrikako mendebaldeko ordua"}
            ls{"Afrikako mendebaldeko ordu estandarra"}
        }
        "meta:Alaska"{
            ld{"Alaskako udako ordua"}
            lg{"Alaskako ordua"}
            ls{"Alaskako ordu estandarra"}
        }
        "meta:Amazon"{
            ld{"Amazoniako udako ordua"}
            lg{"Amazoniako ordua"}
            ls{"Amazoniako ordu estandarra"}
        }
        "meta:America_Central"{
            ld{"Ipar Amerikako erdialdeko udako ordua"}
            lg{"Ipar Amerikako erdialdeko ordua"}
            ls{"Ipar Amerikako erdialdeko ordu estandarra"}
        }
        "meta:America_Eastern"{
            ld{"Ipar Amerikako ekialdeko udako ordua"}
            lg{"Ipar Amerikako ekialdeko ordua"}
            ls{"Ipar Amerikako ekialdeko ordu estandarra"}
        }
        "meta:America_Mountain"{
            ld{"Ipar Amerikako mendialdeko udako ordua"}
            lg{"Ipar Amerikako mendialdeko ordua"}
            ls{"Ipar Amerikako mendialdeko ordu estandarra"}
        }
        "meta:America_Pacific"{
            ld{"Ipar Amerikako Pazifikoko udako ordua"}
            lg{"Ipar Amerikako Pazifikoko ordua"}
            ls{"Ipar Amerikako Pazifikoko ordu estandarra"}
        }
        "meta:Anadyr"{
            ld{"Anadyrreko udako ordua"}
            lg{"Anadyrreko ordua"}
            ls{"Anadyrreko ordu estandarra"}
        }
        "meta:Apia"{
            ld{"Apiako udako ordua"}
            lg{"Apiako ordua"}
            ls{"Apiako ordu estandarra"}
        }
        "meta:Arabian"{
            ld{"Arabiako udako ordua"}
            lg{"Arabiako ordua"}
            ls{"Arabiako ordu estandarra"}
        }
        "meta:Argentina"{
            ld{"Argentinako udako ordua"}
            lg{"Argentinako ordua"}
            ls{"Argentinako ordu estandarra"}
        }
        "meta:Argentina_Western"{
            ld{"Argentina mendebaldeko udako ordua"}
            lg{"Argentina mendebaldeko ordua"}
            ls{"Argentina mendebaldeko ordu estandarra"}
        }
        "meta:Armenia"{
            ld{"Armeniako udako ordua"}
            lg{"Armeniako ordua"}
            ls{"Armeniako ordu estandarra"}
        }
        "meta:Atlantic"{
            ld{"Ipar Amerikako Atlantikoko udako ordua"}
            lg{"Ipar Amerikako Atlantikoko ordua"}
            ls{"Ipar Amerikako Atlantikoko ordu estandarra"}
        }
        "meta:Australia_Central"{
            ld{"Australiako erdialdeko udako ordua"}
            lg{"Australiako erdialdeko ordua"}
            ls{"Australiako erdialdeko ordu estandarra"}
        }
        "meta:Australia_CentralWestern"{
            ld{"Australiako erdi-mendebaldeko udako ordua"}
            lg{"Australiako erdi-mendebaldeko ordua"}
            ls{"Australiako erdi-mendebaldeko ordu estandarra"}
        }
        "meta:Australia_Eastern"{
            ld{"Australiako ekialdeko udako ordua"}
            lg{"Australiako ekialdeko ordua"}
            ls{"Australiako ekialdeko ordu estandarra"}
        }
        "meta:Australia_Western"{
            ld{"Australiako mendebaldeko udako ordua"}
            lg{"Australiako mendebaldeko ordua"}
            ls{"Australiako mendebaldeko ordu estandarra"}
        }
        "meta:Azerbaijan"{
            ld{"Azerbaijango udako ordua"}
            lg{"Azerbaijango ordua"}
            ls{"Azerbaijango ordu estandarra"}
        }
        "meta:Azores"{
            ld{"Azoreetako udako ordua"}
            lg{"Azoreetako ordua"}
            ls{"Azoreetako ordu estandarra"}
        }
        "meta:Bangladesh"{
            ld{"Bangladesheko udako ordua"}
            lg{"Bangladesheko ordua"}
            ls{"Bangladesheko ordu estandarra"}
        }
        "meta:Bhutan"{
            ls{"Bhutango ordua"}
        }
        "meta:Bolivia"{
            ls{"Boliviako ordua"}
        }
        "meta:Brasilia"{
            ld{"Brasiliako udako ordua"}
            lg{"Brasiliako ordua"}
            ls{"Brasiliako ordu estandarra"}
        }
        "meta:Brunei"{
            ls{"Brunei Darussalamgo ordua"}
        }
        "meta:Cape_Verde"{
            ld{"Cabo Verdeko udako ordua"}
            lg{"Cabo Verdeko ordua"}
            ls{"Cabo Verdeko ordu estandarra"}
        }
        "meta:Chamorro"{
            ls{"Chamorroko ordu estandarra"}
        }
        "meta:Chatham"{
            ld{"Chathamgo udako ordua"}
            lg{"Chathamgo ordua"}
            ls{"Chathamgo ordu estandarra"}
        }
        "meta:Chile"{
            ld{"Txileko udako ordua"}
            lg{"Txileko ordua"}
            ls{"Txileko ordu estandarra"}
        }
        "meta:China"{
            ld{"Txinako udako ordua"}
            lg{"Txinako ordua"}
            ls{"Txinako ordu estandarra"}
        }
        "meta:Choibalsan"{
            ld{"Txoibalsango udako ordua"}
            lg{"Txoibalsango ordua"}
            ls{"Txoibalsango ordu estandarra"}
        }
        "meta:Christmas"{
            ls{"Christmas uharteko ordua"}
        }
        "meta:Cocos"{
            ls{"Cocos uharteetako ordua"}
        }
        "meta:Colombia"{
            ld{"Kolonbiako udako ordua"}
            lg{"Kolonbiako ordua"}
            ls{"Kolonbiako ordu estandarra"}
        }
        "meta:Cook"{
            ld{"Cook uharteetako uda erdialdeko ordua"}
            lg{"Cook uharteetako ordua"}
            ls{"Cook uharteetako ordu estandarra"}
        }
        "meta:Cuba"{
            ld{"Kubako udako ordua"}
            lg{"Kubako ordua"}
            ls{"Kubako ordu estandarra"}
        }
        "meta:Davis"{
            ls{"Daviseko ordua"}
        }
        "meta:DumontDUrville"{
            ls{"Dumont-d’Urvilleko ordua"}
        }
        "meta:East_Timor"{
            ls{"Ekialdeko Timorreko ordua"}
        }
        "meta:Easter"{
            ld{"Pazko uharteko udako ordua"}
            lg{"Pazko uharteko ordua"}
            ls{"Pazko uharteko ordu estandarra"}
        }
        "meta:Ecuador"{
            ls{"Ekuadorreko ordua"}
        }
        "meta:Europe_Central"{
            ld{"Europako erdialdeko udako ordua"}
            lg{"Europako erdialdeko ordua"}
            ls{"Europako erdialdeko ordu estandarra"}
            sd{"CEST"}
            sg{"CET"}
            ss{"CET"}
        }
        "meta:Europe_Eastern"{
            ld{"Europako ekialdeko udako ordua"}
            lg{"Europako ekialdeko ordua"}
            ls{"Europako ekialdeko ordu estandarra"}
            sd{"EEST"}
            sg{"EET"}
            ss{"EET"}
        }
        "meta:Europe_Further_Eastern"{
            ls{"Europako ekialde urruneko ordua"}
        }
        "meta:Europe_Western"{
            ld{"Europako mendebaldeko udako ordua"}
            lg{"Europako mendebaldeko ordua"}
            ls{"Europako mendebaldeko ordu estandarra"}
            sd{"WEST"}
            sg{"WET"}
            ss{"WET"}
        }
        "meta:Falkland"{
            ld{"Falkland uharteetako udako ordua"}
            lg{"Falkland uharteetako ordua"}
            ls{"Falkland uharteetako ordu estandarra"}
        }
        "meta:Fiji"{
            ld{"Fijiko udako ordua"}
            lg{"Fijiko ordua"}
            ls{"Fijiko ordu estandarra"}
        }
        "meta:French_Guiana"{
            ls{"Guyana Frantseseko ordua"}
        }
        "meta:French_Southern"{
            ls{"Frantziaren lurralde austral eta antartikoetako ordutegia"}
        }
        "meta:GMT"{
            ls{"Greenwichko meridianoaren ordua"}
            ss{"GMT"}
        }
        "meta:Galapagos"{
            ls{"Galapagoetako ordua"}
        }
        "meta:Gambier"{
            ls{"Gambierretako ordua"}
        }
        "meta:Georgia"{
            ld{"Georgiako udako ordua"}
            lg{"Georgiako ordua"}
            ls{"Georgiako ordu estandarra"}
        }
        "meta:Gilbert_Islands"{
            ls{"Gilbert uharteetako ordua"}
        }
        "meta:Greenland_Eastern"{
            ld{"Groenlandiako ekialdeko udako ordua"}
            lg{"Groenlandiako ekialdeko ordua"}
            ls{"Groenlandiako ekialdeko ordu estandarra"}
        }
        "meta:Greenland_Western"{
            ld{"Groenlandiako mendebaldeko udako ordua"}
            lg{"Groenlandiako mendebaldeko ordua"}
            ls{"Groenlandiako mendebaldeko ordu estandarra"}
        }
        "meta:Gulf"{
            ls{"Golkoko ordu estandarra"}
        }
        "meta:Guyana"{
            ls{"Guyanako ordua"}
        }
        "meta:Hawaii_Aleutian"{
            ld{"Hawaii-Aleutiar uharteetako udako ordua"}
            lg{"Hawaii-Aleutiar uharteetako ordua"}
            ls{"Hawaii-Aleutiar uharteetako ordu estandarra"}
        }
        "meta:Hong_Kong"{
            ld{"Hong Kongo udako ordua"}
            lg{"Hong Kongo ordua"}
            ls{"Hong Kongo ordu estandarra"}
        }
        "meta:Hovd"{
            ld{"Khovdeko udako ordua"}
            lg{"Khovdeko ordua"}
            ls{"Khovdeko ordu estandarra"}
        }
        "meta:India"{
            ls{"Indiako ordua"}
        }
        "meta:Indian_Ocean"{
            ls{"Indiako Ozeanoko ordua"}
        }
        "meta:Indochina"{
            ls{"Indotxinako ordua"}
        }
        "meta:Indonesia_Central"{
            ls{"Indonesiako erdialdeko ordua"}
        }
        "meta:Indonesia_Eastern"{
            ls{"Indonesiako ekialdeko ordua"}
        }
        "meta:Indonesia_Western"{
            ls{"Indonesiako mendebaldeko ordua"}
        }
        "meta:Iran"{
            ld{"Irango udako ordua"}
            lg{"Irango ordua"}
            ls{"Irango ordu estandarra"}
        }
        "meta:Irkutsk"{
            ld{"Irkutskeko udako ordua"}
            lg{"Irkutskeko ordua"}
            ls{"Irkutskeko ordu estandarra"}
        }
        "meta:Israel"{
            ld{"Israelgo udako ordua"}
            lg{"Israelgo ordua"}
            ls{"Israelgo ordu estandarra"}
        }
        "meta:Japan"{
            ld{"Japoniako udako ordua"}
            lg{"Japoniako ordua"}
            ls{"Japoniako ordu estandarra"}
        }
        "meta:Kamchatka"{
            ld{"Petropavlovsk-Kamchatskiko udako ordua"}
            lg{"Petropavlovsk-Kamchatskiko ordua"}
            ls{"Petropavlovsk-Kamchatskiko ordu estandarra"}
        }
        "meta:Kazakhstan_Eastern"{
            ls{"Kazakhstango ekialdeko ordua"}
        }
        "meta:Kazakhstan_Western"{
            ls{"Kazakhstango mendebaldeko ordua"}
        }
        "meta:Korea"{
            ld{"Koreako udako ordua"}
            lg{"Koreako ordua"}
            ls{"Koreako ordu estandarra"}
        }
        "meta:Kosrae"{
            ls{"Kosraeko ordua"}
        }
        "meta:Krasnoyarsk"{
            ld{"Krasnoiarskeko udako ordua"}
            lg{"Krasnoiarskeko ordua"}
            ls{"Krasnoiarskeko ordu estandarra"}
        }
        "meta:Kyrgystan"{
            ls{"Kirgizistango ordua"}
        }
        "meta:Line_Islands"{
            ls{"Line uharteetako ordua"}
        }
        "meta:Lord_Howe"{
            ld{"Lord Howeko udako ordua"}
            lg{"Lord Howeko ordua"}
            ls{"Lord Howeko ordu estandarra"}
        }
        "meta:Macquarie"{
            ls{"Macquarie uharteko ordua"}
        }
        "meta:Magadan"{
            ld{"Magadango udako ordua"}
            lg{"Magadango ordua"}
            ls{"Magadango ordu estandarra"}
        }
        "meta:Malaysia"{
            ls{"Malaysiako ordua"}
        }
        "meta:Maldives"{
            ls{"Maldivetako ordua"}
        }
        "meta:Marquesas"{
            ls{"Markesetako ordua"}
        }
        "meta:Marshall_Islands"{
            ls{"Marshall Uharteetako ordua"}
        }
        "meta:Mauritius"{
            ld{"Maurizioko udako ordua"}
            lg{"Maurizioko ordua"}
            ls{"Maurizioko ordu estandarra"}
        }
        "meta:Mawson"{
            ls{"Mawsoneko ordua"}
        }
        "meta:Mexico_Northwest"{
            ld{"Mexikoko ipar-ekialdeko udako ordua"}
            lg{"Mexikoko ipar-ekialdeko ordua"}
            ls{"Mexikoko ipar-ekialdeko ordu estandarra"}
        }
        "meta:Mexico_Pacific"{
            ld{"Mexikoko Pazifikoko udako ordua"}
            lg{"Mexikoko Pazifikoko ordua"}
            ls{"Mexikoko Pazifikoko ordu estandarra"}
        }
        "meta:Mongolia"{
            ld{"Ulan Batorreko udako ordua"}
            lg{"Ulan Batorreko ordua"}
            ls{"Ulan Batorreko ordu estandarra"}
        }
        "meta:Moscow"{
            ld{"Moskuko udako ordua"}
            lg{"Moskuko ordua"}
            ls{"Moskuko ordu estandarra"}
        }
        "meta:Myanmar"{
            ls{"Myanmarreko ordua"}
        }
        "meta:Nauru"{
            ls{"Nauruko ordua"}
        }
        "meta:Nepal"{
            ls{"Nepalgo ordua"}
        }
        "meta:New_Caledonia"{
            ld{"Kaledonia Berriko udako ordua"}
            lg{"Kaledonia Berriko ordua"}
            ls{"Kaledonia Berriko ordu estandarra"}
        }
        "meta:New_Zealand"{
            ld{"Zeelanda Berriko udako ordua"}
            lg{"Zeelanda Berriko ordua"}
            ls{"Zeelanda Berriko ordu estandarra"}
        }
        "meta:Newfoundland"{
            ld{"Ternuako udako ordua"}
            lg{"Ternuako ordua"}
            ls{"Ternuako ordu estandarra"}
        }
        "meta:Niue"{
            ls{"Niueko ordua"}
        }
        "meta:Norfolk"{
            ld{"Norfolk uharteetako udako ordua"}
            lg{"Norfolk uharteetako ordua"}
            ls{"Norfolk uharteetako ordu estandarra"}
        }
        "meta:Noronha"{
            ld{"Fernando de Noronhako udako ordua"}
            lg{"Fernando de Noronhako ordua"}
            ls{"Fernando de Noronhako ordu estandarra"}
        }
        "meta:Novosibirsk"{
            ld{"Novosibirskeko udako ordua"}
            lg{"Novosibirskeko ordua"}
            ls{"Novosibirskeko ordu estandarra"}
        }
        "meta:Omsk"{
            ld{"Omskeko udako ordua"}
            lg{"Omskeko ordua"}
            ls{"Omskeko ordu estandarra"}
        }
        "meta:Pakistan"{
            ld{"Pakistango udako ordua"}
            lg{"Pakistango ordua"}
            ls{"Pakistango ordu estandarra"}
        }
        "meta:Palau"{
            ls{"Palauko ordua"}
        }
        "meta:Papua_New_Guinea"{
            ls{"Papua Ginea Berriko ordua"}
        }
        "meta:Paraguay"{
            ld{"Paraguaiko udako ordua"}
            lg{"Paraguaiko ordua"}
            ls{"Paraguaiko ordu estandarra"}
        }
        "meta:Peru"{
            ld{"Peruko udako ordua"}
            lg{"Peruko ordua"}
            ls{"Peruko ordu estandarra"}
        }
        "meta:Philippines"{
            ld{"Filipinetako udako ordua"}
            lg{"Filipinetako ordua"}
            ls{"Filipinetako ordu estandarra"}
        }
        "meta:Phoenix_Islands"{
            ls{"Phoenix uharteetako ordua"}
        }
        "meta:Pierre_Miquelon"{
            ld{"Saint-Pierre eta Mikeluneko udako ordua"}
            lg{"Saint-Pierre eta Mikeluneko ordua"}
            ls{"Saint-Pierre eta Mikeluneko ordu estandarra"}
        }
        "meta:Pitcairn"{
            ls{"Pitcairneko ordua"}
        }
        "meta:Ponape"{
            ls{"Ponapeko ordua"}
        }
        "meta:Pyongyang"{
            ls{"Piongiangeko ordua"}
        }
        "meta:Reunion"{
            ls{"Reunioneko ordua"}
        }
        "meta:Rothera"{
            ls{"Rotherako ordua"}
        }
        "meta:Sakhalin"{
            ld{"Sakhalingo udako ordua"}
            lg{"Sakhalingo ordua"}
            ls{"Sakhalingo ordu estandarra"}
        }
        "meta:Samara"{
            ld{"Samarako udako ordua"}
            lg{"Samarako ordua"}
            ls{"Samarako ordu estandarra"}
        }
        "meta:Samoa"{
            ld{"Samoako udako ordua"}
            lg{"Samoako ordua"}
            ls{"Samoako ordu estandarra"}
        }
        "meta:Seychelles"{
            ls{"Seychelle uharteetako ordua"}
        }
        "meta:Singapore"{
            ls{"Singapurreko ordu estandarra"}
        }
        "meta:Solomon"{
            ls{"Salomon Uharteetako ordua"}
        }
        "meta:South_Georgia"{
            ls{"Hegoaldeko Georgietako ordua"}
        }
        "meta:Suriname"{
            ls{"Surinamgo ordua"}
        }
        "meta:Syowa"{
            ls{"Syowako ordua"}
        }
        "meta:Tahiti"{
            ls{"Tahitiko ordua"}
        }
        "meta:Taipei"{
            ld{"Taipeiko udako ordua"}
            lg{"Taipeiko ordua"}
            ls{"Taipeiko ordu estandarra"}
        }
        "meta:Tajikistan"{
            ls{"Tadjikistango ordua"}
        }
        "meta:Tokelau"{
            ls{"Tokelauko ordua"}
        }
        "meta:Tonga"{
            ld{"Tongako udako ordua"}
            lg{"Tongako ordua"}
            ls{"Tongako ordu estandarra"}
        }
        "meta:Truk"{
            ls{"Chuukeko ordua"}
        }
        "meta:Turkmenistan"{
            ld{"Turkmenistango udako ordua"}
            lg{"Turkmenistango ordua"}
            ls{"Turkmenistango ordu estandarra"}
        }
        "meta:Tuvalu"{
            ls{"Tuvaluko ordua"}
        }
        "meta:Uruguay"{
            ld{"Uruguaiko udako ordua"}
            lg{"Uruguaiko ordua"}
            ls{"Uruguaiko ordu estandarra"}
        }
        "meta:Uzbekistan"{
            ld{"Uzbekistango udako ordua"}
            lg{"Uzbekistango ordua"}
            ls{"Uzbekistango ordu estandarra"}
        }
        "meta:Vanuatu"{
            ld{"Vanuatuko udako ordua"}
            lg{"Vanuatuko ordua"}
            ls{"Vanuatuko ordu estandarra"}
        }
        "meta:Venezuela"{
            ls{"Venezuelako ordua"}
        }
        "meta:Vladivostok"{
            ld{"Vladivostokeko udako ordua"}
            lg{"Vladivostokeko ordua"}
            ls{"Vladivostokeko ordu estandarra"}
        }
        "meta:Volgograd"{
            ld{"Volgogradeko udako ordua"}
            lg{"Volgogradeko ordua"}
            ls{"Volgogradeko ordu estandarra"}
        }
        "meta:Vostok"{
            ls{"Vostokeko ordua"}
        }
        "meta:Wake"{
            ls{"Wake uharteko ordua"}
        }
        "meta:Wallis"{
            ls{"Wallis eta Futunako ordutegia"}
        }
        "meta:Yakutsk"{
            ld{"Jakutskeko udako ordua"}
            lg{"Jakutskeko ordua"}
            ls{"Jakutskeko ordu estandarra"}
        }
        "meta:Yekaterinburg"{
            ld{"Jekaterinburgeko udako ordua"}
            lg{"Jekaterinburgeko ordua"}
            ls{"Jekaterinburgeko ordu estandarra"}
        }
        fallbackFormat{"{1} ({0})"}
        gmtFormat{"GMT{0}"}
        gmtZeroFormat{"GMT"}
        hourFormat{"+HH:mm;-HH:mm"}
        regionFormat{"{0} aldeko ordua"}
        regionFormatDaylight{"{0} (udako ordua)"}
        regionFormatStandard{"{0}(e)ko ordu estandarra"}
    }
}
