// © 2016 and later: Unicode, Inc. and others.
// License & terms of use: http://www.unicode.org/copyright.html
// Generated using tools/cldr/cldr-to-icu/build-icu-data.xml
hi{
    zoneStrings{
        "Africa:Abidjan"{
            ec{"अबिदजान"}
        }
        "Africa:Accra"{
            ec{"एक्रा"}
        }
        "Africa:Addis_Ababa"{
            ec{"अदीस अबाबा"}
        }
        "Africa:Algiers"{
            ec{"अल्जीयर्स"}
        }
        "Africa:Asmera"{
            ec{"अस्मारा"}
        }
        "Africa:Bamako"{
            ec{"बामाको"}
        }
        "Africa:Bangui"{
            ec{"बांगुइ"}
        }
        "Africa:Banjul"{
            ec{"बैंजुल"}
        }
        "Africa:Bissau"{
            ec{"बिसाऊ"}
        }
        "Africa:Blantyre"{
            ec{"ब्लांटायर"}
        }
        "Africa:Brazzaville"{
            ec{"ब्राज़ाविले"}
        }
        "Africa:Bujumbura"{
            ec{"बुजुंबूरा"}
        }
        "Africa:Cairo"{
            ec{"कायरो"}
        }
        "Africa:Casablanca"{
            ec{"कासाब्लांका"}
        }
        "Africa:Ceuta"{
            ec{"सेउटा"}
        }
        "Africa:Conakry"{
            ec{"कोनाक्री"}
        }
        "Africa:Dakar"{
            ec{"डकार"}
        }
        "Africa:Dar_es_Salaam"{
            ec{"दार अस सलाम"}
        }
        "Africa:Djibouti"{
            ec{"जिबूती"}
        }
        "Africa:Douala"{
            ec{"डूआला"}
        }
        "Africa:El_Aaiun"{
            ec{"अल आइयून"}
        }
        "Africa:Freetown"{
            ec{"फ़्रीटाउन"}
        }
        "Africa:Gaborone"{
            ec{"गाबोरोन"}
        }
        "Africa:Harare"{
            ec{"हरारे"}
        }
        "Africa:Johannesburg"{
            ec{"जोहांसबर्ग"}
        }
        "Africa:Juba"{
            ec{"जुबा"}
        }
        "Africa:Kampala"{
            ec{"कंपाला"}
        }
        "Africa:Khartoum"{
            ec{"खार्तूम"}
        }
        "Africa:Kigali"{
            ec{"किगाली"}
        }
        "Africa:Kinshasa"{
            ec{"किंशासा"}
        }
        "Africa:Lagos"{
            ec{"लागोस"}
        }
        "Africa:Libreville"{
            ec{"लिब्रेविले"}
        }
        "Africa:Lome"{
            ec{"लोम"}
        }
        "Africa:Luanda"{
            ec{"लुआंडा"}
        }
        "Africa:Lubumbashi"{
            ec{"लुबुमबाशी"}
        }
        "Africa:Lusaka"{
            ec{"लुसाका"}
        }
        "Africa:Malabo"{
            ec{"मलाबो"}
        }
        "Africa:Maputo"{
            ec{"मापुटो"}
        }
        "Africa:Maseru"{
            ec{"मासेरू"}
        }
        "Africa:Mbabane"{
            ec{"एमबाबेन"}
        }
        "Africa:Mogadishu"{
            ec{"मोगादिशु"}
        }
        "Africa:Monrovia"{
            ec{"मोनरोविया"}
        }
        "Africa:Nairobi"{
            ec{"नैरोबी"}
        }
        "Africa:Ndjamena"{
            ec{"नेद्जामीना"}
        }
        "Africa:Niamey"{
            ec{"नियामी"}
        }
        "Africa:Nouakchott"{
            ec{"नौआकशॉट"}
        }
        "Africa:Ouagadougou"{
            ec{"औगाडोगू"}
        }
        "Africa:Porto-Novo"{
            ec{"पोर्टो-नोवो"}
        }
        "Africa:Sao_Tome"{
            ec{"साओ टोम"}
        }
        "Africa:Tripoli"{
            ec{"त्रिपोली"}
        }
        "Africa:Tunis"{
            ec{"ट्यूनिस"}
        }
        "Africa:Windhoek"{
            ec{"विंडहोक"}
        }
        "America:Adak"{
            ec{"अडक"}
        }
        "America:Anchorage"{
            ec{"एंकरेज"}
        }
        "America:Anguilla"{
            ec{"एंग्विला"}
        }
        "America:Antigua"{
            ec{"एंटीगुआ"}
        }
        "America:Araguaina"{
            ec{"आराग्वेना"}
        }
        "America:Argentina:La_Rioja"{
            ec{"ला रिओजा"}
        }
        "America:Argentina:Rio_Gallegos"{
            ec{"रियो गालेगोस"}
        }
        "America:Argentina:Salta"{
            ec{"साल्टा"}
        }
        "America:Argentina:San_Juan"{
            ec{"सैन ह्वान"}
        }
        "America:Argentina:San_Luis"{
            ec{"सैन लूई"}
        }
        "America:Argentina:Tucuman"{
            ec{"टोकूमन"}
        }
        "America:Argentina:Ushuaia"{
            ec{"उशुआइया"}
        }
        "America:Aruba"{
            ec{"अरूबा"}
        }
        "America:Asuncion"{
            ec{"एसनशियॉन"}
        }
        "America:Bahia"{
            ec{"बहिया"}
        }
        "America:Bahia_Banderas"{
            ec{"बेहिया बांडेरास"}
        }
        "America:Barbados"{
            ec{"बारबाडोस"}
        }
        "America:Belem"{
            ec{"बेलेम"}
        }
        "America:Belize"{
            ec{"बेलीज़"}
        }
        "America:Blanc-Sablon"{
            ec{"ब्लांक-सेबलोन"}
        }
        "America:Boa_Vista"{
            ec{"बोआ विस्ता"}
        }
        "America:Bogota"{
            ec{"बोगोटा"}
        }
        "America:Boise"{
            ec{"बॉइसी"}
        }
        "America:Buenos_Aires"{
            ec{"ब्यूनस आयरस"}
        }
        "America:Cambridge_Bay"{
            ec{"कैम्ब्रिज खाड़ी"}
        }
        "America:Campo_Grande"{
            ec{"कैंपो ग्रांडे"}
        }
        "America:Cancun"{
            ec{"कैनकुन"}
        }
        "America:Caracas"{
            ec{"काराकस"}
        }
        "America:Catamarca"{
            ec{"काटामार्का"}
        }
        "America:Cayenne"{
            ec{"कायेन"}
        }
        "America:Cayman"{
            ec{"कैमेन"}
        }
        "America:Chicago"{
            ec{"शिकागो"}
        }
        "America:Chihuahua"{
            ec{"चिहुआहुआ"}
        }
        "America:Coral_Harbour"{
            ec{"अटिकोकान"}
        }
        "America:Cordoba"{
            ec{"कोर्डोबा"}
        }
        "America:Costa_Rica"{
            ec{"कोस्टा रिका"}
        }
        "America:Creston"{
            ec{"क्रेस्टन"}
        }
        "America:Cuiaba"{
            ec{"क्यूआबा"}
        }
        "America:Curacao"{
            ec{"कुराकाओ"}
        }
        "America:Danmarkshavn"{
            ec{"डेनमार्कशॉन"}
        }
        "America:Dawson"{
            ec{"डॉसन"}
        }
        "America:Dawson_Creek"{
            ec{"डॉसन क्रीक"}
        }
        "America:Denver"{
            ec{"डेनवर"}
        }
        "America:Detroit"{
            ec{"डेट्रॉयट"}
        }
        "America:Dominica"{
            ec{"डोमिनिका"}
        }
        "America:Edmonton"{
            ec{"एडमंटन"}
        }
        "America:Eirunepe"{
            ec{"ईरुनेपे"}
        }
        "America:El_Salvador"{
            ec{"अल सल्वाडोर"}
        }
        "America:Fort_Nelson"{
            ec{"फ़ोर्ट नेल्सन"}
        }
        "America:Fortaleza"{
            ec{"फ़ोर्टालेज़ा"}
        }
        "America:Glace_Bay"{
            ec{"ग्लेस खाड़ी"}
        }
        "America:Godthab"{
            ec{"नुक"}
        }
        "America:Goose_Bay"{
            ec{"गूस खाड़ी"}
        }
        "America:Grand_Turk"{
            ec{"ग्रांड टर्क"}
        }
        "America:Grenada"{
            ec{"ग्रेनाडा"}
        }
        "America:Guadeloupe"{
            ec{"ग्वाडेलोप"}
        }
        "America:Guatemala"{
            ec{"ग्वाटेमाला"}
        }
        "America:Guayaquil"{
            ec{"ग्वायाकील"}
        }
        "America:Guyana"{
            ec{"गयाना"}
        }
        "America:Halifax"{
            ec{"हेलिफ़ैक्स"}
        }
        "America:Havana"{
            ec{"हवाना"}
        }
        "America:Hermosillo"{
            ec{"हर्मोसिल्लो"}
        }
        "America:Indiana:Knox"{
            ec{"नौक्स, इंडियाना"}
        }
        "America:Indiana:Marengo"{
            ec{"मारेंगो, इंडियाना"}
        }
        "America:Indiana:Petersburg"{
            ec{"पीटर्सबर्ग, इंडियाना"}
        }
        "America:Indiana:Tell_City"{
            ec{"टेल सिटी, इंडियाना"}
        }
        "America:Indiana:Vevay"{
            ec{"वेवे, इंडियाना"}
        }
        "America:Indiana:Vincennes"{
            ec{"विंसेनेस, इंडियाना"}
        }
        "America:Indiana:Winamac"{
            ec{"विनामेक, इंडियाना"}
        }
        "America:Indianapolis"{
            ec{"इंडियानापोलिस"}
        }
        "America:Inuvik"{
            ec{"इनूविक"}
        }
        "America:Iqaluit"{
            ec{"इकालुईट"}
        }
        "America:Jamaica"{
            ec{"जमैका"}
        }
        "America:Jujuy"{
            ec{"जुजोए"}
        }
        "America:Juneau"{
            ec{"ज्यूनाउ"}
        }
        "America:Kentucky:Monticello"{
            ec{"मोंटीसेलो, केंटकी"}
        }
        "America:Kralendijk"{
            ec{"क्रालैंडिजिक"}
        }
        "America:La_Paz"{
            ec{"ला पाज़"}
        }
        "America:Lima"{
            ec{"लीमा"}
        }
        "America:Los_Angeles"{
            ec{"लॉस एंजिल्स"}
        }
        "America:Louisville"{
            ec{"लुइसविले"}
        }
        "America:Lower_Princes"{
            ec{"लोअर प्रिंसेस क्वार्टर"}
        }
        "America:Maceio"{
            ec{"मेसीओ"}
        }
        "America:Managua"{
            ec{"मानागुआ"}
        }
        "America:Manaus"{
            ec{"मनौस"}
        }
        "America:Marigot"{
            ec{"मैरीगोट"}
        }
        "America:Martinique"{
            ec{"मार्टिनिक"}
        }
        "America:Matamoros"{
            ec{"माटामोरोस"}
        }
        "America:Mazatlan"{
            ec{"माज़ाटलान"}
        }
        "America:Mendoza"{
            ec{"मेंडोज़ा"}
        }
        "America:Menominee"{
            ec{"मेनोमिनी"}
        }
        "America:Merida"{
            ec{"मेरिडा"}
        }
        "America:Metlakatla"{
            ec{"मेट्लेकाट्ला"}
        }
        "America:Mexico_City"{
            ec{"मेक्सिको सिटी"}
        }
        "America:Miquelon"{
            ec{"मिकेलॉन"}
        }
        "America:Moncton"{
            ec{"मोंकटन"}
        }
        "America:Monterrey"{
            ec{"मोंटेरेरी"}
        }
        "America:Montevideo"{
            ec{"मोंटेवीडियो"}
        }
        "America:Montserrat"{
            ec{"मोंटसेरात"}
        }
        "America:Nassau"{
            ec{"नासाउ"}
        }
        "America:New_York"{
            ec{"न्यूयॉर्क"}
        }
        "America:Nipigon"{
            ec{"निपिगन"}
        }
        "America:Nome"{
            ec{"नोम"}
        }
        "America:Noronha"{
            ec{"नोरोन्हा"}
        }
        "America:North_Dakota:Beulah"{
            ec{"ब्यूला, उत्तरी डकोटा"}
        }
        "America:North_Dakota:Center"{
            ec{"मध्य, उत्तरी दाकोता"}
        }
        "America:North_Dakota:New_Salem"{
            ec{"न्यू सालेम, उत्तरी डकोटा"}
        }
        "America:Ojinaga"{
            ec{"ओखाजीनागा"}
        }
        "America:Panama"{
            ec{"पनामा"}
        }
        "America:Pangnirtung"{
            ec{"पांगनिर्टंग"}
        }
        "America:Paramaribo"{
            ec{"पारामारिबो"}
        }
        "America:Phoenix"{
            ec{"फ़ीनिक्स"}
        }
        "America:Port-au-Prince"{
            ec{"पोर्ट-ऑ-प्रिंस"}
        }
        "America:Port_of_Spain"{
            ec{"पोर्ट ऑफ़ स्पेन"}
        }
        "America:Porto_Velho"{
            ec{"पोर्टो वेल्हो"}
        }
        "America:Puerto_Rico"{
            ec{"पोर्टो रिको"}
        }
        "America:Punta_Arenas"{
            ec{"पुंटा एरिनास"}
        }
        "America:Rainy_River"{
            ec{"रेनी नदी"}
        }
        "America:Rankin_Inlet"{
            ec{"रेंकिन इनलेट"}
        }
        "America:Recife"{
            ec{"रेसाइफ़"}
        }
        "America:Regina"{
            ec{"रेजिना"}
        }
        "America:Resolute"{
            ec{"रिसोल्यूट"}
        }
        "America:Rio_Branco"{
            ec{"रियो ब्रांको"}
        }
        "America:Santa_Isabel"{
            ec{"सांता इसाबेल"}
        }
        "America:Santarem"{
            ec{"सैंटारेम"}
        }
        "America:Santiago"{
            ec{"सैंटियागो"}
        }
        "America:Santo_Domingo"{
            ec{"सेंटो डोमिंगो"}
        }
        "America:Sao_Paulo"{
            ec{"साओ पाउलो"}
        }
        "America:Scoresbysund"{
            ec{"इटोकोर्टोरमिट"}
        }
        "America:Sitka"{
            ec{"सिट्का"}
        }
        "America:St_Barthelemy"{
            ec{"सेंट बार्थेलेमी"}
        }
        "America:St_Johns"{
            ec{"सेंट जोंस"}
        }
        "America:St_Kitts"{
            ec{"सेंट किट्स"}
        }
        "America:St_Lucia"{
            ec{"सेंट लूसिया"}
        }
        "America:St_Thomas"{
            ec{"सेंट थॉमस"}
        }
        "America:St_Vincent"{
            ec{"सेंट विंसेंट"}
        }
        "America:Swift_Current"{
            ec{"स्विफ़्ट करंट"}
        }
        "America:Tegucigalpa"{
            ec{"टेगुसिगल्पा"}
        }
        "America:Thule"{
            ec{"थ्यूले"}
        }
        "America:Thunder_Bay"{
            ec{"थंडर खाड़ी"}
        }
        "America:Tijuana"{
            ec{"तिजुआना"}
        }
        "America:Toronto"{
            ec{"टोरंटो"}
        }
        "America:Tortola"{
            ec{"टोर्टोला"}
        }
        "America:Vancouver"{
            ec{"वैंकूवर"}
        }
        "America:Whitehorse"{
            ec{"व्हाइटहोर्स"}
        }
        "America:Winnipeg"{
            ec{"विनीपेग"}
        }
        "America:Yakutat"{
            ec{"याकूटाट"}
        }
        "America:Yellowknife"{
            ec{"येलोनाइफ़"}
        }
        "Antarctica:Casey"{
            ec{"केसी"}
        }
        "Antarctica:Davis"{
            ec{"डेविस"}
        }
        "Antarctica:DumontDUrville"{
            ec{"ड्यूमोंट डी अर्विले"}
        }
        "Antarctica:Macquarie"{
            ec{"मक्वारी"}
        }
        "Antarctica:Mawson"{
            ec{"मॉसन"}
        }
        "Antarctica:McMurdo"{
            ec{"मैकमुर्डो"}
        }
        "Antarctica:Palmer"{
            ec{"पॉमर"}
        }
        "Antarctica:Rothera"{
            ec{"रोथेरा"}
        }
        "Antarctica:Syowa"{
            ec{"स्योवा"}
        }
        "Antarctica:Troll"{
            ec{"ट्रोल"}
        }
        "Antarctica:Vostok"{
            ec{"वोस्तोक"}
        }
        "Arctic:Longyearbyen"{
            ec{"लॉन्गईयरबायेन"}
        }
        "Asia:Aden"{
            ec{"आदेन"}
        }
        "Asia:Almaty"{
            ec{"अल्माटी"}
        }
        "Asia:Amman"{
            ec{"अम्मान"}
        }
        "Asia:Anadyr"{
            ec{"अनाडिर"}
        }
        "Asia:Aqtau"{
            ec{"अक्ताउ"}
        }
        "Asia:Aqtobe"{
            ec{"अक्तोब"}
        }
        "Asia:Ashgabat"{
            ec{"अश्गाबात"}
        }
        "Asia:Atyrau"{
            ec{"एतराउ"}
        }
        "Asia:Baghdad"{
            ec{"बगदाद"}
        }
        "Asia:Bahrain"{
            ec{"बहरीन"}
        }
        "Asia:Baku"{
            ec{"बाकु"}
        }
        "Asia:Bangkok"{
            ec{"बैंकॉक"}
        }
        "Asia:Barnaul"{
            ec{"बर्नोल"}
        }
        "Asia:Beirut"{
            ec{"बेरुत"}
        }
        "Asia:Bishkek"{
            ec{"बिश्केक"}
        }
        "Asia:Brunei"{
            ec{"ब्रूनेई"}
        }
        "Asia:Calcutta"{
            ec{"कोलकाता"}
        }
        "Asia:Chita"{
            ec{"त्शिता"}
        }
        "Asia:Choibalsan"{
            ec{"चोइबालसन"}
        }
        "Asia:Colombo"{
            ec{"कोलंबो"}
        }
        "Asia:Damascus"{
            ec{"दमास्कस"}
        }
        "Asia:Dhaka"{
            ec{"ढाका"}
        }
        "Asia:Dili"{
            ec{"डिलि"}
        }
        "Asia:Dubai"{
            ec{"दुबई"}
        }
        "Asia:Dushanbe"{
            ec{"दुशांबे"}
        }
        "Asia:Famagusta"{
            ec{"फ़ामागुस्ता"}
        }
        "Asia:Gaza"{
            ec{"गाज़ा"}
        }
        "Asia:Hebron"{
            ec{"हेब्रोन"}
        }
        "Asia:Hong_Kong"{
            ec{"हाँग काँग"}
        }
        "Asia:Hovd"{
            ec{"होव्ड"}
        }
        "Asia:Irkutsk"{
            ec{"इर्कुत्स्क"}
        }
        "Asia:Jakarta"{
            ec{"जकार्ता"}
        }
        "Asia:Jayapura"{
            ec{"जयापुरा"}
        }
        "Asia:Jerusalem"{
            ec{"यरूशलम"}
        }
        "Asia:Kabul"{
            ec{"काबुल"}
        }
        "Asia:Kamchatka"{
            ec{"कमचत्का"}
        }
        "Asia:Karachi"{
            ec{"कराची"}
        }
        "Asia:Katmandu"{
            ec{"काठमांडू"}
        }
        "Asia:Khandyga"{
            ec{"खांडिगा"}
        }
        "Asia:Krasnoyarsk"{
            ec{"क्रास्नोयार्स्क"}
        }
        "Asia:Kuala_Lumpur"{
            ec{"कुआलालंपुर"}
        }
        "Asia:Kuching"{
            ec{"कूचिंग"}
        }
        "Asia:Kuwait"{
            ec{"कुवैत"}
        }
        "Asia:Macau"{
            ec{"मकाऊ"}
        }
        "Asia:Magadan"{
            ec{"मागादान"}
        }
        "Asia:Makassar"{
            ec{"मकस्सर"}
        }
        "Asia:Manila"{
            ec{"मनीला"}
        }
        "Asia:Muscat"{
            ec{"मस्कट"}
        }
        "Asia:Nicosia"{
            ec{"निकोसिया"}
        }
        "Asia:Novokuznetsk"{
            ec{"नोवोकुज़्नेत्स्क"}
        }
        "Asia:Novosibirsk"{
            ec{"नोवोसिबिर्स्क"}
        }
        "Asia:Omsk"{
            ec{"ओम्स्क"}
        }
        "Asia:Oral"{
            ec{"ओरल"}
        }
        "Asia:Phnom_Penh"{
            ec{"नॉम पेन्ह"}
        }
        "Asia:Pontianak"{
            ec{"पोंटीयांक"}
        }
        "Asia:Pyongyang"{
            ec{"प्योंगयांग"}
        }
        "Asia:Qatar"{
            ec{"कतर"}
        }
        "Asia:Qostanay"{
            ec{"कोस्टाने"}
        }
        "Asia:Qyzylorda"{
            ec{"केज़ेलोर्डा"}
        }
        "Asia:Rangoon"{
            ec{"रंगून"}
        }
        "Asia:Riyadh"{
            ec{"रियाद"}
        }
        "Asia:Saigon"{
            ec{"हो ची मिन्ह सिटी"}
        }
        "Asia:Sakhalin"{
            ec{"सखालिन"}
        }
        "Asia:Samarkand"{
            ec{"समरकंद"}
        }
        "Asia:Seoul"{
            ec{"सिओल"}
        }
        "Asia:Shanghai"{
            ec{"शंघाई"}
        }
        "Asia:Singapore"{
            ec{"सिंगापुर"}
        }
        "Asia:Srednekolymsk"{
            ec{"स्रेद्निकोलिमस्क"}
        }
        "Asia:Taipei"{
            ec{"ताईपेई"}
        }
        "Asia:Tashkent"{
            ec{"ताशकंद"}
        }
        "Asia:Tbilisi"{
            ec{"टबिलिसी"}
        }
        "Asia:Tehran"{
            ec{"तेहरान"}
        }
        "Asia:Thimphu"{
            ec{"थिंपू"}
        }
        "Asia:Tokyo"{
            ec{"टोक्यो"}
        }
        "Asia:Tomsk"{
            ec{"तोम्स्क"}
        }
        "Asia:Ulaanbaatar"{
            ec{"उलानबातर"}
        }
        "Asia:Urumqi"{
            ec{"उरूम्की"}
        }
        "Asia:Ust-Nera"{
            ec{"यूस्ट–नेरा"}
        }
        "Asia:Vientiane"{
            ec{"विएनतियान"}
        }
        "Asia:Vladivostok"{
            ec{"व्लादिवोस्तोक"}
        }
        "Asia:Yakutsk"{
            ec{"याकूत्स्क"}
        }
        "Asia:Yekaterinburg"{
            ec{"येकातेरिनबर्ग"}
        }
        "Asia:Yerevan"{
            ec{"येरेवान"}
        }
        "Atlantic:Azores"{
            ec{"अज़ोरेस"}
        }
        "Atlantic:Bermuda"{
            ec{"बरमूडा"}
        }
        "Atlantic:Canary"{
            ec{"कैनेरी"}
        }
        "Atlantic:Cape_Verde"{
            ec{"केप वर्ड"}
        }
        "Atlantic:Faeroe"{
            ec{"फ़ैरो"}
        }
        "Atlantic:Madeira"{
            ec{"मडेरा"}
        }
        "Atlantic:Reykjavik"{
            ec{"रेक्याविक"}
        }
        "Atlantic:South_Georgia"{
            ec{"दक्षिण जॉर्जिया"}
        }
        "Atlantic:St_Helena"{
            ec{"सेंट हेलेना"}
        }
        "Atlantic:Stanley"{
            ec{"स्टैनली"}
        }
        "Australia:Adelaide"{
            ec{"एडिलेड"}
        }
        "Australia:Brisbane"{
            ec{"ब्रिस्बन"}
        }
        "Australia:Broken_Hill"{
            ec{"ब्रोकन हिल"}
        }
        "Australia:Currie"{
            ec{"क्यूरी"}
        }
        "Australia:Darwin"{
            ec{"डार्विन"}
        }
        "Australia:Eucla"{
            ec{"यूक्ला"}
        }
        "Australia:Hobart"{
            ec{"होबार्ट"}
        }
        "Australia:Lindeman"{
            ec{"लिंडेमान"}
        }
        "Australia:Lord_Howe"{
            ec{"लॉर्ड होवे"}
        }
        "Australia:Melbourne"{
            ec{"मेलबोर्न"}
        }
        "Australia:Perth"{
            ec{"पर्थ"}
        }
        "Australia:Sydney"{
            ec{"सिडनी"}
        }
        "Etc:UTC"{
            ls{"समन्वित वैश्विक समय"}
        }
        "Etc:Unknown"{
            ec{"अज्ञात शहर"}
        }
        "Europe:Amsterdam"{
            ec{"एम्स्टर्डम"}
        }
        "Europe:Andorra"{
            ec{"अंडोरा"}
        }
        "Europe:Astrakhan"{
            ec{"आस्ट्राखान"}
        }
        "Europe:Athens"{
            ec{"एथेंस"}
        }
        "Europe:Belgrade"{
            ec{"बेलग्रेड"}
        }
        "Europe:Berlin"{
            ec{"बर्लिन"}
        }
        "Europe:Bratislava"{
            ec{"ब्रातिस्लावा"}
        }
        "Europe:Brussels"{
            ec{"ब्रूसेल्स"}
        }
        "Europe:Bucharest"{
            ec{"बुख़ारेस्ट"}
        }
        "Europe:Budapest"{
            ec{"बुडापेस्ट"}
        }
        "Europe:Busingen"{
            ec{"ब्यूसिनजेन"}
        }
        "Europe:Chisinau"{
            ec{"चिसीनाउ"}
        }
        "Europe:Copenhagen"{
            ec{"कोपेनहेगन"}
        }
        "Europe:Dublin"{
            ec{"डबलिन"}
            ld{"आइरिश मानक समय"}
        }
        "Europe:Gibraltar"{
            ec{"जिब्राल्टर"}
        }
        "Europe:Guernsey"{
            ec{"गर्नसी"}
        }
        "Europe:Helsinki"{
            ec{"हेलसिंकी"}
        }
        "Europe:Isle_of_Man"{
            ec{"आइल ऑफ़ मैन"}
        }
        "Europe:Istanbul"{
            ec{"इस्तांबुल"}
        }
        "Europe:Jersey"{
            ec{"जर्सी"}
        }
        "Europe:Kaliningrad"{
            ec{"कालीनिनग्राड"}
        }
        "Europe:Kiev"{
            ec{"कीव"}
        }
        "Europe:Kirov"{
            ec{"किरोव"}
        }
        "Europe:Lisbon"{
            ec{"लिस्बन"}
        }
        "Europe:Ljubljana"{
            ec{"ल्यूबेलजाना"}
        }
        "Europe:London"{
            ec{"लंदन"}
            ld{"ब्रिटिश ग्रीष्मकालीन समय"}
        }
        "Europe:Luxembourg"{
            ec{"लक्ज़मबर्ग"}
        }
        "Europe:Madrid"{
            ec{"मैड्रिड"}
        }
        "Europe:Malta"{
            ec{"माल्टा"}
        }
        "Europe:Mariehamn"{
            ec{"मारियाहैम"}
        }
        "Europe:Minsk"{
            ec{"मिंस्क"}
        }
        "Europe:Monaco"{
            ec{"मोनाको"}
        }
        "Europe:Moscow"{
            ec{"मॉस्को"}
        }
        "Europe:Oslo"{
            ec{"ओस्लो"}
        }
        "Europe:Paris"{
            ec{"पेरिस"}
        }
        "Europe:Podgorica"{
            ec{"पोड्गोरिका"}
        }
        "Europe:Prague"{
            ec{"प्राग"}
        }
        "Europe:Riga"{
            ec{"रीगा"}
        }
        "Europe:Rome"{
            ec{"रोम"}
        }
        "Europe:Samara"{
            ec{"समारा"}
        }
        "Europe:San_Marino"{
            ec{"सैन मारीनो"}
        }
        "Europe:Sarajevo"{
            ec{"साराजेवो"}
        }
        "Europe:Saratov"{
            ec{"सारातोव"}
        }
        "Europe:Simferopol"{
            ec{"सिम्फ़ेरोपोल"}
        }
        "Europe:Skopje"{
            ec{"स्कोप्जे"}
        }
        "Europe:Sofia"{
            ec{"सोफ़िया"}
        }
        "Europe:Stockholm"{
            ec{"स्टॉकहोम"}
        }
        "Europe:Tallinn"{
            ec{"तेलिन"}
        }
        "Europe:Tirane"{
            ec{"टाइरेन"}
        }
        "Europe:Ulyanovsk"{
            ec{"उल्यानोव्स्क"}
        }
        "Europe:Uzhgorod"{
            ec{"अज़्गोरोद"}
        }
        "Europe:Vaduz"{
            ec{"वादुज़"}
        }
        "Europe:Vatican"{
            ec{"वेटिकन"}
        }
        "Europe:Vienna"{
            ec{"विएना"}
        }
        "Europe:Vilnius"{
            ec{"विल्नियस"}
        }
        "Europe:Volgograd"{
            ec{"वोल्गोग्राड"}
        }
        "Europe:Warsaw"{
            ec{"वॉरसॉ"}
        }
        "Europe:Zagreb"{
            ec{"ज़ाग्रेब"}
        }
        "Europe:Zaporozhye"{
            ec{"ज़ैपोरोज़ाई"}
        }
        "Europe:Zurich"{
            ec{"ज़्यूरिख़"}
        }
        "Indian:Antananarivo"{
            ec{"एंटानानरीवो"}
        }
        "Indian:Chagos"{
            ec{"शागोस"}
        }
        "Indian:Christmas"{
            ec{"क्रिसमस"}
        }
        "Indian:Cocos"{
            ec{"कोकोस"}
        }
        "Indian:Comoro"{
            ec{"कोमोरो"}
        }
        "Indian:Kerguelen"{
            ec{"करगुलेन"}
        }
        "Indian:Mahe"{
            ec{"माहे"}
        }
        "Indian:Maldives"{
            ec{"मालदीव"}
        }
        "Indian:Mauritius"{
            ec{"मॉरीशस"}
        }
        "Indian:Mayotte"{
            ec{"मायोत्ते"}
        }
        "Indian:Reunion"{
            ec{"रीयूनियन"}
        }
        "Pacific:Apia"{
            ec{"एपिया"}
        }
        "Pacific:Auckland"{
            ec{"ऑकलैंड"}
        }
        "Pacific:Bougainville"{
            ec{"बोगनविले"}
        }
        "Pacific:Chatham"{
            ec{"चैथम"}
        }
        "Pacific:Easter"{
            ec{"ईस्टर"}
        }
        "Pacific:Efate"{
            ec{"एफ़ेट"}
        }
        "Pacific:Enderbury"{
            ec{"एंडरबरी"}
        }
        "Pacific:Fakaofo"{
            ec{"फ़ाकाओफ़ो"}
        }
        "Pacific:Fiji"{
            ec{"फ़िजी"}
        }
        "Pacific:Funafuti"{
            ec{"फ़्यूनाफ़ुटी"}
        }
        "Pacific:Galapagos"{
            ec{"गेलापागोस"}
        }
        "Pacific:Gambier"{
            ec{"गैंबियर"}
        }
        "Pacific:Guadalcanal"{
            ec{"ग्वाडलकनाल"}
        }
        "Pacific:Guam"{
            ec{"गुआम"}
        }
        "Pacific:Honolulu"{
            ec{"होनोलुलु"}
            sg{"एचएसटी"}
            ss{"एचएसटी"}
        }
        "Pacific:Johnston"{
            ec{"जॉनस्टन"}
        }
        "Pacific:Kiritimati"{
            ec{"किरीतिमाति"}
        }
        "Pacific:Kosrae"{
            ec{"कोसराए"}
        }
        "Pacific:Kwajalein"{
            ec{"क्वाज़ालीन"}
        }
        "Pacific:Majuro"{
            ec{"माजुरो"}
        }
        "Pacific:Marquesas"{
            ec{"मार्केसस"}
        }
        "Pacific:Midway"{
            ec{"मिडवे"}
        }
        "Pacific:Nauru"{
            ec{"नौरु"}
        }
        "Pacific:Niue"{
            ec{"नीयू"}
        }
        "Pacific:Norfolk"{
            ec{"नॉरफ़ॉक"}
        }
        "Pacific:Noumea"{
            ec{"नौमिया"}
        }
        "Pacific:Pago_Pago"{
            ec{"पागो पागो"}
        }
        "Pacific:Palau"{
            ec{"पलाऊ"}
        }
        "Pacific:Pitcairn"{
            ec{"पिटकैर्न"}
        }
        "Pacific:Ponape"{
            ec{"पोनपेई"}
        }
        "Pacific:Port_Moresby"{
            ec{"पोर्ट मोरेस्बी"}
        }
        "Pacific:Rarotonga"{
            ec{"रारोटोंगा"}
        }
        "Pacific:Saipan"{
            ec{"सायपान"}
        }
        "Pacific:Tahiti"{
            ec{"ताहिती"}
        }
        "Pacific:Tarawa"{
            ec{"टारावा"}
        }
        "Pacific:Tongatapu"{
            ec{"टोंगाटापू"}
        }
        "Pacific:Truk"{
            ec{"चक"}
        }
        "Pacific:Wake"{
            ec{"वेक"}
        }
        "Pacific:Wallis"{
            ec{"वालिस"}
        }
        "meta:Afghanistan"{
            ls{"अफ़गानिस्तान समय"}
        }
        "meta:Africa_Central"{
            ls{"मध्य अफ़्रीका समय"}
        }
        "meta:Africa_Eastern"{
            ls{"पूर्वी अफ़्रीका समय"}
        }
        "meta:Africa_Southern"{
            ls{"दक्षिण अफ़्रीका मानक समय"}
        }
        "meta:Africa_Western"{
            ld{"पश्चिम अफ़्रीका ग्रीष्मकालीन समय"}
            lg{"पश्चिम अफ़्रीका समय"}
            ls{"पश्चिम अफ़्रीका मानक समय"}
        }
        "meta:Alaska"{
            ld{"अलास्‍का डेलाइट समय"}
            lg{"अलास्का समय"}
            ls{"अलास्‍का मानक समय"}
        }
        "meta:Amazon"{
            ld{"अमेज़न ग्रीष्मकालीन समय"}
            lg{"अमेज़न समय"}
            ls{"अमेज़न मानक समय"}
        }
        "meta:America_Central"{
            ld{"उत्तरी अमेरिकी केंद्रीय डेलाइट समय"}
            lg{"उत्तरी अमेरिकी केंद्रीय समय"}
            ls{"उत्तरी अमेरिकी केंद्रीय मानक समय"}
        }
        "meta:America_Eastern"{
            ld{"उत्तरी अमेरिकी पूर्वी डेलाइट समय"}
            lg{"उत्तरी अमेरिकी पूर्वी समय"}
            ls{"उत्तरी अमेरिकी पूर्वी मानक समय"}
        }
        "meta:America_Mountain"{
            ld{"उत्तरी अमेरिकी माउंटेन डेलाइट समय"}
            lg{"उत्तरी अमेरिकी माउंटेन समय"}
            ls{"उत्तरी अमेरिकी माउंटेन मानक समय"}
        }
        "meta:America_Pacific"{
            ld{"उत्तरी अमेरिकी प्रशांत डेलाइट समय"}
            lg{"उत्तरी अमेरिकी प्रशांत समय"}
            ls{"उत्तरी अमेरिकी प्रशांत मानक समय"}
        }
        "meta:Anadyr"{
            ld{"एनाडीयर ग्रीष्मकालीन समय"}
            lg{"एनाडीयर समय"}
            ls{"एनाडीयर मानक समय"}
        }
        "meta:Apia"{
            ld{"एपिआ डेलाइट समय"}
            lg{"एपिआ समय"}
            ls{"एपिआ मानक समय"}
        }
        "meta:Arabian"{
            ld{"अरब डेलाइट समय"}
            lg{"अरब समय"}
            ls{"अरब मानक समय"}
        }
        "meta:Argentina"{
            ld{"अर्जेंटीना ग्रीष्मकालीन समय"}
            lg{"अर्जेंटीना समय"}
            ls{"अर्जेंटीना मानक समय"}
        }
        "meta:Argentina_Western"{
            ld{"पश्चिमी अर्जेंटीना ग्रीष्मकालीन समय"}
            lg{"पश्चिमी अर्जेंटीना समय"}
            ls{"पश्चिमी अर्जेंटीना मानक समय"}
        }
        "meta:Armenia"{
            ld{"आर्मेनिया ग्रीष्मकालीन समय"}
            lg{"आर्मेनिया समय"}
            ls{"आर्मेनिया मानक समय"}
        }
        "meta:Atlantic"{
            ld{"अटलांटिक डेलाइट समय"}
            lg{"अटलांटिक समय"}
            ls{"अटलांटिक मानक समय"}
        }
        "meta:Australia_Central"{
            ld{"ऑस्‍ट्रेलियाई केंद्रीय डेलाइट समय"}
            lg{"मध्य ऑस्ट्रेलियाई समय"}
            ls{"ऑस्‍ट्रेलियाई केंद्रीय मानक समय"}
        }
        "meta:Australia_CentralWestern"{
            ld{"ऑस्‍ट्रेलियाई केंद्रीय पश्चिमी डेलाइट समय"}
            lg{"ऑस्‍ट्रेलियाई केंद्रीय पश्चिमी समय"}
            ls{"ऑस्‍ट्रेलियाई केंद्रीय पश्चिमी मानक समय"}
        }
        "meta:Australia_Eastern"{
            ld{"ऑस्‍ट्रेलियाई पूर्वी डेलाइट समय"}
            lg{"पूर्वी ऑस्ट्रेलिया समय"}
            ls{"ऑस्‍ट्रेलियाई पूर्वी मानक समय"}
        }
        "meta:Australia_Western"{
            ld{"ऑस्ट्रेलियाई पश्चिमी डेलाइट समय"}
            lg{"पश्चिमी ऑस्ट्रेलिया समय"}
            ls{"ऑस्ट्रेलियाई पश्चिमी मानक समय"}
        }
        "meta:Azerbaijan"{
            ld{"अज़रबैजान ग्रीष्मकालीन समय"}
            lg{"अज़रबैजान समय"}
            ls{"अज़रबैजान मानक समय"}
        }
        "meta:Azores"{
            ld{"अज़ोरेस ग्रीष्मकालीन समय"}
            lg{"अज़ोरेस समय"}
            ls{"अज़ोरेस मानक समय"}
        }
        "meta:Bangladesh"{
            ld{"बांग्लादेश ग्रीष्मकालीन समय"}
            lg{"बांग्लादेश समय"}
            ls{"बांग्लादेश मानक समय"}
        }
        "meta:Bhutan"{
            ls{"भूटान समय"}
        }
        "meta:Bolivia"{
            ls{"बोलीविया समय"}
        }
        "meta:Brasilia"{
            ld{"ब्राज़ीलिया ग्रीष्मकालीन समय"}
            lg{"ब्राज़ीलिया समय"}
            ls{"ब्राज़ीलिया मानक समय"}
        }
        "meta:Brunei"{
            ls{"ब्रूनेई दारूस्सलम समय"}
        }
        "meta:Cape_Verde"{
            ld{"केप वर्ड ग्रीष्मकालीन समय"}
            lg{"केप वर्ड समय"}
            ls{"केप वर्ड मानक समय"}
        }
        "meta:Chamorro"{
            ls{"चामोरो मानक समय"}
        }
        "meta:Chatham"{
            ld{"चैथम डेलाइट समय"}
            lg{"चैथम समय"}
            ls{"चैथम मानक समय"}
        }
        "meta:Chile"{
            ld{"चिली ग्रीष्मकालीन समय"}
            lg{"चिली समय"}
            ls{"चिली मानक समय"}
        }
        "meta:China"{
            ld{"चीन डेलाइट समय"}
            lg{"चीन समय"}
            ls{"चीन मानक समय"}
        }
        "meta:Choibalsan"{
            ld{"कॉइबाल्सन ग्रीष्मकालीन समय"}
            lg{"कॉइबाल्सन समय"}
            ls{"कॉइबाल्सन मानक समय"}
        }
        "meta:Christmas"{
            ls{"क्रिसमस द्वीप समय"}
        }
        "meta:Cocos"{
            ls{"कोकोस द्वीपसमूह समय"}
        }
        "meta:Colombia"{
            ld{"कोलंबिया ग्रीष्मकालीन समय"}
            lg{"कोलंबिया समय"}
            ls{"कोलंबिया मानक समय"}
        }
        "meta:Cook"{
            ld{"कुक द्वीपसमूह अर्द्ध ग्रीष्मकालीन समय"}
            lg{"कुक द्वीपसमूह समय"}
            ls{"कुक द्वीपसमूह मानक समय"}
        }
        "meta:Cuba"{
            ld{"क्यूबा डेलाइट समय"}
            lg{"क्यूबा समय"}
            ls{"क्यूबा मानक समय"}
        }
        "meta:Davis"{
            ls{"डेविस समय"}
        }
        "meta:DumontDUrville"{
            ls{"ड्यूमोंट डी अर्विले समय"}
        }
        "meta:East_Timor"{
            ls{"पूर्वी तिमोर समय"}
        }
        "meta:Easter"{
            ld{"ईस्टर द्वीप ग्रीष्मकालीन समय"}
            lg{"ईस्टर द्वीप समय"}
            ls{"ईस्टर द्वीप मानक समय"}
        }
        "meta:Ecuador"{
            ls{"इक्वाडोर समय"}
        }
        "meta:Europe_Central"{
            ld{"मध्‍य यूरोपीय ग्रीष्‍मकालीन समय"}
            lg{"मध्य यूरोपीय समय"}
            ls{"मध्य यूरोपीय मानक समय"}
        }
        "meta:Europe_Eastern"{
            ld{"पूर्वी यूरोपीय ग्रीष्मकालीन समय"}
            lg{"पूर्वी यूरोपीय समय"}
            ls{"पूर्वी यूरोपीय मानक समय"}
        }
        "meta:Europe_Further_Eastern"{
            ls{"अग्र पूर्वी यूरोपीय समय"}
        }
        "meta:Europe_Western"{
            ld{"पश्चिमी यूरोपीय ग्रीष्‍मकालीन समय"}
            lg{"पश्चिमी यूरोपीय समय"}
            ls{"पश्चिमी यूरोपीय मानक समय"}
        }
        "meta:Falkland"{
            ld{"फ़ॉकलैंड द्वीपसमूह ग्रीष्मकालीन समय"}
            lg{"फ़ॉकलैंड द्वीपसमूह समय"}
            ls{"फ़ॉकलैंड द्वीपसमूह मानक समय"}
        }
        "meta:Fiji"{
            ld{"फ़िजी ग्रीष्मकालीन समय"}
            lg{"फ़िजी समय"}
            ls{"फ़िजी मानक समय"}
        }
        "meta:French_Guiana"{
            ls{"फ़्रेंच गुयाना समय"}
        }
        "meta:French_Southern"{
            ls{"दक्षिणी फ़्रांस और अंटार्कटिक समय"}
        }
        "meta:GMT"{
            ls{"ग्रीनविच मीन टाइम"}
        }
        "meta:Galapagos"{
            ls{"गैलापेगोस का समय"}
        }
        "meta:Gambier"{
            ls{"गैंबियर समय"}
        }
        "meta:Georgia"{
            ld{"जॉर्जिया ग्रीष्मकालीन समय"}
            lg{"जॉर्जिया समय"}
            ls{"जॉर्जिया मानक समय"}
        }
        "meta:Gilbert_Islands"{
            ls{"गिल्बर्ट द्वीपसमूह समय"}
        }
        "meta:Greenland_Eastern"{
            ld{"पूर्वी ग्रीनलैंड ग्रीष्मकालीन समय"}
            lg{"पूर्वी ग्रीनलैंड समय"}
            ls{"पूर्वी ग्रीनलैंड मानक समय"}
        }
        "meta:Greenland_Western"{
            ld{"पश्चिमी ग्रीनलैंड ग्रीष्मकालीन समय"}
            lg{"पश्चिमी ग्रीनलैंड समय"}
            ls{"पश्चिमी ग्रीनलैंड मानक समय"}
        }
        "meta:Gulf"{
            ls{"खाड़ी मानक समय"}
        }
        "meta:Guyana"{
            ls{"गुयाना समय"}
        }
        "meta:Hawaii_Aleutian"{
            ld{"हवाई–आल्यूशन डेलाइट समय"}
            lg{"हवाई–आल्यूशन समय"}
            ls{"हवाई–आल्यूशन मानक समय"}
        }
        "meta:Hong_Kong"{
            ld{"हाँग काँग ग्रीष्मकालीन समय"}
            lg{"हाँग काँग समय"}
            ls{"हाँग काँग मानक समय"}
        }
        "meta:Hovd"{
            ld{"होव्ड ग्रीष्मकालीन समय"}
            lg{"होव्ड समय"}
            ls{"होव्ड मानक समय"}
        }
        "meta:India"{
            ls{"भारतीय मानक समय"}
            ss{"IST"}
        }
        "meta:Indian_Ocean"{
            ls{"हिंद महासागर समय"}
        }
        "meta:Indochina"{
            ls{"इंडोचाइना समय"}
        }
        "meta:Indonesia_Central"{
            ls{"मध्य इंडोनेशिया समय"}
        }
        "meta:Indonesia_Eastern"{
            ls{"पूर्वी इंडोनेशिया समय"}
        }
        "meta:Indonesia_Western"{
            ls{"पश्चिमी इंडोनेशिया समय"}
        }
        "meta:Iran"{
            ld{"ईरान डेलाइट समय"}
            lg{"ईरान समय"}
            ls{"ईरान मानक समय"}
        }
        "meta:Irkutsk"{
            ld{"इर्कुत्स्क ग्रीष्मकालीन समय"}
            lg{"इर्कुत्स्क समय"}
            ls{"इर्कुत्स्क मानक समय"}
        }
        "meta:Israel"{
            ld{"इज़राइल डेलाइट समय"}
            lg{"इज़राइल समय"}
            ls{"इज़राइल मानक समय"}
        }
        "meta:Japan"{
            ld{"जापान डेलाइट समय"}
            lg{"जापान समय"}
            ls{"जापान मानक समय"}
        }
        "meta:Kamchatka"{
            ld{"पेट्रोपेवलास्क-कैमचात्सकी ग्रीष्मकालीन समय"}
            lg{"पेट्रोपेवलास्क-कैमचात्सकी समय"}
            ls{"पेट्रोपेवलास्क-कैमचात्सकी मानक समय"}
        }
        "meta:Kazakhstan_Eastern"{
            ls{"पूर्व कज़ाखस्तान समय"}
        }
        "meta:Kazakhstan_Western"{
            ls{"पश्चिम कज़ाखस्तान समय"}
        }
        "meta:Korea"{
            ld{"कोरियाई डेलाइट समय"}
            lg{"कोरियाई समय"}
            ls{"कोरियाई मानक समय"}
        }
        "meta:Kosrae"{
            ls{"कोसराए समय"}
        }
        "meta:Krasnoyarsk"{
            ld{"क्रास्नोयार्स्क ग्रीष्मकालीन समय"}
            lg{"क्रास्नोयार्स्क समय"}
            ls{"क्रास्नोयार्स्क मानक समय"}
        }
        "meta:Kyrgystan"{
            ls{"किर्गिस्‍तान समय"}
        }
        "meta:Line_Islands"{
            ls{"लाइन द्वीपसमूह समय"}
        }
        "meta:Lord_Howe"{
            ld{"लॉर्ड होवे डेलाइट समय"}
            lg{"लॉर्ड होवे समय"}
            ls{"लॉर्ड होवे मानक समय"}
        }
        "meta:Macquarie"{
            ls{"मक्वारी द्वीप समय"}
        }
        "meta:Magadan"{
            ld{"मागादान ग्रीष्मकालीन समय"}
            lg{"मागादान समय"}
            ls{"मागादान मानक समय"}
        }
        "meta:Malaysia"{
            ls{"मलेशिया समय"}
        }
        "meta:Maldives"{
            ls{"मालदीव समय"}
        }
        "meta:Marquesas"{
            ls{"मार्केसस समय"}
        }
        "meta:Marshall_Islands"{
            ls{"मार्शल द्वीपसमूह समय"}
        }
        "meta:Mauritius"{
            ld{"मॉरीशस ग्रीष्मकालीन समय"}
            lg{"मॉरीशस समय"}
            ls{"मॉरीशस मानक समय"}
        }
        "meta:Mawson"{
            ls{"माव्सन समय"}
        }
        "meta:Mexico_Northwest"{
            ld{"उत्तर पश्चिमी मेक्सिको डेलाइट समय"}
            lg{"उत्तर पश्चिमी मेक्सिको समय"}
            ls{"उत्तर पश्चिमी मेक्सिको मानक समय"}
        }
        "meta:Mexico_Pacific"{
            ld{"मेक्सिकन प्रशांत डेलाइट समय"}
            lg{"मेक्सिकन प्रशांत समय"}
            ls{"मेक्सिकन प्रशांत मानक समय"}
        }
        "meta:Mongolia"{
            ld{"उलान बटोर ग्रीष्मकालीन समय"}
            lg{"उलान बटोर समय"}
            ls{"उलान बटोर मानक समय"}
        }
        "meta:Moscow"{
            ld{"मॉस्को ग्रीष्मकालीन समय"}
            lg{"मॉस्को समय"}
            ls{"मॉस्को मानक समय"}
        }
        "meta:Myanmar"{
            ls{"म्यांमार समय"}
        }
        "meta:Nauru"{
            ls{"नौरू समय"}
        }
        "meta:Nepal"{
            ls{"नेपाल समय"}
        }
        "meta:New_Caledonia"{
            ld{"न्यू कैलेडोनिया ग्रीष्मकालीन समय"}
            lg{"न्यू कैलेडोनिया समय"}
            ls{"न्यू कैलेडोनिया मानक समय"}
        }
        "meta:New_Zealand"{
            ld{"न्यूज़ीलैंड डेलाइट समय"}
            lg{"न्यूज़ीलैंड समय"}
            ls{"न्यूज़ीलैंड मानक समय"}
        }
        "meta:Newfoundland"{
            ld{"न्यूफ़ाउंडलैंड डेलाइट समय"}
            lg{"न्यूफ़ाउंडलैंड समय"}
            ls{"न्यूफ़ाउंडलैंड मानक समय"}
        }
        "meta:Niue"{
            ls{"नीयू समय"}
        }
        "meta:Norfolk"{
            ld{"नॉरफ़ॉक द्वीप डेलाइट समय"}
            lg{"नॉरफ़ॉक द्वीप समय"}
            ls{"नॉरफ़ॉक द्वीप मानक समय"}
        }
        "meta:Noronha"{
            ld{"फ़र्नांर्डो डे नोरोन्हा ग्रीष्मकालीन समय"}
            lg{"फ़र्नांर्डो डे नोरोन्हा समय"}
            ls{"फ़र्नांर्डो डे नोरोन्हा मानक समय"}
        }
        "meta:Novosibirsk"{
            ld{"नोवोसिबिर्स्क ग्रीष्मकालीन समय"}
            lg{"नोवोसिबिर्स्क समय"}
            ls{"नोवोसिबिर्स्क मानक समय"}
        }
        "meta:Omsk"{
            ld{"ओम्स्क ग्रीष्मकालीन समय"}
            lg{"ओम्स्क समय"}
            ls{"ओम्स्क मानक समय"}
        }
        "meta:Pakistan"{
            ld{"पाकिस्तान ग्रीष्मकालीन समय"}
            lg{"पाकिस्तान समय"}
            ls{"पाकिस्तान मानक समय"}
        }
        "meta:Palau"{
            ls{"पलाउ समय"}
        }
        "meta:Papua_New_Guinea"{
            ls{"पापुआ न्यू गिनी समय"}
        }
        "meta:Paraguay"{
            ld{"पैराग्वे ग्रीष्मकालीन समय"}
            lg{"पैराग्वे समय"}
            ls{"पैराग्वे मानक समय"}
        }
        "meta:Peru"{
            ld{"पेरू ग्रीष्मकालीन समय"}
            lg{"पेरू समय"}
            ls{"पेरू मानक समय"}
        }
        "meta:Philippines"{
            ld{"फ़िलिपीन ग्रीष्मकालीन समय"}
            lg{"फ़िलिपीन समय"}
            ls{"फ़िलिपीन मानक समय"}
        }
        "meta:Phoenix_Islands"{
            ls{"फ़ीनिक्स द्वीपसमूह समय"}
        }
        "meta:Pierre_Miquelon"{
            ld{"सेंट पिएरे और मिक्वेलान डेलाइट समय"}
            lg{"सेंट पिएरे और मिक्वेलान समय"}
            ls{"सेंट पिएरे और मिक्वेलान मानक समय"}
        }
        "meta:Pitcairn"{
            ls{"पिटकैर्न समय"}
        }
        "meta:Ponape"{
            ls{"पोनापे समय"}
        }
        "meta:Pyongyang"{
            ls{"प्योंगयांग समय"}
        }
        "meta:Reunion"{
            ls{"रीयूनियन समय"}
        }
        "meta:Rothera"{
            ls{"रोथेरा समय"}
        }
        "meta:Sakhalin"{
            ld{"सखालिन ग्रीष्मकालीन समय"}
            lg{"सखालिन समय"}
            ls{"सखालिन मानक समय"}
        }
        "meta:Samara"{
            ld{"समारा ग्रीष्मकालीन समय"}
            lg{"समारा समय"}
            ls{"समारा मानक समय"}
        }
        "meta:Samoa"{
            ld{"समोआ डेलाइट समय"}
            lg{"समोआ समय"}
            ls{"समोआ मानक समय"}
        }
        "meta:Seychelles"{
            ls{"सेशेल्स समय"}
        }
        "meta:Singapore"{
            ls{"सिंगापुर समय"}
        }
        "meta:Solomon"{
            ls{"सोलोमन द्वीपसमूह समय"}
        }
        "meta:South_Georgia"{
            ls{"दक्षिणी जॉर्जिया समय"}
        }
        "meta:Suriname"{
            ls{"सूरीनाम समय"}
        }
        "meta:Syowa"{
            ls{"स्योवा समय"}
        }
        "meta:Tahiti"{
            ls{"ताहिती समय"}
        }
        "meta:Taipei"{
            ld{"ताइपे डेलाइट समय"}
            lg{"ताइपे समय"}
            ls{"ताइपे मानक समय"}
        }
        "meta:Tajikistan"{
            ls{"ताजिकिस्तान समय"}
        }
        "meta:Tokelau"{
            ls{"टोकेलाऊ समय"}
        }
        "meta:Tonga"{
            ld{"टोंगा ग्रीष्मकालीन समय"}
            lg{"टोंगा समय"}
            ls{"टोंगा मानक समय"}
        }
        "meta:Truk"{
            ls{"चुक समय"}
        }
        "meta:Turkmenistan"{
            ld{"तुर्कमेनिस्तान ग्रीष्मकालीन समय"}
            lg{"तुर्कमेनिस्तान समय"}
            ls{"तुर्कमेनिस्तान मानक समय"}
        }
        "meta:Tuvalu"{
            ls{"तुवालू समय"}
        }
        "meta:Uruguay"{
            ld{"उरुग्वे ग्रीष्मकालीन समय"}
            lg{"उरुग्वे समय"}
            ls{"उरुग्वे मानक समय"}
        }
        "meta:Uzbekistan"{
            ld{"उज़्बेकिस्तान ग्रीष्मकालीन समय"}
            lg{"उज़्बेकिस्तान समय"}
            ls{"उज़्बेकिस्तान मानक समय"}
        }
        "meta:Vanuatu"{
            ld{"वनुआतू ग्रीष्मकालीन समय"}
            lg{"वनुआतू समय"}
            ls{"वनुआतू मानक समय"}
        }
        "meta:Venezuela"{
            ls{"वेनेज़ुएला समय"}
        }
        "meta:Vladivostok"{
            ld{"व्लादिवोस्तोक ग्रीष्मकालीन समय"}
            lg{"व्लादिवोस्तोक समय"}
            ls{"व्लादिवोस्तोक मानक समय"}
        }
        "meta:Volgograd"{
            ld{"वोल्गोग्राड ग्रीष्मकालीन समय"}
            lg{"वोल्गोग्राड समय"}
            ls{"वोल्गोग्राड मानक समय"}
        }
        "meta:Vostok"{
            ls{"वोस्तोक समय"}
        }
        "meta:Wake"{
            ls{"वेक द्वीप समय"}
        }
        "meta:Wallis"{
            ls{"वालिस और फ़्यूचूना समय"}
        }
        "meta:Yakutsk"{
            ld{"याकुत्स्क ग्रीष्मकालीन समय"}
            lg{"याकुत्स्क समय"}
            ls{"याकुत्स्क मानक समय"}
        }
        "meta:Yekaterinburg"{
            ld{"येकातेरिनबर्ग ग्रीष्मकालीन समय"}
            lg{"येकातेरिनबर्ग समय"}
            ls{"येकातेरिनबर्ग मानक समय"}
        }
        fallbackFormat{"{1} ({0})"}
        gmtFormat{"GMT{0}"}
        gmtZeroFormat{"GMT"}
        hourFormat{"+HH:mm;-HH:mm"}
        regionFormat{"{0} समय"}
        regionFormatDaylight{"{0} डेलाइट समय"}
        regionFormatStandard{"{0} मानक समय"}
    }
}
