// © 2016 and later: Unicode, Inc. and others.
// License & terms of use: http://www.unicode.org/copyright.html
// Generated using tools/cldr/cldr-to-icu/build-icu-data.xml
ja{
    zoneStrings{
        "Africa:Abidjan"{
            ec{"アビジャン"}
        }
        "Africa:Accra"{
            ec{"アクラ"}
        }
        "Africa:Addis_Ababa"{
            ec{"アジスアベバ"}
        }
        "Africa:Algiers"{
            ec{"アルジェ"}
        }
        "Africa:Asmera"{
            ec{"アスマラ"}
        }
        "Africa:Bamako"{
            ec{"バマコ"}
        }
        "Africa:Bangui"{
            ec{"バンギ"}
        }
        "Africa:Banjul"{
            ec{"バンジュール"}
        }
        "Africa:Bissau"{
            ec{"ビサウ"}
        }
        "Africa:Blantyre"{
            ec{"ブランタイヤ"}
        }
        "Africa:Brazzaville"{
            ec{"ブラザビル"}
        }
        "Africa:Bujumbura"{
            ec{"ブジュンブラ"}
        }
        "Africa:Cairo"{
            ec{"カイロ"}
        }
        "Africa:Casablanca"{
            ec{"カサブランカ"}
        }
        "Africa:Ceuta"{
            ec{"セウタ"}
        }
        "Africa:Conakry"{
            ec{"コナクリ"}
        }
        "Africa:Dakar"{
            ec{"ダカール"}
        }
        "Africa:Dar_es_Salaam"{
            ec{"ダルエスサラーム"}
        }
        "Africa:Djibouti"{
            ec{"ジブチ"}
        }
        "Africa:Douala"{
            ec{"ドゥアラ"}
        }
        "Africa:El_Aaiun"{
            ec{"アイウン"}
        }
        "Africa:Freetown"{
            ec{"フリータウン"}
        }
        "Africa:Gaborone"{
            ec{"ハボローネ"}
        }
        "Africa:Harare"{
            ec{"ハラレ"}
        }
        "Africa:Johannesburg"{
            ec{"ヨハネスブルグ"}
        }
        "Africa:Juba"{
            ec{"ジュバ"}
        }
        "Africa:Kampala"{
            ec{"カンパラ"}
        }
        "Africa:Khartoum"{
            ec{"ハルツーム"}
        }
        "Africa:Kigali"{
            ec{"キガリ"}
        }
        "Africa:Kinshasa"{
            ec{"キンシャサ"}
        }
        "Africa:Lagos"{
            ec{"ラゴス"}
        }
        "Africa:Libreville"{
            ec{"リーブルヴィル"}
        }
        "Africa:Lome"{
            ec{"ロメ"}
        }
        "Africa:Luanda"{
            ec{"ルアンダ"}
        }
        "Africa:Lubumbashi"{
            ec{"ルブンバシ"}
        }
        "Africa:Lusaka"{
            ec{"ルサカ"}
        }
        "Africa:Malabo"{
            ec{"マラボ"}
        }
        "Africa:Maputo"{
            ec{"マプト"}
        }
        "Africa:Maseru"{
            ec{"マセル"}
        }
        "Africa:Mbabane"{
            ec{"ムババーネ"}
        }
        "Africa:Mogadishu"{
            ec{"モガディシオ"}
        }
        "Africa:Monrovia"{
            ec{"モンロビア"}
        }
        "Africa:Nairobi"{
            ec{"ナイロビ"}
        }
        "Africa:Ndjamena"{
            ec{"ンジャメナ"}
        }
        "Africa:Niamey"{
            ec{"ニアメ"}
        }
        "Africa:Nouakchott"{
            ec{"ヌアクショット"}
        }
        "Africa:Ouagadougou"{
            ec{"ワガドゥグー"}
        }
        "Africa:Porto-Novo"{
            ec{"ポルトノボ"}
        }
        "Africa:Sao_Tome"{
            ec{"サントメ"}
        }
        "Africa:Tripoli"{
            ec{"トリポリ"}
        }
        "Africa:Tunis"{
            ec{"チュニス"}
        }
        "Africa:Windhoek"{
            ec{"ウィントフック"}
        }
        "America:Adak"{
            ec{"アダック"}
        }
        "America:Anchorage"{
            ec{"アンカレッジ"}
        }
        "America:Anguilla"{
            ec{"アンギラ"}
        }
        "America:Antigua"{
            ec{"アンティグア"}
        }
        "America:Araguaina"{
            ec{"アラグァイナ"}
        }
        "America:Argentina:La_Rioja"{
            ec{"ラリオハ"}
        }
        "America:Argentina:Rio_Gallegos"{
            ec{"リオガジェゴス"}
        }
        "America:Argentina:Salta"{
            ec{"サルタ"}
        }
        "America:Argentina:San_Juan"{
            ec{"サンファン"}
        }
        "America:Argentina:San_Luis"{
            ec{"サンルイス"}
        }
        "America:Argentina:Tucuman"{
            ec{"トゥクマン"}
        }
        "America:Argentina:Ushuaia"{
            ec{"ウシュアイア"}
        }
        "America:Aruba"{
            ec{"アルバ"}
        }
        "America:Asuncion"{
            ec{"アスンシオン"}
        }
        "America:Bahia"{
            ec{"バイーア"}
        }
        "America:Bahia_Banderas"{
            ec{"バイアバンデラ"}
        }
        "America:Barbados"{
            ec{"バルバドス"}
        }
        "America:Belem"{
            ec{"ベレン"}
        }
        "America:Belize"{
            ec{"ベリーズ"}
        }
        "America:Blanc-Sablon"{
            ec{"ブラン・サブロン"}
        }
        "America:Boa_Vista"{
            ec{"ボアビスタ"}
        }
        "America:Bogota"{
            ec{"ボゴタ"}
        }
        "America:Boise"{
            ec{"ボイシ"}
        }
        "America:Buenos_Aires"{
            ec{"ブエノスアイレス"}
        }
        "America:Cambridge_Bay"{
            ec{"ケンブリッジベイ"}
        }
        "America:Campo_Grande"{
            ec{"カンポグランデ"}
        }
        "America:Cancun"{
            ec{"カンクン"}
        }
        "America:Caracas"{
            ec{"カラカス"}
        }
        "America:Catamarca"{
            ec{"カタマルカ"}
        }
        "America:Cayenne"{
            ec{"カイエンヌ"}
        }
        "America:Cayman"{
            ec{"ケイマン"}
        }
        "America:Chicago"{
            ec{"シカゴ"}
        }
        "America:Chihuahua"{
            ec{"チワワ"}
        }
        "America:Coral_Harbour"{
            ec{"アティコカン"}
        }
        "America:Cordoba"{
            ec{"コルドバ"}
        }
        "America:Costa_Rica"{
            ec{"コスタリカ"}
        }
        "America:Creston"{
            ec{"クレストン"}
        }
        "America:Cuiaba"{
            ec{"クイアバ"}
        }
        "America:Curacao"{
            ec{"キュラソー"}
        }
        "America:Danmarkshavn"{
            ec{"デンマークシャウン"}
        }
        "America:Dawson"{
            ec{"ドーソン"}
        }
        "America:Dawson_Creek"{
            ec{"ドーソンクリーク"}
        }
        "America:Denver"{
            ec{"デンバー"}
        }
        "America:Detroit"{
            ec{"デトロイト"}
        }
        "America:Dominica"{
            ec{"ドミニカ"}
        }
        "America:Edmonton"{
            ec{"エドモントン"}
        }
        "America:Eirunepe"{
            ec{"エイルネペ"}
        }
        "America:El_Salvador"{
            ec{"エルサルバドル"}
        }
        "America:Fort_Nelson"{
            ec{"フォートネルソン"}
        }
        "America:Fortaleza"{
            ec{"フォルタレザ"}
        }
        "America:Glace_Bay"{
            ec{"グレースベイ"}
        }
        "America:Godthab"{
            ec{"ヌーク"}
        }
        "America:Goose_Bay"{
            ec{"グースベイ"}
        }
        "America:Grand_Turk"{
            ec{"グランドターク"}
        }
        "America:Grenada"{
            ec{"グレナダ"}
        }
        "America:Guadeloupe"{
            ec{"グアドループ"}
        }
        "America:Guatemala"{
            ec{"グアテマラ"}
        }
        "America:Guayaquil"{
            ec{"グアヤキル"}
        }
        "America:Guyana"{
            ec{"ガイアナ"}
        }
        "America:Halifax"{
            ec{"ハリファクス"}
        }
        "America:Havana"{
            ec{"ハバナ"}
        }
        "America:Hermosillo"{
            ec{"エルモシヨ"}
        }
        "America:Indiana:Knox"{
            ec{"インディアナ州ノックス"}
        }
        "America:Indiana:Marengo"{
            ec{"インディアナ州マレンゴ"}
        }
        "America:Indiana:Petersburg"{
            ec{"インディアナ州ピーターズバーグ"}
        }
        "America:Indiana:Tell_City"{
            ec{"インディアナ州テルシティ"}
        }
        "America:Indiana:Vevay"{
            ec{"インディアナ州ビベー"}
        }
        "America:Indiana:Vincennes"{
            ec{"インディアナ州ビンセンス"}
        }
        "America:Indiana:Winamac"{
            ec{"インディアナ州ウィナマック"}
        }
        "America:Indianapolis"{
            ec{"インディアナポリス"}
        }
        "America:Inuvik"{
            ec{"イヌヴィク"}
        }
        "America:Iqaluit"{
            ec{"イカルイット"}
        }
        "America:Jamaica"{
            ec{"ジャマイカ"}
        }
        "America:Jujuy"{
            ec{"フフイ"}
        }
        "America:Juneau"{
            ec{"ジュノー"}
        }
        "America:Kentucky:Monticello"{
            ec{"ケンタッキー州モンティチェロ"}
        }
        "America:Kralendijk"{
            ec{"クラレンダイク"}
        }
        "America:La_Paz"{
            ec{"ラパス"}
        }
        "America:Lima"{
            ec{"リマ"}
        }
        "America:Los_Angeles"{
            ec{"ロサンゼルス"}
        }
        "America:Louisville"{
            ec{"ルイビル"}
        }
        "America:Lower_Princes"{
            ec{"ローワー・プリンセズ・クウォーター"}
        }
        "America:Maceio"{
            ec{"マセイオ"}
        }
        "America:Managua"{
            ec{"マナグア"}
        }
        "America:Manaus"{
            ec{"マナウス"}
        }
        "America:Marigot"{
            ec{"マリゴ"}
        }
        "America:Martinique"{
            ec{"マルティニーク"}
        }
        "America:Matamoros"{
            ec{"マタモロス"}
        }
        "America:Mazatlan"{
            ec{"マサトラン"}
        }
        "America:Mendoza"{
            ec{"メンドーサ"}
        }
        "America:Menominee"{
            ec{"メノミニー"}
        }
        "America:Merida"{
            ec{"メリダ"}
        }
        "America:Metlakatla"{
            ec{"メトラカトラ"}
        }
        "America:Mexico_City"{
            ec{"メキシコシティー"}
        }
        "America:Miquelon"{
            ec{"ミクロン島"}
        }
        "America:Moncton"{
            ec{"モンクトン"}
        }
        "America:Monterrey"{
            ec{"モンテレイ"}
        }
        "America:Montevideo"{
            ec{"モンテビデオ"}
        }
        "America:Montserrat"{
            ec{"モントセラト"}
        }
        "America:Nassau"{
            ec{"ナッソー"}
        }
        "America:New_York"{
            ec{"ニューヨーク"}
        }
        "America:Nipigon"{
            ec{"ニピゴン"}
        }
        "America:Nome"{
            ec{"ノーム"}
        }
        "America:Noronha"{
            ec{"ノローニャ"}
        }
        "America:North_Dakota:Beulah"{
            ec{"ノースダコタ州ビューラー"}
        }
        "America:North_Dakota:Center"{
            ec{"ノースダコタ州センター"}
        }
        "America:North_Dakota:New_Salem"{
            ec{"ノースダコタ州ニューセーラム"}
        }
        "America:Ojinaga"{
            ec{"オヒナガ"}
        }
        "America:Panama"{
            ec{"パナマ"}
        }
        "America:Pangnirtung"{
            ec{"パンナータング"}
        }
        "America:Paramaribo"{
            ec{"パラマリボ"}
        }
        "America:Phoenix"{
            ec{"フェニックス"}
        }
        "America:Port-au-Prince"{
            ec{"ポルトープランス"}
        }
        "America:Port_of_Spain"{
            ec{"ポートオブスペイン"}
        }
        "America:Porto_Velho"{
            ec{"ポルトベーリョ"}
        }
        "America:Puerto_Rico"{
            ec{"プエルトリコ"}
        }
        "America:Punta_Arenas"{
            ec{"プンタアレナス"}
        }
        "America:Rainy_River"{
            ec{"レイニーリバー"}
        }
        "America:Rankin_Inlet"{
            ec{"ランキンインレット"}
        }
        "America:Recife"{
            ec{"レシフェ"}
        }
        "America:Regina"{
            ec{"レジャイナ"}
        }
        "America:Resolute"{
            ec{"レゾリュート"}
        }
        "America:Rio_Branco"{
            ec{"リオブランコ"}
        }
        "America:Santa_Isabel"{
            ec{"サンタイサベル"}
        }
        "America:Santarem"{
            ec{"サンタレム"}
        }
        "America:Santiago"{
            ec{"サンチアゴ"}
        }
        "America:Santo_Domingo"{
            ec{"サントドミンゴ"}
        }
        "America:Sao_Paulo"{
            ec{"サンパウロ"}
        }
        "America:Scoresbysund"{
            ec{"イトコルトルミット"}
        }
        "America:Sitka"{
            ec{"シトカ"}
        }
        "America:St_Barthelemy"{
            ec{"サン・バルテルミー"}
        }
        "America:St_Johns"{
            ec{"セントジョンズ"}
        }
        "America:St_Kitts"{
            ec{"セントクリストファー"}
        }
        "America:St_Lucia"{
            ec{"セントルシア"}
        }
        "America:St_Thomas"{
            ec{"セントトーマス"}
        }
        "America:St_Vincent"{
            ec{"セントビンセント"}
        }
        "America:Swift_Current"{
            ec{"スウィフトカレント"}
        }
        "America:Tegucigalpa"{
            ec{"テグシガルパ"}
        }
        "America:Thule"{
            ec{"チューレ"}
        }
        "America:Thunder_Bay"{
            ec{"サンダーベイ"}
        }
        "America:Tijuana"{
            ec{"ティフアナ"}
        }
        "America:Toronto"{
            ec{"トロント"}
        }
        "America:Tortola"{
            ec{"トルトーラ"}
        }
        "America:Vancouver"{
            ec{"バンクーバー"}
        }
        "America:Whitehorse"{
            ec{"ホワイトホース"}
        }
        "America:Winnipeg"{
            ec{"ウィニペグ"}
        }
        "America:Yakutat"{
            ec{"ヤクタット"}
        }
        "America:Yellowknife"{
            ec{"イエローナイフ"}
        }
        "Antarctica:Casey"{
            ec{"ケーシー基地"}
        }
        "Antarctica:Davis"{
            ec{"デービス基地"}
        }
        "Antarctica:DumontDUrville"{
            ec{"デュモン・デュルヴィル基地"}
        }
        "Antarctica:Macquarie"{
            ec{"マッコリー"}
        }
        "Antarctica:Mawson"{
            ec{"モーソン基地"}
        }
        "Antarctica:McMurdo"{
            ec{"マクマード基地"}
        }
        "Antarctica:Palmer"{
            ec{"パーマー基地"}
        }
        "Antarctica:Rothera"{
            ec{"ロゼラ基地"}
        }
        "Antarctica:Syowa"{
            ec{"昭和基地"}
        }
        "Antarctica:Troll"{
            ec{"トロル基地"}
        }
        "Antarctica:Vostok"{
            ec{"ボストーク基地"}
        }
        "Arctic:Longyearbyen"{
            ec{"ロングイェールビーン"}
        }
        "Asia:Aden"{
            ec{"アデン"}
        }
        "Asia:Almaty"{
            ec{"アルマトイ"}
        }
        "Asia:Amman"{
            ec{"アンマン"}
        }
        "Asia:Anadyr"{
            ec{"アナディリ"}
        }
        "Asia:Aqtau"{
            ec{"アクタウ"}
        }
        "Asia:Aqtobe"{
            ec{"アクトベ"}
        }
        "Asia:Ashgabat"{
            ec{"アシガバード"}
        }
        "Asia:Atyrau"{
            ec{"アティラウ"}
        }
        "Asia:Baghdad"{
            ec{"バグダッド"}
        }
        "Asia:Bahrain"{
            ec{"バーレーン"}
        }
        "Asia:Baku"{
            ec{"バクー"}
        }
        "Asia:Bangkok"{
            ec{"バンコク"}
        }
        "Asia:Barnaul"{
            ec{"バルナウル"}
        }
        "Asia:Beirut"{
            ec{"ベイルート"}
        }
        "Asia:Bishkek"{
            ec{"ビシュケク"}
        }
        "Asia:Brunei"{
            ec{"ブルネイ"}
        }
        "Asia:Calcutta"{
            ec{"コルカタ"}
        }
        "Asia:Chita"{
            ec{"チタ"}
        }
        "Asia:Choibalsan"{
            ec{"チョイバルサン"}
        }
        "Asia:Colombo"{
            ec{"コロンボ"}
        }
        "Asia:Damascus"{
            ec{"ダマスカス"}
        }
        "Asia:Dhaka"{
            ec{"ダッカ"}
        }
        "Asia:Dili"{
            ec{"ディリ"}
        }
        "Asia:Dubai"{
            ec{"ドバイ"}
        }
        "Asia:Dushanbe"{
            ec{"ドゥシャンベ"}
        }
        "Asia:Famagusta"{
            ec{"ファマグスタ"}
        }
        "Asia:Gaza"{
            ec{"ガザ"}
        }
        "Asia:Hebron"{
            ec{"ヘブロン"}
        }
        "Asia:Hong_Kong"{
            ec{"香港"}
        }
        "Asia:Hovd"{
            ec{"ホブド"}
        }
        "Asia:Irkutsk"{
            ec{"イルクーツク"}
        }
        "Asia:Jakarta"{
            ec{"ジャカルタ"}
        }
        "Asia:Jayapura"{
            ec{"ジャヤプラ"}
        }
        "Asia:Jerusalem"{
            ec{"エルサレム"}
        }
        "Asia:Kabul"{
            ec{"カブール"}
        }
        "Asia:Kamchatka"{
            ec{"カムチャッカ"}
        }
        "Asia:Karachi"{
            ec{"カラチ"}
        }
        "Asia:Katmandu"{
            ec{"カトマンズ"}
        }
        "Asia:Khandyga"{
            ec{"ハンドゥイガ"}
        }
        "Asia:Krasnoyarsk"{
            ec{"クラスノヤルスク"}
        }
        "Asia:Kuala_Lumpur"{
            ec{"クアラルンプール"}
        }
        "Asia:Kuching"{
            ec{"クチン"}
        }
        "Asia:Kuwait"{
            ec{"クウェート"}
        }
        "Asia:Macau"{
            ec{"マカオ"}
        }
        "Asia:Magadan"{
            ec{"マガダン"}
        }
        "Asia:Makassar"{
            ec{"マカッサル"}
        }
        "Asia:Manila"{
            ec{"マニラ"}
        }
        "Asia:Muscat"{
            ec{"マスカット"}
        }
        "Asia:Nicosia"{
            ec{"ニコシア"}
        }
        "Asia:Novokuznetsk"{
            ec{"ノヴォクズネツク"}
        }
        "Asia:Novosibirsk"{
            ec{"ノヴォシビルスク"}
        }
        "Asia:Omsk"{
            ec{"オムスク"}
        }
        "Asia:Oral"{
            ec{"オラル"}
        }
        "Asia:Phnom_Penh"{
            ec{"プノンペン"}
        }
        "Asia:Pontianak"{
            ec{"ポンティアナック"}
        }
        "Asia:Pyongyang"{
            ec{"平壌"}
        }
        "Asia:Qatar"{
            ec{"カタール"}
        }
        "Asia:Qostanay"{
            ec{"コスタナイ"}
        }
        "Asia:Qyzylorda"{
            ec{"クズロルダ"}
        }
        "Asia:Rangoon"{
            ec{"ヤンゴン"}
        }
        "Asia:Riyadh"{
            ec{"リヤド"}
        }
        "Asia:Saigon"{
            ec{"ホーチミン"}
        }
        "Asia:Sakhalin"{
            ec{"サハリン"}
        }
        "Asia:Samarkand"{
            ec{"サマルカンド"}
        }
        "Asia:Seoul"{
            ec{"ソウル"}
        }
        "Asia:Shanghai"{
            ec{"上海"}
        }
        "Asia:Singapore"{
            ec{"シンガポール"}
        }
        "Asia:Srednekolymsk"{
            ec{"スレドネコリムスク"}
        }
        "Asia:Taipei"{
            ec{"台北"}
        }
        "Asia:Tashkent"{
            ec{"タシケント"}
        }
        "Asia:Tbilisi"{
            ec{"トビリシ"}
        }
        "Asia:Tehran"{
            ec{"テヘラン"}
        }
        "Asia:Thimphu"{
            ec{"ティンプー"}
        }
        "Asia:Tokyo"{
            ec{"東京"}
        }
        "Asia:Tomsk"{
            ec{"トムスク"}
        }
        "Asia:Ulaanbaatar"{
            ec{"ウランバートル"}
        }
        "Asia:Urumqi"{
            ec{"ウルムチ"}
        }
        "Asia:Ust-Nera"{
            ec{"ウスチネラ"}
        }
        "Asia:Vientiane"{
            ec{"ビエンチャン"}
        }
        "Asia:Vladivostok"{
            ec{"ウラジオストク"}
        }
        "Asia:Yakutsk"{
            ec{"ヤクーツク"}
        }
        "Asia:Yekaterinburg"{
            ec{"エカテリンブルグ"}
        }
        "Asia:Yerevan"{
            ec{"エレバン"}
        }
        "Atlantic:Azores"{
            ec{"アゾレス"}
        }
        "Atlantic:Bermuda"{
            ec{"バミューダ"}
        }
        "Atlantic:Canary"{
            ec{"カナリア"}
        }
        "Atlantic:Cape_Verde"{
            ec{"カーボベルデ"}
        }
        "Atlantic:Faeroe"{
            ec{"フェロー"}
        }
        "Atlantic:Madeira"{
            ec{"マデイラ"}
        }
        "Atlantic:Reykjavik"{
            ec{"レイキャビク"}
        }
        "Atlantic:South_Georgia"{
            ec{"サウスジョージア"}
        }
        "Atlantic:St_Helena"{
            ec{"セントヘレナ"}
        }
        "Atlantic:Stanley"{
            ec{"スタンレー"}
        }
        "Australia:Adelaide"{
            ec{"アデレード"}
        }
        "Australia:Brisbane"{
            ec{"ブリスベン"}
        }
        "Australia:Broken_Hill"{
            ec{"ブロークンヒル"}
        }
        "Australia:Currie"{
            ec{"カリー"}
        }
        "Australia:Darwin"{
            ec{"ダーウィン"}
        }
        "Australia:Eucla"{
            ec{"ユークラ"}
        }
        "Australia:Hobart"{
            ec{"ホバート"}
        }
        "Australia:Lindeman"{
            ec{"リンデマン"}
        }
        "Australia:Lord_Howe"{
            ec{"ロードハウ"}
        }
        "Australia:Melbourne"{
            ec{"メルボルン"}
        }
        "Australia:Perth"{
            ec{"パース"}
        }
        "Australia:Sydney"{
            ec{"シドニー"}
        }
        "Etc:UTC"{
            ls{"協定世界時"}
        }
        "Etc:Unknown"{
            ec{"地域不明"}
        }
        "Europe:Amsterdam"{
            ec{"アムステルダム"}
        }
        "Europe:Andorra"{
            ec{"アンドラ"}
        }
        "Europe:Astrakhan"{
            ec{"アストラハン"}
        }
        "Europe:Athens"{
            ec{"アテネ"}
        }
        "Europe:Belgrade"{
            ec{"ベオグラード"}
        }
        "Europe:Berlin"{
            ec{"ベルリン"}
        }
        "Europe:Bratislava"{
            ec{"ブラチスラバ"}
        }
        "Europe:Brussels"{
            ec{"ブリュッセル"}
        }
        "Europe:Bucharest"{
            ec{"ブカレスト"}
        }
        "Europe:Budapest"{
            ec{"ブダペスト"}
        }
        "Europe:Busingen"{
            ec{"ビュージンゲン"}
        }
        "Europe:Chisinau"{
            ec{"キシナウ"}
        }
        "Europe:Copenhagen"{
            ec{"コペンハーゲン"}
        }
        "Europe:Dublin"{
            ec{"ダブリン"}
            ld{"アイルランド標準時"}
        }
        "Europe:Gibraltar"{
            ec{"ジブラルタル"}
        }
        "Europe:Guernsey"{
            ec{"ガーンジー"}
        }
        "Europe:Helsinki"{
            ec{"ヘルシンキ"}
        }
        "Europe:Isle_of_Man"{
            ec{"マン島"}
        }
        "Europe:Istanbul"{
            ec{"イスタンブール"}
        }
        "Europe:Jersey"{
            ec{"ジャージー"}
        }
        "Europe:Kaliningrad"{
            ec{"カリーニングラード"}
        }
        "Europe:Kiev"{
            ec{"キエフ"}
        }
        "Europe:Kirov"{
            ec{"キーロフ"}
        }
        "Europe:Lisbon"{
            ec{"リスボン"}
        }
        "Europe:Ljubljana"{
            ec{"リュブリャナ"}
        }
        "Europe:London"{
            ec{"ロンドン"}
            ld{"英国夏時間"}
        }
        "Europe:Luxembourg"{
            ec{"ルクセンブルク"}
        }
        "Europe:Madrid"{
            ec{"マドリード"}
        }
        "Europe:Malta"{
            ec{"マルタ"}
        }
        "Europe:Mariehamn"{
            ec{"マリエハムン"}
        }
        "Europe:Minsk"{
            ec{"ミンスク"}
        }
        "Europe:Monaco"{
            ec{"モナコ"}
        }
        "Europe:Moscow"{
            ec{"モスクワ"}
        }
        "Europe:Oslo"{
            ec{"オスロ"}
        }
        "Europe:Paris"{
            ec{"パリ"}
        }
        "Europe:Podgorica"{
            ec{"ポドゴリツァ"}
        }
        "Europe:Prague"{
            ec{"プラハ"}
        }
        "Europe:Riga"{
            ec{"リガ"}
        }
        "Europe:Rome"{
            ec{"ローマ"}
        }
        "Europe:Samara"{
            ec{"サマラ"}
        }
        "Europe:San_Marino"{
            ec{"サンマリノ"}
        }
        "Europe:Sarajevo"{
            ec{"サラエボ"}
        }
        "Europe:Saratov"{
            ec{"サラトフ"}
        }
        "Europe:Simferopol"{
            ec{"シンフェロポリ"}
        }
        "Europe:Skopje"{
            ec{"スコピエ"}
        }
        "Europe:Sofia"{
            ec{"ソフィア"}
        }
        "Europe:Stockholm"{
            ec{"ストックホルム"}
        }
        "Europe:Tallinn"{
            ec{"タリン"}
        }
        "Europe:Tirane"{
            ec{"ティラナ"}
        }
        "Europe:Ulyanovsk"{
            ec{"ウリヤノフスク"}
        }
        "Europe:Uzhgorod"{
            ec{"ウージュホロド"}
        }
        "Europe:Vaduz"{
            ec{"ファドゥーツ"}
        }
        "Europe:Vatican"{
            ec{"バチカン"}
        }
        "Europe:Vienna"{
            ec{"ウィーン"}
        }
        "Europe:Vilnius"{
            ec{"ヴィリニュス"}
        }
        "Europe:Volgograd"{
            ec{"ボルゴグラード"}
        }
        "Europe:Warsaw"{
            ec{"ワルシャワ"}
        }
        "Europe:Zagreb"{
            ec{"ザグレブ"}
        }
        "Europe:Zaporozhye"{
            ec{"ザポリージャ"}
        }
        "Europe:Zurich"{
            ec{"チューリッヒ"}
        }
        "Indian:Antananarivo"{
            ec{"アンタナナリボ"}
        }
        "Indian:Chagos"{
            ec{"チャゴス"}
        }
        "Indian:Christmas"{
            ec{"クリスマス島"}
        }
        "Indian:Cocos"{
            ec{"ココス諸島"}
        }
        "Indian:Comoro"{
            ec{"コモロ"}
        }
        "Indian:Kerguelen"{
            ec{"ケルゲレン諸島"}
        }
        "Indian:Mahe"{
            ec{"マヘ"}
        }
        "Indian:Maldives"{
            ec{"モルディブ"}
        }
        "Indian:Mauritius"{
            ec{"モーリシャス"}
        }
        "Indian:Mayotte"{
            ec{"マヨット"}
        }
        "Indian:Reunion"{
            ec{"レユニオン"}
        }
        "Pacific:Apia"{
            ec{"アピア"}
        }
        "Pacific:Auckland"{
            ec{"オークランド"}
        }
        "Pacific:Bougainville"{
            ec{"ブーゲンビル"}
        }
        "Pacific:Chatham"{
            ec{"チャタム"}
        }
        "Pacific:Easter"{
            ec{"イースター島"}
        }
        "Pacific:Efate"{
            ec{"エフェテ島"}
        }
        "Pacific:Enderbury"{
            ec{"エンダーベリー島"}
        }
        "Pacific:Fakaofo"{
            ec{"ファカオフォ"}
        }
        "Pacific:Fiji"{
            ec{"フィジー"}
        }
        "Pacific:Funafuti"{
            ec{"フナフティ"}
        }
        "Pacific:Galapagos"{
            ec{"ガラパゴス"}
        }
        "Pacific:Gambier"{
            ec{"ガンビエ諸島"}
        }
        "Pacific:Guadalcanal"{
            ec{"ガダルカナル"}
        }
        "Pacific:Guam"{
            ec{"グアム"}
        }
        "Pacific:Honolulu"{
            ec{"ホノルル"}
        }
        "Pacific:Johnston"{
            ec{"ジョンストン島"}
        }
        "Pacific:Kiritimati"{
            ec{"キリスィマスィ島"}
        }
        "Pacific:Kosrae"{
            ec{"コスラエ"}
        }
        "Pacific:Kwajalein"{
            ec{"クェゼリン"}
        }
        "Pacific:Majuro"{
            ec{"マジュロ"}
        }
        "Pacific:Marquesas"{
            ec{"マルキーズ"}
        }
        "Pacific:Midway"{
            ec{"ミッドウェー島"}
        }
        "Pacific:Nauru"{
            ec{"ナウル"}
        }
        "Pacific:Niue"{
            ec{"ニウエ"}
        }
        "Pacific:Norfolk"{
            ec{"ノーフォーク島"}
        }
        "Pacific:Noumea"{
            ec{"ヌメア"}
        }
        "Pacific:Pago_Pago"{
            ec{"パゴパゴ"}
        }
        "Pacific:Palau"{
            ec{"パラオ"}
        }
        "Pacific:Pitcairn"{
            ec{"ピトケアン諸島"}
        }
        "Pacific:Ponape"{
            ec{"ポンペイ島"}
        }
        "Pacific:Port_Moresby"{
            ec{"ポートモレスビー"}
        }
        "Pacific:Rarotonga"{
            ec{"ラロトンガ"}
        }
        "Pacific:Saipan"{
            ec{"サイパン"}
        }
        "Pacific:Tahiti"{
            ec{"タヒチ"}
        }
        "Pacific:Tarawa"{
            ec{"タラワ"}
        }
        "Pacific:Tongatapu"{
            ec{"トンガタプ"}
        }
        "Pacific:Truk"{
            ec{"チューク"}
        }
        "Pacific:Wake"{
            ec{"ウェーク島"}
        }
        "Pacific:Wallis"{
            ec{"ウォリス諸島"}
        }
        "meta:Acre"{
            ld{"アクレ夏時間"}
            lg{"アクレ時間"}
            ls{"アクレ標準時"}
        }
        "meta:Afghanistan"{
            ls{"アフガニスタン時間"}
        }
        "meta:Africa_Central"{
            ls{"中央アフリカ時間"}
        }
        "meta:Africa_Eastern"{
            ls{"東アフリカ時間"}
        }
        "meta:Africa_Southern"{
            ls{"南アフリカ標準時"}
        }
        "meta:Africa_Western"{
            ld{"西アフリカ夏時間"}
            lg{"西アフリカ時間"}
            ls{"西アフリカ標準時"}
        }
        "meta:Alaska"{
            ld{"アラスカ夏時間"}
            lg{"アラスカ時間"}
            ls{"アラスカ標準時"}
        }
        "meta:Almaty"{
            ld{"アルマトイ夏時間"}
            lg{"アルトマイ時間"}
            ls{"アルトマイ標準時"}
        }
        "meta:Amazon"{
            ld{"アマゾン夏時間"}
            lg{"アマゾン時間"}
            ls{"アマゾン標準時"}
        }
        "meta:America_Central"{
            ld{"アメリカ中部夏時間"}
            lg{"アメリカ中部時間"}
            ls{"アメリカ中部標準時"}
        }
        "meta:America_Eastern"{
            ld{"アメリカ東部夏時間"}
            lg{"アメリカ東部時間"}
            ls{"アメリカ東部標準時"}
        }
        "meta:America_Mountain"{
            ld{"アメリカ山地夏時間"}
            lg{"アメリカ山地時間"}
            ls{"アメリカ山地標準時"}
        }
        "meta:America_Pacific"{
            ld{"アメリカ太平洋夏時間"}
            lg{"アメリカ太平洋時間"}
            ls{"アメリカ太平洋標準時"}
        }
        "meta:Anadyr"{
            ld{"アナディリ夏時間"}
            lg{"アナディリ時間"}
            ls{"アナディリ標準時"}
        }
        "meta:Apia"{
            ld{"アピア夏時間"}
            lg{"アピア時間"}
            ls{"アピア標準時"}
        }
        "meta:Aqtau"{
            ld{"アクタウ夏時間"}
            lg{"アクタウ時間"}
            ls{"アクタウ標準時"}
        }
        "meta:Aqtobe"{
            ld{"アクトベ夏時間"}
            lg{"アクトベ時間"}
            ls{"アクトベ標準時"}
        }
        "meta:Arabian"{
            ld{"アラビア夏時間"}
            lg{"アラビア時間"}
            ls{"アラビア標準時"}
        }
        "meta:Argentina"{
            ld{"アルゼンチン夏時間"}
            lg{"アルゼンチン時間"}
            ls{"アルゼンチン標準時"}
        }
        "meta:Argentina_Western"{
            ld{"西部アルゼンチン夏時間"}
            lg{"西部アルゼンチン時間"}
            ls{"西部アルゼンチン標準時"}
        }
        "meta:Armenia"{
            ld{"アルメニア夏時間"}
            lg{"アルメニア時間"}
            ls{"アルメニア標準時"}
        }
        "meta:Atlantic"{
            ld{"大西洋夏時間"}
            lg{"大西洋時間"}
            ls{"大西洋標準時"}
        }
        "meta:Australia_Central"{
            ld{"オーストラリア中部夏時間"}
            lg{"オーストラリア中部時間"}
            ls{"オーストラリア中部標準時"}
        }
        "meta:Australia_CentralWestern"{
            ld{"オーストラリア中西部夏時間"}
            lg{"オーストラリア中西部時間"}
            ls{"オーストラリア中西部標準時"}
        }
        "meta:Australia_Eastern"{
            ld{"オーストラリア東部夏時間"}
            lg{"オーストラリア東部時間"}
            ls{"オーストラリア東部標準時"}
        }
        "meta:Australia_Western"{
            ld{"オーストラリア西部夏時間"}
            lg{"オーストラリア西部時間"}
            ls{"オーストラリア西部標準時"}
        }
        "meta:Azerbaijan"{
            ld{"アゼルバイジャン夏時間"}
            lg{"アゼルバイジャン時間"}
            ls{"アゼルバイジャン標準時"}
        }
        "meta:Azores"{
            ld{"アゾレス夏時間"}
            lg{"アゾレス時間"}
            ls{"アゾレス標準時"}
        }
        "meta:Bangladesh"{
            ld{"バングラデシュ夏時間"}
            lg{"バングラデシュ時間"}
            ls{"バングラデシュ標準時"}
        }
        "meta:Bhutan"{
            ls{"ブータン時間"}
        }
        "meta:Bolivia"{
            ls{"ボリビア時間"}
        }
        "meta:Brasilia"{
            ld{"ブラジリア夏時間"}
            lg{"ブラジリア時間"}
            ls{"ブラジリア標準時"}
        }
        "meta:Brunei"{
            ls{"ブルネイ・ダルサラーム時間"}
        }
        "meta:Cape_Verde"{
            ld{"カーボベルデ夏時間"}
            lg{"カーボベルデ時間"}
            ls{"カーボベルデ標準時"}
        }
        "meta:Casey"{
            ls{"ケイシー基地時間"}
        }
        "meta:Chamorro"{
            ls{"チャモロ時間"}
        }
        "meta:Chatham"{
            ld{"チャタム夏時間"}
            lg{"チャタム時間"}
            ls{"チャタム標準時"}
        }
        "meta:Chile"{
            ld{"チリ夏時間"}
            lg{"チリ時間"}
            ls{"チリ標準時"}
        }
        "meta:China"{
            ld{"中国夏時間"}
            lg{"中国時間"}
            ls{"中国標準時"}
        }
        "meta:Choibalsan"{
            ld{"チョイバルサン夏時間"}
            lg{"チョイバルサン時間"}
            ls{"チョイバルサン標準時"}
        }
        "meta:Christmas"{
            ls{"クリスマス島時間"}
        }
        "meta:Cocos"{
            ls{"ココス諸島時間"}
        }
        "meta:Colombia"{
            ld{"コロンビア夏時間"}
            lg{"コロンビア時間"}
            ls{"コロンビア標準時"}
        }
        "meta:Cook"{
            ld{"クック諸島夏時間"}
            lg{"クック諸島時間"}
            ls{"クック諸島標準時"}
        }
        "meta:Cuba"{
            ld{"キューバ夏時間"}
            lg{"キューバ時間"}
            ls{"キューバ標準時"}
        }
        "meta:Davis"{
            ls{"デービス基地時間"}
        }
        "meta:DumontDUrville"{
            ls{"デュモン・デュルヴィル基地時間"}
        }
        "meta:East_Timor"{
            ls{"東ティモール時間"}
        }
        "meta:Easter"{
            ld{"イースター島夏時間"}
            lg{"イースター島時間"}
            ls{"イースター島標準時"}
        }
        "meta:Ecuador"{
            ls{"エクアドル時間"}
        }
        "meta:Europe_Central"{
            ld{"中央ヨーロッパ夏時間"}
            lg{"中央ヨーロッパ時間"}
            ls{"中央ヨーロッパ標準時"}
        }
        "meta:Europe_Eastern"{
            ld{"東ヨーロッパ夏時間"}
            lg{"東ヨーロッパ時間"}
            ls{"東ヨーロッパ標準時"}
        }
        "meta:Europe_Further_Eastern"{
            ls{"極東ヨーロッパ時間"}
        }
        "meta:Europe_Western"{
            ld{"西ヨーロッパ夏時間"}
            lg{"西ヨーロッパ時間"}
            ls{"西ヨーロッパ標準時"}
        }
        "meta:Falkland"{
            ld{"フォークランド諸島夏時間"}
            lg{"フォークランド諸島時間"}
            ls{"フォークランド諸島標準時"}
        }
        "meta:Fiji"{
            ld{"フィジー夏時間"}
            lg{"フィジー時間"}
            ls{"フィジー標準時"}
        }
        "meta:French_Guiana"{
            ls{"仏領ギアナ時間"}
        }
        "meta:French_Southern"{
            ls{"仏領南方南極時間"}
        }
        "meta:GMT"{
            ls{"グリニッジ標準時"}
        }
        "meta:Galapagos"{
            ls{"ガラパゴス時間"}
        }
        "meta:Gambier"{
            ls{"ガンビエ諸島時間"}
        }
        "meta:Georgia"{
            ld{"ジョージア夏時間"}
            lg{"ジョージア時間"}
            ls{"ジョージア標準時"}
        }
        "meta:Gilbert_Islands"{
            ls{"ギルバート諸島時間"}
        }
        "meta:Greenland_Eastern"{
            ld{"グリーンランド東部夏時間"}
            lg{"グリーンランド東部時間"}
            ls{"グリーンランド東部標準時"}
        }
        "meta:Greenland_Western"{
            ld{"グリーンランド西部夏時間"}
            lg{"グリーンランド西部時間"}
            ls{"グリーンランド西部標準時"}
        }
        "meta:Guam"{
            ls{"グアム時間"}
        }
        "meta:Gulf"{
            ls{"湾岸標準時"}
        }
        "meta:Guyana"{
            ls{"ガイアナ時間"}
        }
        "meta:Hawaii_Aleutian"{
            ld{"ハワイ・アリューシャン夏時間"}
            lg{"ハワイ・アリューシャン時間"}
            ls{"ハワイ・アリューシャン標準時"}
        }
        "meta:Hong_Kong"{
            ld{"香港夏時間"}
            lg{"香港時間"}
            ls{"香港標準時"}
        }
        "meta:Hovd"{
            ld{"ホブド夏時間"}
            lg{"ホブド時間"}
            ls{"ホブド標準時"}
        }
        "meta:India"{
            ls{"インド標準時"}
        }
        "meta:Indian_Ocean"{
            ls{"インド洋時間"}
        }
        "meta:Indochina"{
            ls{"インドシナ時間"}
        }
        "meta:Indonesia_Central"{
            ls{"インドネシア中部時間"}
        }
        "meta:Indonesia_Eastern"{
            ls{"インドネシア東部時間"}
        }
        "meta:Indonesia_Western"{
            ls{"インドネシア西部時間"}
        }
        "meta:Iran"{
            ld{"イラン夏時間"}
            lg{"イラン時間"}
            ls{"イラン標準時"}
        }
        "meta:Irkutsk"{
            ld{"イルクーツク夏時間"}
            lg{"イルクーツク時間"}
            ls{"イルクーツク標準時"}
        }
        "meta:Israel"{
            ld{"イスラエル夏時間"}
            lg{"イスラエル時間"}
            ls{"イスラエル標準時"}
        }
        "meta:Japan"{
            ld{"日本夏時間"}
            lg{"日本時間"}
            ls{"日本標準時"}
            sd{"JDT"}
            sg{"∅∅∅"}
            ss{"JST"}
        }
        "meta:Kamchatka"{
            ld{"ペトロパブロフスク・カムチャツキー夏時間"}
            lg{"ペトロパブロフスク・カムチャツキー時間"}
            ls{"ペトロパブロフスク・カムチャツキー標準時"}
        }
        "meta:Kazakhstan_Eastern"{
            ls{"東カザフスタン時間"}
        }
        "meta:Kazakhstan_Western"{
            ls{"西カザフスタン時間"}
        }
        "meta:Korea"{
            ld{"韓国夏時間"}
            lg{"韓国時間"}
            ls{"韓国標準時"}
        }
        "meta:Kosrae"{
            ls{"コスラエ時間"}
        }
        "meta:Krasnoyarsk"{
            ld{"クラスノヤルスク夏時間"}
            lg{"クラスノヤルスク時間"}
            ls{"クラスノヤルスク標準時"}
        }
        "meta:Kyrgystan"{
            ls{"キルギス時間"}
        }
        "meta:Lanka"{
            ls{"ランカ時間"}
        }
        "meta:Line_Islands"{
            ls{"ライン諸島時間"}
        }
        "meta:Lord_Howe"{
            ld{"ロードハウ夏時間"}
            lg{"ロードハウ時間"}
            ls{"ロードハウ標準時"}
        }
        "meta:Macau"{
            ld{"マカオ夏時間"}
            lg{"マカオ時間"}
            ls{"マカオ標準時"}
        }
        "meta:Macquarie"{
            ls{"マッコーリー島時間"}
        }
        "meta:Magadan"{
            ld{"マガダン夏時間"}
            lg{"マガダン時間"}
            ls{"マガダン標準時"}
        }
        "meta:Malaysia"{
            ls{"マレーシア時間"}
        }
        "meta:Maldives"{
            ls{"モルディブ時間"}
        }
        "meta:Marquesas"{
            ls{"マルキーズ時間"}
        }
        "meta:Marshall_Islands"{
            ls{"マーシャル諸島時間"}
        }
        "meta:Mauritius"{
            ld{"モーリシャス夏時間"}
            lg{"モーリシャス時間"}
            ls{"モーリシャス標準時"}
        }
        "meta:Mawson"{
            ls{"モーソン基地時間"}
        }
        "meta:Mexico_Northwest"{
            ld{"メキシコ北西部夏時間"}
            lg{"メキシコ北西部時間"}
            ls{"メキシコ北西部標準時"}
        }
        "meta:Mexico_Pacific"{
            ld{"メキシコ太平洋夏時間"}
            lg{"メキシコ太平洋時間"}
            ls{"メキシコ太平洋標準時"}
        }
        "meta:Mongolia"{
            ld{"ウランバートル夏時間"}
            lg{"ウランバートル時間"}
            ls{"ウランバートル標準時"}
        }
        "meta:Moscow"{
            ld{"モスクワ夏時間"}
            lg{"モスクワ時間"}
            ls{"モスクワ標準時"}
        }
        "meta:Myanmar"{
            ls{"ミャンマー時間"}
        }
        "meta:Nauru"{
            ls{"ナウル時間"}
        }
        "meta:Nepal"{
            ls{"ネパール時間"}
        }
        "meta:New_Caledonia"{
            ld{"ニューカレドニア夏時間"}
            lg{"ニューカレドニア時間"}
            ls{"ニューカレドニア標準時"}
        }
        "meta:New_Zealand"{
            ld{"ニュージーランド夏時間"}
            lg{"ニュージーランド時間"}
            ls{"ニュージーランド標準時"}
        }
        "meta:Newfoundland"{
            ld{"ニューファンドランド夏時間"}
            lg{"ニューファンドランド時間"}
            ls{"ニューファンドランド標準時"}
        }
        "meta:Niue"{
            ls{"ニウエ時間"}
        }
        "meta:Norfolk"{
            ld{"ノーフォーク島夏時間"}
            lg{"ノーフォーク島時間"}
            ls{"ノーフォーク島標準時"}
        }
        "meta:Noronha"{
            ld{"フェルナンド・デ・ノローニャ夏時間"}
            lg{"フェルナンド・デ・ノローニャ時間"}
            ls{"フェルナンド・デ・ノローニャ標準時"}
        }
        "meta:North_Mariana"{
            ls{"北マリアナ諸島時間"}
        }
        "meta:Novosibirsk"{
            ld{"ノヴォシビルスク夏時間"}
            lg{"ノヴォシビルスク時間"}
            ls{"ノヴォシビルスク標準時"}
        }
        "meta:Omsk"{
            ld{"オムスク夏時間"}
            lg{"オムスク時間"}
            ls{"オムスク標準時"}
        }
        "meta:Pakistan"{
            ld{"パキスタン夏時間"}
            lg{"パキスタン時間"}
            ls{"パキスタン標準時"}
        }
        "meta:Palau"{
            ls{"パラオ時間"}
        }
        "meta:Papua_New_Guinea"{
            ls{"パプアニューギニア時間"}
        }
        "meta:Paraguay"{
            ld{"パラグアイ夏時間"}
            lg{"パラグアイ時間"}
            ls{"パラグアイ標準時"}
        }
        "meta:Peru"{
            ld{"ペルー夏時間"}
            lg{"ペルー時間"}
            ls{"ペルー標準時"}
        }
        "meta:Philippines"{
            ld{"フィリピン夏時間"}
            lg{"フィリピン時間"}
            ls{"フィリピン標準時"}
        }
        "meta:Phoenix_Islands"{
            ls{"フェニックス諸島時間"}
        }
        "meta:Pierre_Miquelon"{
            ld{"サンピエール島・ミクロン島夏時間"}
            lg{"サンピエール島・ミクロン島時間"}
            ls{"サンピエール島・ミクロン島標準時"}
        }
        "meta:Pitcairn"{
            ls{"ピトケアン時間"}
        }
        "meta:Ponape"{
            ls{"ポナペ時間"}
        }
        "meta:Pyongyang"{
            ls{"平壌時間"}
        }
        "meta:Qyzylorda"{
            ld{"クズロルダ夏時間"}
            lg{"クズロルダ時間"}
            ls{"クズロルダ標準時"}
        }
        "meta:Reunion"{
            ls{"レユニオン時間"}
        }
        "meta:Rothera"{
            ls{"ロゼラ基地時間"}
        }
        "meta:Sakhalin"{
            ld{"サハリン夏時間"}
            lg{"サハリン時間"}
            ls{"サハリン標準時"}
        }
        "meta:Samara"{
            ld{"サマラ夏時間"}
            lg{"サマラ時間"}
            ls{"サマラ標準時"}
        }
        "meta:Samoa"{
            ld{"サモア夏時間"}
            lg{"サモア時間"}
            ls{"サモア標準時"}
        }
        "meta:Seychelles"{
            ls{"セーシェル時間"}
        }
        "meta:Singapore"{
            ls{"シンガポール標準時"}
        }
        "meta:Solomon"{
            ls{"ソロモン諸島時間"}
        }
        "meta:South_Georgia"{
            ls{"サウスジョージア時間"}
        }
        "meta:Suriname"{
            ls{"スリナム時間"}
        }
        "meta:Syowa"{
            ls{"昭和基地時間"}
        }
        "meta:Tahiti"{
            ls{"タヒチ時間"}
        }
        "meta:Taipei"{
            ld{"台北夏時間"}
            lg{"台北時間"}
            ls{"台北標準時"}
        }
        "meta:Tajikistan"{
            ls{"タジキスタン時間"}
        }
        "meta:Tokelau"{
            ls{"トケラウ時間"}
        }
        "meta:Tonga"{
            ld{"トンガ夏時間"}
            lg{"トンガ時間"}
            ls{"トンガ標準時"}
        }
        "meta:Truk"{
            ls{"チューク時間"}
        }
        "meta:Turkmenistan"{
            ld{"トルクメニスタン夏時間"}
            lg{"トルクメニスタン時間"}
            ls{"トルクメニスタン標準時"}
        }
        "meta:Tuvalu"{
            ls{"ツバル時間"}
        }
        "meta:Uruguay"{
            ld{"ウルグアイ夏時間"}
            lg{"ウルグアイ時間"}
            ls{"ウルグアイ標準時"}
        }
        "meta:Uzbekistan"{
            ld{"ウズベキスタン夏時間"}
            lg{"ウズベキスタン時間"}
            ls{"ウズベキスタン標準時"}
        }
        "meta:Vanuatu"{
            ld{"バヌアツ夏時間"}
            lg{"バヌアツ時間"}
            ls{"バヌアツ標準時"}
        }
        "meta:Venezuela"{
            ls{"ベネズエラ時間"}
        }
        "meta:Vladivostok"{
            ld{"ウラジオストク夏時間"}
            lg{"ウラジオストク時間"}
            ls{"ウラジオストク標準時"}
        }
        "meta:Volgograd"{
            ld{"ボルゴグラード夏時間"}
            lg{"ボルゴグラード時間"}
            ls{"ボルゴグラード標準時"}
        }
        "meta:Vostok"{
            ls{"ボストーク基地時間"}
        }
        "meta:Wake"{
            ls{"ウェーク島時間"}
        }
        "meta:Wallis"{
            ls{"ウォリス・フツナ時間"}
        }
        "meta:Yakutsk"{
            ld{"ヤクーツク夏時間"}
            lg{"ヤクーツク時間"}
            ls{"ヤクーツク標準時"}
        }
        "meta:Yekaterinburg"{
            ld{"エカテリンブルグ夏時間"}
            lg{"エカテリンブルグ時間"}
            ls{"エカテリンブルグ標準時"}
        }
        fallbackFormat{"{1}（{0}）"}
        gmtFormat{"GMT{0}"}
        gmtZeroFormat{"GMT"}
        hourFormat{"+HH:mm;-HH:mm"}
        regionFormat{"{0}時間"}
        regionFormatDaylight{"{0}夏時間"}
        regionFormatStandard{"{0}標準時"}
    }
}
