// © 2016 and later: Unicode, Inc. and others.
// License & terms of use: http://www.unicode.org/copyright.html
// Generated using tools/cldr/cldr-to-icu/build-icu-data.xml
km{
    zoneStrings{
        "Africa:Abidjan"{
            ec{"អាប៊ីដ្យាន"}
        }
        "Africa:Accra"{
            ec{"អាក្រា"}
        }
        "Africa:Addis_Ababa"{
            ec{"អាឌីសអាបេបា"}
        }
        "Africa:Algiers"{
            ec{"អាល់ហ្សេ"}
        }
        "Africa:Asmera"{
            ec{"អាស្មារ៉ា"}
        }
        "Africa:Bamako"{
            ec{"បាម៉ាកូ"}
        }
        "Africa:Bangui"{
            ec{"បង់ហ្គី"}
        }
        "Africa:Banjul"{
            ec{"បង់ហ្ស៊ុល"}
        }
        "Africa:Bissau"{
            ec{"ប៊ីស្សូ"}
        }
        "Africa:Blantyre"{
            ec{"ប្លាំងទីរ៉េ"}
        }
        "Africa:Brazzaville"{
            ec{"ប្រាស្ហាវីល"}
        }
        "Africa:Bujumbura"{
            ec{"ប៊ូយ៉ាំប៊ូរ៉ា"}
        }
        "Africa:Cairo"{
            ec{"គែរ"}
        }
        "Africa:Casablanca"{
            ec{"កាសាប្លាំងកា"}
        }
        "Africa:Ceuta"{
            ec{"ឈៀតា"}
        }
        "Africa:Conakry"{
            ec{"កូណាគ្រី"}
        }
        "Africa:Dakar"{
            ec{"ដាកា"}
        }
        "Africa:Dar_es_Salaam"{
            ec{"ដាអ៊ីសាឡាំ"}
        }
        "Africa:Djibouti"{
            ec{"ជីប៊ូទី"}
        }
        "Africa:Douala"{
            ec{"ឌូអ៊ូឡា"}
        }
        "Africa:El_Aaiun"{
            ec{"អែល​អ៊ុយញៀន"}
        }
        "Africa:Freetown"{
            ec{"ហ្វ្រីថោន"}
        }
        "Africa:Gaborone"{
            ec{"ហ្គាបូរ៉ូន"}
        }
        "Africa:Harare"{
            ec{"ហារ៉ារ៉េ"}
        }
        "Africa:Johannesburg"{
            ec{"ជូហានណេប៊ឺហ្គ"}
        }
        "Africa:Juba"{
            ec{"ជូបា"}
        }
        "Africa:Kampala"{
            ec{"កំប៉ាឡា"}
        }
        "Africa:Khartoum"{
            ec{"ខាទុំ"}
        }
        "Africa:Kigali"{
            ec{"គីហ្គាលី"}
        }
        "Africa:Kinshasa"{
            ec{"គីនស្ហាសា"}
        }
        "Africa:Lagos"{
            ec{"ឡាហ្គូស"}
        }
        "Africa:Libreville"{
            ec{"លីប្រីវីល"}
        }
        "Africa:Lome"{
            ec{"ឡូម៉េ"}
        }
        "Africa:Luanda"{
            ec{"លូអង់ដា"}
        }
        "Africa:Lubumbashi"{
            ec{"លូប៊ុមបាស៊ី"}
        }
        "Africa:Lusaka"{
            ec{"លូសាកា"}
        }
        "Africa:Malabo"{
            ec{"ម៉ាឡាបូ"}
        }
        "Africa:Maputo"{
            ec{"ម៉ាពុយតូ"}
        }
        "Africa:Maseru"{
            ec{"ម៉ាសេរុយ"}
        }
        "Africa:Mbabane"{
            ec{"បាបាន"}
        }
        "Africa:Mogadishu"{
            ec{"ម៉ូហ្គាឌីស្យូ"}
        }
        "Africa:Monrovia"{
            ec{"ម៉ុងរ៉ូវីយ៉ា"}
        }
        "Africa:Nairobi"{
            ec{"ណៃរ៉ូប៊ី"}
        }
        "Africa:Ndjamena"{
            ec{"ដ្យាមេណា"}
        }
        "Africa:Niamey"{
            ec{"នីញ៉ាម៉េ"}
        }
        "Africa:Nouakchott"{
            ec{"ណួកសុត"}
        }
        "Africa:Ouagadougou"{
            ec{"អៅហ្គាឌូហ្គូ"}
        }
        "Africa:Porto-Novo"{
            ec{"ព័រតូណូវ៉ូ"}
        }
        "Africa:Sao_Tome"{
            ec{"សៅតូម៉េ"}
        }
        "Africa:Tripoli"{
            ec{"ទ្រីប៉ូលី"}
        }
        "Africa:Tunis"{
            ec{"ទុយនីស"}
        }
        "Africa:Windhoek"{
            ec{"វីនដុក"}
        }
        "America:Adak"{
            ec{"អាដាក"}
        }
        "America:Anchorage"{
            ec{"អង់ចូរ៉ាក"}
        }
        "America:Anguilla"{
            ec{"អង់ហ្គីឡា"}
        }
        "America:Antigua"{
            ec{"អង់ទីហ្គា"}
        }
        "America:Araguaina"{
            ec{"អារ៉ាហ្គុយណា"}
        }
        "America:Argentina:La_Rioja"{
            ec{"ឡារីយ៉ូហា"}
        }
        "America:Argentina:Rio_Gallegos"{
            ec{"រីយ៉ូហ្គាឡេហ្គូស"}
        }
        "America:Argentina:Salta"{
            ec{"សាល់តា"}
        }
        "America:Argentina:San_Juan"{
            ec{"សាំងហ្សង់"}
        }
        "America:Argentina:San_Luis"{
            ec{"សាន់លូអ៊ីស"}
        }
        "America:Argentina:Tucuman"{
            ec{"ទូគូម៉ង់"}
        }
        "America:Argentina:Ushuaia"{
            ec{"អ៊ុយសូអៃ"}
        }
        "America:Aruba"{
            ec{"អារ៉ូបា"}
        }
        "America:Asuncion"{
            ec{"អាសង់ស្យុង"}
        }
        "America:Bahia"{
            ec{"បាហៀ"}
        }
        "America:Bahia_Banderas"{
            ec{"បាហៀបង់ដេរ៉ាស"}
        }
        "America:Barbados"{
            ec{"បាបាដុស"}
        }
        "America:Belem"{
            ec{"បេឡឹម"}
        }
        "America:Belize"{
            ec{"បេលី"}
        }
        "America:Blanc-Sablon"{
            ec{"ប្លង់​សាប់ឡុង"}
        }
        "America:Boa_Vista"{
            ec{"បៅ​វីស្តា"}
        }
        "America:Bogota"{
            ec{"បូហ្គោតា"}
        }
        "America:Boise"{
            ec{"ប៊ូស៊ី"}
        }
        "America:Buenos_Aires"{
            ec{"ប៊ុយណូស៊ែ"}
        }
        "America:Cambridge_Bay"{
            ec{"ខេមប្រីដបេ"}
        }
        "America:Campo_Grande"{
            ec{"ខេមប៉ូហ្គ្រង់​"}
        }
        "America:Cancun"{
            ec{"ខានខុន"}
        }
        "America:Caracas"{
            ec{"ការ៉ាកាស"}
        }
        "America:Catamarca"{
            ec{"កាតាម៉ាកា"}
        }
        "America:Cayenne"{
            ec{"កាយ៉េន"}
        }
        "America:Cayman"{
            ec{"កៃមែន"}
        }
        "America:Chicago"{
            ec{"ស៊ីកាហ្គោ"}
        }
        "America:Chihuahua"{
            ec{"ជីហួហួ"}
        }
        "America:Coral_Harbour"{
            ec{"អាទីកូកាន"}
        }
        "America:Cordoba"{
            ec{"កូដូបា"}
        }
        "America:Costa_Rica"{
            ec{"កូស្តារីកា"}
        }
        "America:Creston"{
            ec{"ក្រេស្តុន"}
        }
        "America:Cuiaba"{
            ec{"គុយអាបា"}
        }
        "America:Curacao"{
            ec{"កូរ៉ាកៅ"}
        }
        "America:Danmarkshavn"{
            ec{"ដានម៉ាកស្ហាវិន"}
        }
        "America:Dawson"{
            ec{"ដាវសុន"}
        }
        "America:Dawson_Creek"{
            ec{"ដាវសុន​ក្រិក"}
        }
        "America:Denver"{
            ec{"ដែនវើ"}
        }
        "America:Detroit"{
            ec{"ដេត្រូអ៊ីត"}
        }
        "America:Dominica"{
            ec{"ដូមីនីក"}
        }
        "America:Edmonton"{
            ec{"អែតម៉ុងតុង"}
        }
        "America:Eirunepe"{
            ec{"អ៊ីរ៉ុយណេភី"}
        }
        "America:El_Salvador"{
            ec{"អែលសាល់វ៉ាឌ័រ"}
        }
        "America:Fort_Nelson"{
            ec{"ហ្វតណេលសាន់"}
        }
        "America:Fortaleza"{
            ec{"ហ្វ័រតាឡេហ្សារ"}
        }
        "America:Glace_Bay"{
            ec{"ក្លាស​បេ"}
        }
        "America:Godthab"{
            ec{"នូក"}
        }
        "America:Goose_Bay"{
            ec{"កូសេបេ"}
        }
        "America:Grand_Turk"{
            ec{"ហ្គ្រេន​ទូក"}
        }
        "America:Grenada"{
            ec{"ហ្គ្រើណាដ"}
        }
        "America:Guadeloupe"{
            ec{"ហ្គោដេលូប៉េ"}
        }
        "America:Guatemala"{
            ec{"ក្វាតេម៉ាឡា"}
        }
        "America:Guayaquil"{
            ec{"ហ្គុយ៉ាគីល"}
        }
        "America:Guyana"{
            ec{"ហ្គីយ៉ាន"}
        }
        "America:Halifax"{
            ec{"ហាលីហ្វាក"}
        }
        "America:Havana"{
            ec{"ឡាហាវ៉ាន"}
        }
        "America:Hermosillo"{
            ec{"ហ៊ែម៉ូស៊ីឡូ"}
        }
        "America:Indiana:Knox"{
            ec{"ណុក ឥណ្ឌាណា"}
        }
        "America:Indiana:Marengo"{
            ec{"ម៉ារេនកូ ឥណ្ឌាណា"}
        }
        "America:Indiana:Petersburg"{
            ec{"ភីធើ​ប៊ឹក ឥណ្ឌាណា"}
        }
        "America:Indiana:Tell_City"{
            ec{"ទីក្រុងថែល ឥណ្ឌាណា"}
        }
        "America:Indiana:Vevay"{
            ec{"វេវ៉ៃ ឥណ្ឌាយ៉ាណា"}
        }
        "America:Indiana:Vincennes"{
            ec{"វិនសេណេស ឥណ្ឌាណា"}
        }
        "America:Indiana:Winamac"{
            ec{"វីណាម៉ាក់ ឥណ្ឌាណា"}
        }
        "America:Indianapolis"{
            ec{"ឥណ្ឌាណាប៉ូលីស"}
        }
        "America:Inuvik"{
            ec{"អ៊ីនូវីក"}
        }
        "America:Iqaluit"{
            ec{"អ៊ីកាឡូអ៊ីត"}
        }
        "America:Jamaica"{
            ec{"ហ្សាម៉ាអ៊ីក"}
        }
        "America:Jujuy"{
            ec{"សូសុយ"}
        }
        "America:Juneau"{
            ec{"ហ្យូនៀ"}
        }
        "America:Kentucky:Monticello"{
            ec{"ម៉ងទីសេឡូ កេនទូគី"}
        }
        "America:Kralendijk"{
            ec{"ក្រាលែនឌីក"}
        }
        "America:La_Paz"{
            ec{"ឡាប៉ាស"}
        }
        "America:Lima"{
            ec{"លីម៉ា"}
        }
        "America:Los_Angeles"{
            ec{"ឡូអង់ហ្គិឡេស"}
        }
        "America:Louisville"{
            ec{"លូអ៊ីវីល"}
        }
        "America:Lower_Princes"{
            ec{"ឡូវើ​ព្រីន​ហ្គ័រទ័រ"}
        }
        "America:Maceio"{
            ec{"ម៉ាកសេអូ"}
        }
        "America:Managua"{
            ec{"ម៉ាណាហ្គា"}
        }
        "America:Manaus"{
            ec{"ម៉ាណាអ៊ូស"}
        }
        "America:Marigot"{
            ec{"ម៉ារីហ្គុត"}
        }
        "America:Martinique"{
            ec{"ម៉ាទីនីក"}
        }
        "America:Matamoros"{
            ec{"ម៉ាតាម៉ូរ៉ូស"}
        }
        "America:Mazatlan"{
            ec{"ម៉ាហ្សាតឡង់"}
        }
        "America:Mendoza"{
            ec{"ម៉ែនឌូហ្សា"}
        }
        "America:Menominee"{
            ec{"ម៉េណូមីនី"}
        }
        "America:Merida"{
            ec{"ម៉េរីដា"}
        }
        "America:Metlakatla"{
            ec{"មេត្លា កាត្លា"}
        }
        "America:Mexico_City"{
            ec{"ទីក្រុងម៉ិចស៊ីកូ"}
        }
        "America:Miquelon"{
            ec{"មីហ្គីឡុង"}
        }
        "America:Moncton"{
            ec{"ម៉ុងតុន"}
        }
        "America:Monterrey"{
            ec{"ម៉ុនតេរ៉េ"}
        }
        "America:Montevideo"{
            ec{"ម៉ុងតេវីដេអូ"}
        }
        "America:Montserrat"{
            ec{"ម៉ុងស៊ែរ៉ាត​"}
        }
        "America:Nassau"{
            ec{"ណាស្សូ"}
        }
        "America:New_York"{
            ec{"ញូវយ៉ក"}
        }
        "America:Nipigon"{
            ec{"នីពីកុន"}
        }
        "America:Nome"{
            ec{"ណូម"}
        }
        "America:Noronha"{
            ec{"ណូរ៉ុនញ៉ា"}
        }
        "America:North_Dakota:Beulah"{
            ec{"ប៊ឺឡា ដាកូតា​ខាងជើង"}
        }
        "America:North_Dakota:Center"{
            ec{"សិនធឺ ដាកូតា​ខាង​ជើង"}
        }
        "America:North_Dakota:New_Salem"{
            ec{"ញូវ​សាឡឹម ដាកូតា​ខាង​ជើង"}
        }
        "America:Ojinaga"{
            ec{"អូជីណាហ្កា"}
        }
        "America:Panama"{
            ec{"ប៉ាណាម៉ា"}
        }
        "America:Pangnirtung"{
            ec{"ប៉ាងនីទុង"}
        }
        "America:Paramaribo"{
            ec{"ប៉ារ៉ាម៉ារីបូ"}
        }
        "America:Phoenix"{
            ec{"ផូនីក"}
        }
        "America:Port-au-Prince"{
            ec{"ព័រអូប្រ៉ាំង"}
        }
        "America:Port_of_Spain"{
            ec{"ព័រអេស្ប៉ាញ"}
        }
        "America:Porto_Velho"{
            ec{"ព័រតូ​វិលហូ"}
        }
        "America:Puerto_Rico"{
            ec{"ព័រតូរីកូ"}
        }
        "America:Punta_Arenas"{
            ec{"ពុនតា អារ៉េណា"}
        }
        "America:Rainy_River"{
            ec{"រ៉េនីរីវើ"}
        }
        "America:Rankin_Inlet"{
            ec{"រ៉ាន់ឃីន​អ៊ីនឡិត"}
        }
        "America:Recife"{
            ec{"រ៉េស៊ីហ្វី"}
        }
        "America:Regina"{
            ec{"រ៉េហ្គីណា"}
        }
        "America:Resolute"{
            ec{"រ៉េ​ស៊ូឡូត"}
        }
        "America:Rio_Branco"{
            ec{"រីយ៉ូប្រានកូ"}
        }
        "America:Santa_Isabel"{
            ec{"សាន់តាអ៊ីសាប៊ែល"}
        }
        "America:Santarem"{
            ec{"សាន់តារឹម"}
        }
        "America:Santiago"{
            ec{"សាន់ទីអេហ្គោ"}
        }
        "America:Santo_Domingo"{
            ec{"សាន់ដូម៉ាំង"}
        }
        "America:Sao_Paulo"{
            ec{"សៅ​ប៉ូឡូ"}
        }
        "America:Scoresbysund"{
            ec{"អ៊ីតូគ័រតូមីត"}
        }
        "America:Sitka"{
            ec{"ស៊ីតកា"}
        }
        "America:St_Barthelemy"{
            ec{"សាំង​បាធីលីម៉ី"}
        }
        "America:St_Johns"{
            ec{"សាំង​ចន"}
        }
        "America:St_Kitts"{
            ec{"សាំង​ឃីត"}
        }
        "America:St_Lucia"{
            ec{"សាំង​លូសៀ"}
        }
        "America:St_Thomas"{
            ec{"សាំង​តូម៉ាស់"}
        }
        "America:St_Vincent"{
            ec{"សាំង​វីនសេន"}
        }
        "America:Swift_Current"{
            ec{"ស្វីត​ខឺរិន"}
        }
        "America:Tegucigalpa"{
            ec{"តេហ្គូស៊ីហ្គាល់ប៉ា"}
        }
        "America:Thule"{
            ec{"ធុឡេ"}
        }
        "America:Thunder_Bay"{
            ec{"សាន់ដឺ​បេ"}
        }
        "America:Tijuana"{
            ec{"ទីយ្យូអាណា"}
        }
        "America:Toronto"{
            ec{"តូរ៉ុនតូ"}
        }
        "America:Tortola"{
            ec{"តូតូឡា"}
        }
        "America:Vancouver"{
            ec{"វ៉ាន់កូវើ"}
        }
        "America:Whitehorse"{
            ec{"វ៉ាយហស"}
        }
        "America:Winnipeg"{
            ec{"វីនីភិក"}
        }
        "America:Yakutat"{
            ec{"យ៉ាគូតាត"}
        }
        "America:Yellowknife"{
            ec{"យេឡូណៃ"}
        }
        "Antarctica:Casey"{
            ec{"កាសី"}
        }
        "Antarctica:Davis"{
            ec{"ដាវីស"}
        }
        "Antarctica:DumontDUrville"{
            ec{"ឌុយម៉ុងដឺអ៊ុយវីល"}
        }
        "Antarctica:Macquarie"{
            ec{"ម៉ាកខ្វារី"}
        }
        "Antarctica:Mawson"{
            ec{"ម៉ៅសាន់"}
        }
        "Antarctica:McMurdo"{
            ec{"ម៉ាក់មុយដូ"}
        }
        "Antarctica:Palmer"{
            ec{"ផាល់ម័រ"}
        }
        "Antarctica:Rothera"{
            ec{"រ៉ូធីរ៉ា"}
        }
        "Antarctica:Syowa"{
            ec{"ស៊ីយ៉ូវ៉ា"}
        }
        "Antarctica:Troll"{
            ec{"ត្រូល"}
        }
        "Antarctica:Vostok"{
            ec{"វ៉ូស្តុក"}
        }
        "Arctic:Longyearbyen"{
            ec{"ឡុង​យ៉ា​ប៊ីយេន"}
        }
        "Asia:Aden"{
            ec{"អាដែន"}
        }
        "Asia:Almaty"{
            ec{"អាល់ម៉ាទី"}
        }
        "Asia:Amman"{
            ec{"អាម៉ាន់"}
        }
        "Asia:Anadyr"{
            ec{"អាណាឌី"}
        }
        "Asia:Aqtau"{
            ec{"អាកទូ"}
        }
        "Asia:Aqtobe"{
            ec{"អាកទូប៊ី"}
        }
        "Asia:Ashgabat"{
            ec{"អាសហ្គាបាត"}
        }
        "Asia:Atyrau"{
            ec{"អាទីរ៉ូ"}
        }
        "Asia:Baghdad"{
            ec{"បាកដាដ"}
        }
        "Asia:Bahrain"{
            ec{"បារ៉ែន"}
        }
        "Asia:Baku"{
            ec{"បាគូ"}
        }
        "Asia:Bangkok"{
            ec{"បាងកក"}
        }
        "Asia:Barnaul"{
            ec{"បានូល"}
        }
        "Asia:Beirut"{
            ec{"បេរូត"}
        }
        "Asia:Bishkek"{
            ec{"ប៊ីស្កេក"}
        }
        "Asia:Brunei"{
            ec{"ព្រុយណេ"}
        }
        "Asia:Calcutta"{
            ec{"កុលកាតា"}
        }
        "Asia:Chita"{
            ec{"ឈីតា"}
        }
        "Asia:Choibalsan"{
            ec{"ឈូបាល់សាន"}
        }
        "Asia:Colombo"{
            ec{"កូឡុំបូ"}
        }
        "Asia:Damascus"{
            ec{"ដាម៉ាស"}
        }
        "Asia:Dhaka"{
            ec{"ដាក្កា"}
        }
        "Asia:Dili"{
            ec{"ដេលី"}
        }
        "Asia:Dubai"{
            ec{"ឌុយបៃ"}
        }
        "Asia:Dushanbe"{
            ec{"ឌូស្ហាន់បេ"}
        }
        "Asia:Famagusta"{
            ec{"ហ្វ៉ាម៉ាហ្គុស្តា"}
        }
        "Asia:Gaza"{
            ec{"កាសា"}
        }
        "Asia:Hebron"{
            ec{"ហេបរុន"}
        }
        "Asia:Hong_Kong"{
            ec{"ហុងកុង"}
        }
        "Asia:Hovd"{
            ec{"ហូវ"}
        }
        "Asia:Irkutsk"{
            ec{"អៀរគុតស្កិ៍"}
        }
        "Asia:Jakarta"{
            ec{"ហ្សាការតា"}
        }
        "Asia:Jayapura"{
            ec{"ចាយ៉ាភូរ៉ា"}
        }
        "Asia:Jerusalem"{
            ec{"ហ្ស៊េរុយសាឡិម"}
        }
        "Asia:Kabul"{
            ec{"កាប៊ុល"}
        }
        "Asia:Kamchatka"{
            ec{"កាំឆាតកា"}
        }
        "Asia:Karachi"{
            ec{"ការ៉ាជី"}
        }
        "Asia:Katmandu"{
            ec{"កាត់ម៉ាន់ឌូ"}
        }
        "Asia:Khandyga"{
            ec{"ខាន់ឌីហ្គា"}
        }
        "Asia:Krasnoyarsk"{
            ec{"ក្រាសនុយ៉ាក"}
        }
        "Asia:Kuala_Lumpur"{
            ec{"កូឡាឡាំពួរ"}
        }
        "Asia:Kuching"{
            ec{"ឃឺតចីង"}
        }
        "Asia:Kuwait"{
            ec{"កូវ៉ែត"}
        }
        "Asia:Macau"{
            ec{"ម៉ាកាវ"}
        }
        "Asia:Magadan"{
            ec{"ម៉ាហ្គាដាន"}
        }
        "Asia:Makassar"{
            ec{"ម៉ាកាសសារ"}
        }
        "Asia:Manila"{
            ec{"ម៉ានីល"}
        }
        "Asia:Muscat"{
            ec{"ម៉ាស្កាត"}
        }
        "Asia:Nicosia"{
            ec{"នីកូស៊ី"}
        }
        "Asia:Novokuznetsk"{
            ec{"ណូវ៉ូឃូសណេតស្កិ៍"}
        }
        "Asia:Novosibirsk"{
            ec{"ណូវ៉ូស៊ីប៊ឺក"}
        }
        "Asia:Omsk"{
            ec{"អូមស្កិ៍"}
        }
        "Asia:Oral"{
            ec{"អូរ៉ាល់"}
        }
        "Asia:Phnom_Penh"{
            ec{"ភ្នំពេញ"}
        }
        "Asia:Pontianak"{
            ec{"ប៉ុនទីអាណាក់"}
        }
        "Asia:Pyongyang"{
            ec{"ព្យុងយ៉ាង"}
        }
        "Asia:Qatar"{
            ec{"កាតា"}
        }
        "Asia:Qostanay"{
            ec{"កូស្ដេណេ"}
        }
        "Asia:Qyzylorda"{
            ec{"គីហ្ស៊ីឡូដា"}
        }
        "Asia:Rangoon"{
            ec{"រ៉ង់ហ្គូន"}
        }
        "Asia:Riyadh"{
            ec{"រីយ៉ាដ"}
        }
        "Asia:Saigon"{
            ec{"ហូជីមីញ"}
        }
        "Asia:Sakhalin"{
            ec{"សាខាលីន"}
        }
        "Asia:Samarkand"{
            ec{"សាម៉ាកាន់"}
        }
        "Asia:Seoul"{
            ec{"សេអ៊ូល"}
        }
        "Asia:Shanghai"{
            ec{"សៀងហៃ"}
        }
        "Asia:Singapore"{
            ec{"សិង្ហបូរី"}
        }
        "Asia:Srednekolymsk"{
            ec{"ស្រីតនីកូលីម"}
        }
        "Asia:Taipei"{
            ec{"តៃប៉ិ"}
        }
        "Asia:Tashkent"{
            ec{"តាស្កិន"}
        }
        "Asia:Tbilisi"{
            ec{"ប៊ីលីស៊ី"}
        }
        "Asia:Tehran"{
            ec{"តេហេរ៉ង់"}
        }
        "Asia:Thimphu"{
            ec{"ធីមភូ"}
        }
        "Asia:Tokyo"{
            ec{"តូក្យូ"}
        }
        "Asia:Tomsk"{
            ec{"ថមស្កិ៍"}
        }
        "Asia:Ulaanbaatar"{
            ec{"អ៊ូឡង់បាទ័រ"}
        }
        "Asia:Urumqi"{
            ec{"អ៊ូរាំហ្គី"}
        }
        "Asia:Ust-Nera"{
            ec{"អូស្តណេរ៉ា"}
        }
        "Asia:Vientiane"{
            ec{"វៀងចន្ទន៍"}
        }
        "Asia:Vladivostok"{
            ec{"វ៉្លាដីវ៉ូស្តុក"}
        }
        "Asia:Yakutsk"{
            ec{"យ៉ាគុតស្កិ៍"}
        }
        "Asia:Yekaterinburg"{
            ec{"យ៉េកាធឺរិនប៊ើក"}
        }
        "Asia:Yerevan"{
            ec{"យ៉េរ៉េវ៉ាន់"}
        }
        "Atlantic:Azores"{
            ec{"អាសូរ៉េស"}
        }
        "Atlantic:Bermuda"{
            ec{"ប៉ឺមុយដា"}
        }
        "Atlantic:Canary"{
            ec{"កាណារី"}
        }
        "Atlantic:Cape_Verde"{
            ec{"កាប់វែរ"}
        }
        "Atlantic:Faeroe"{
            ec{"ហ្វារ៉ូ"}
        }
        "Atlantic:Madeira"{
            ec{"ម៉ាដៀរ៉ា"}
        }
        "Atlantic:Reykjavik"{
            ec{"រ៉ៃក្យាវិក"}
        }
        "Atlantic:South_Georgia"{
            ec{"ហ្សកហ្ស៊ី​ខាង​ត្បូង"}
        }
        "Atlantic:St_Helena"{
            ec{"សាំងហេឡេណា"}
        }
        "Atlantic:Stanley"{
            ec{"ស្តង់លី"}
        }
        "Australia:Adelaide"{
            ec{"អាដេឡែត"}
        }
        "Australia:Brisbane"{
            ec{"ប្រីសប៊ែន"}
        }
        "Australia:Broken_Hill"{
            ec{"ប្រូកខិនហីល"}
        }
        "Australia:Currie"{
            ec{"ខូរៀ"}
        }
        "Australia:Darwin"{
            ec{"ដាវីន"}
        }
        "Australia:Eucla"{
            ec{"អ៊ុយក្លា"}
        }
        "Australia:Hobart"{
            ec{"ហូបាត"}
        }
        "Australia:Lindeman"{
            ec{"លីនឌីម៉ែន"}
        }
        "Australia:Lord_Howe"{
            ec{"ឡតហូវ៉េ"}
        }
        "Australia:Melbourne"{
            ec{"ម៉េលប៊ន"}
        }
        "Australia:Perth"{
            ec{"ភឺធ"}
        }
        "Australia:Sydney"{
            ec{"ស៊ីដនី"}
        }
        "Etc:UTC"{
            ls{"ម៉ោងសកលដែលមានការសម្រួល"}
        }
        "Etc:Unknown"{
            ec{"ទីក្រុង​មិនស្គាល់"}
        }
        "Europe:Amsterdam"{
            ec{"អាំស្ទែដាំ"}
        }
        "Europe:Andorra"{
            ec{"អង់ដូរ៉ា"}
        }
        "Europe:Astrakhan"{
            ec{"អាស្ត្រាខាន់"}
        }
        "Europe:Athens"{
            ec{"អាថែន"}
        }
        "Europe:Belgrade"{
            ec{"បែលក្រាដ"}
        }
        "Europe:Berlin"{
            ec{"បែរឡាំង"}
        }
        "Europe:Bratislava"{
            ec{"ប្រាទីស្លាវ៉ា"}
        }
        "Europe:Brussels"{
            ec{"ព្រុចសែល"}
        }
        "Europe:Bucharest"{
            ec{"ប៊ុយការ៉េស"}
        }
        "Europe:Budapest"{
            ec{"ប៊ុយដាប៉ែស"}
        }
        "Europe:Busingen"{
            ec{"ប៊ូស៊ីងហ្គែន"}
        }
        "Europe:Chisinau"{
            ec{"ជីស៊ីណូ"}
        }
        "Europe:Copenhagen"{
            ec{"កូប៉ិនហាក"}
        }
        "Europe:Dublin"{
            ec{"ឌុយប្លាំង"}
            ld{"ម៉ោង​រដូវ​ក្ដៅ​នៅ​អៀរឡង់​"}
        }
        "Europe:Gibraltar"{
            ec{"ហ្ស៊ីប្រាល់តា"}
        }
        "Europe:Guernsey"{
            ec{"ហ្គេនស៊ី"}
        }
        "Europe:Helsinki"{
            ec{"ហែលស៊ិនគី"}
        }
        "Europe:Isle_of_Man"{
            ec{"អែលអុហ្វម៉ែន"}
        }
        "Europe:Istanbul"{
            ec{"អ៊ីស្តង់ប៊ុល"}
        }
        "Europe:Jersey"{
            ec{"ជេស៊ី"}
        }
        "Europe:Kaliningrad"{
            ec{"កាលីនីងហ្រ្គាដ"}
        }
        "Europe:Kiev"{
            ec{"កៀវ"}
        }
        "Europe:Kirov"{
            ec{"គីរ៉ូវ"}
        }
        "Europe:Lisbon"{
            ec{"លីសបោន"}
        }
        "Europe:Ljubljana"{
            ec{"ជូបហ្សាណា"}
        }
        "Europe:London"{
            ec{"ឡុងដ៍"}
            ld{"ម៉ោង​រដូវ​ក្ដៅ​​នៅ​ចក្រភព​អង់គ្លេស"}
        }
        "Europe:Luxembourg"{
            ec{"លុចសំបួ"}
        }
        "Europe:Madrid"{
            ec{"ម៉ាឌ្រីដ"}
        }
        "Europe:Malta"{
            ec{"ម៉ាល់ត៍"}
        }
        "Europe:Mariehamn"{
            ec{"ម៉ារៀហាំ"}
        }
        "Europe:Minsk"{
            ec{"មីនស្កិ៍"}
        }
        "Europe:Monaco"{
            ec{"ម៉ូណាកូ"}
        }
        "Europe:Moscow"{
            ec{"មូស្គូ"}
        }
        "Europe:Oslo"{
            ec{"អូស្លូ"}
        }
        "Europe:Paris"{
            ec{"ប៉ារីស"}
        }
        "Europe:Podgorica"{
            ec{"ប៉ូដហ្គោរីកា"}
        }
        "Europe:Prague"{
            ec{"ប្រាក"}
        }
        "Europe:Riga"{
            ec{"រីហ្កា"}
        }
        "Europe:Rome"{
            ec{"រ៉ូម"}
        }
        "Europe:Samara"{
            ec{"សាម៉ារ៉ា"}
        }
        "Europe:San_Marino"{
            ec{"សាំងម៉ារ៉ាំង"}
        }
        "Europe:Sarajevo"{
            ec{"សារ៉ាយ៉េវ៉ូ"}
        }
        "Europe:Saratov"{
            ec{"សារ៉ាតាវ"}
        }
        "Europe:Simferopol"{
            ec{"ស៊ីមហ្វើរ៉ុប៉ូល"}
        }
        "Europe:Skopje"{
            ec{"ស្កុបជេ"}
        }
        "Europe:Sofia"{
            ec{"សូហ៊្វីយ៉ា"}
        }
        "Europe:Stockholm"{
            ec{"ស្តុកខុល"}
        }
        "Europe:Tallinn"{
            ec{"តាលិន"}
        }
        "Europe:Tirane"{
            ec{"ទីរ៉ាណេ"}
        }
        "Europe:Ulyanovsk"{
            ec{"អុលយ៉ាណូវស្កិ៍"}
        }
        "Europe:Uzhgorod"{
            ec{"អ៊ុយហ្គោរ៉ូដ"}
        }
        "Europe:Vaduz"{
            ec{"វ៉ាឌូស"}
        }
        "Europe:Vatican"{
            ec{"វ៉ាទីកង់"}
        }
        "Europe:Vienna"{
            ec{"វីយែន"}
        }
        "Europe:Vilnius"{
            ec{"វីលនីញូស"}
        }
        "Europe:Volgograd"{
            ec{"វ៉ុលហ្គោហ្គ្រាដ"}
        }
        "Europe:Warsaw"{
            ec{"វ៉ាសូវី"}
        }
        "Europe:Zagreb"{
            ec{"សាគ្រែប"}
        }
        "Europe:Zaporozhye"{
            ec{"ហ្សាប៉ូរ៉ូហ្ស៊ីយ៉េ"}
        }
        "Europe:Zurich"{
            ec{"ហ៊្សូរីច"}
        }
        "Indian:Antananarivo"{
            ec{"អង់តាណាណារីវ"}
        }
        "Indian:Chagos"{
            ec{"កាហ្គោ"}
        }
        "Indian:Christmas"{
            ec{"គ្រីស្មាស"}
        }
        "Indian:Cocos"{
            ec{"កូកូស"}
        }
        "Indian:Comoro"{
            ec{"កូម័រ"}
        }
        "Indian:Kerguelen"{
            ec{"ឃឺហ្គុយឡែន"}
        }
        "Indian:Mahe"{
            ec{"ម៉ាហេ"}
        }
        "Indian:Maldives"{
            ec{"ម៉ាល់ឌីវ"}
        }
        "Indian:Mauritius"{
            ec{"ម៉ូរីស"}
        }
        "Indian:Mayotte"{
            ec{"ម៉ាយុត"}
        }
        "Indian:Reunion"{
            ec{"រេអ៊ុយ៉ុង"}
        }
        "Pacific:Apia"{
            ec{"អាពី"}
        }
        "Pacific:Auckland"{
            ec{"អកឡែន"}
        }
        "Pacific:Bougainville"{
            ec{"បូហ្គែនវីល"}
        }
        "Pacific:Chatham"{
            ec{"ចាថាំ"}
        }
        "Pacific:Easter"{
            ec{"អ៊ីស្ទ័រ"}
        }
        "Pacific:Efate"{
            ec{"អ៊ីហ្វាតេ"}
        }
        "Pacific:Enderbury"{
            ec{"អ៊ីនដឺប៊ូរី"}
        }
        "Pacific:Fakaofo"{
            ec{"ហ្វាកៅហ្វូ"}
        }
        "Pacific:Fiji"{
            ec{"ហ្វីជី"}
        }
        "Pacific:Funafuti"{
            ec{"ហ៊្វូណាហ៊្វូទី"}
        }
        "Pacific:Galapagos"{
            ec{"ហ្គាឡាប៉ាហ្គោស"}
        }
        "Pacific:Gambier"{
            ec{"ហ្គាំបៀ"}
        }
        "Pacific:Guadalcanal"{
            ec{"ហ្គាដាល់ខាណាល់"}
        }
        "Pacific:Guam"{
            ec{"ហ្គាំ"}
        }
        "Pacific:Honolulu"{
            ec{"ហូណូលូលូ"}
        }
        "Pacific:Johnston"{
            ec{"ចនស្តុន"}
        }
        "Pacific:Kiritimati"{
            ec{"គិរីទីម៉ាទិ"}
        }
        "Pacific:Kosrae"{
            ec{"កូស្រែ"}
        }
        "Pacific:Kwajalein"{
            ec{"ក្វាហ្សាលៀន"}
        }
        "Pacific:Majuro"{
            ec{"ម៉ាហ្សូរ៉ូ"}
        }
        "Pacific:Marquesas"{
            ec{"ម៉ាហ្គីសាស"}
        }
        "Pacific:Midway"{
            ec{"មីតវ៉េ"}
        }
        "Pacific:Nauru"{
            ec{"ណូរូ"}
        }
        "Pacific:Niue"{
            ec{"នីវ៉េ"}
        }
        "Pacific:Norfolk"{
            ec{"ណ័រហ្វុក"}
        }
        "Pacific:Noumea"{
            ec{"ណូមៀ"}
        }
        "Pacific:Pago_Pago"{
            ec{"ប៉ាហ្គោ ប៉ាហ្គោ"}
        }
        "Pacific:Palau"{
            ec{"ប៉ាឡៅ"}
        }
        "Pacific:Pitcairn"{
            ec{"ភីតខៃរ៉ិន"}
        }
        "Pacific:Ponape"{
            ec{"ផុនប៉ី"}
        }
        "Pacific:Port_Moresby"{
            ec{"ព័រម៉ូរេសប៊ី"}
        }
        "Pacific:Rarotonga"{
            ec{"រ៉ារ៉ូតុងហ្គា"}
        }
        "Pacific:Saipan"{
            ec{"សៃប៉ាន"}
        }
        "Pacific:Tahiti"{
            ec{"តាហីទី"}
        }
        "Pacific:Tarawa"{
            ec{"តារ៉ាវ៉ា"}
        }
        "Pacific:Tongatapu"{
            ec{"តុងហ្គាតាពូ"}
        }
        "Pacific:Truk"{
            ec{"ឈូអុក"}
        }
        "Pacific:Wake"{
            ec{"វ៉ាគី"}
        }
        "Pacific:Wallis"{
            ec{"វ៉ាលីស"}
        }
        "meta:Afghanistan"{
            ls{"ម៉ោង​នៅ​អាហ្វហ្គានីស្ថាន"}
        }
        "meta:Africa_Central"{
            ls{"ម៉ោង​នៅ​អាហ្វ្រិក​កណ្ដាល"}
        }
        "meta:Africa_Eastern"{
            ls{"ម៉ោង​នៅ​អាហ្វ្រិក​ខាង​កើត"}
        }
        "meta:Africa_Southern"{
            ls{"ម៉ោង​នៅ​អាហ្វ្រិក​ខាង​ត្បូង"}
        }
        "meta:Africa_Western"{
            ld{"ម៉ោងនៅ​អាហ្វ្រិក​​​ខាងលិច​​នារដូវ​ក្ដៅ​"}
            lg{"ម៉ោង​នៅ​អាហ្វ្រិក​ខាង​លិច"}
            ls{"ម៉ោង​ស្តង់ដារ​នៅ​អាហ្វ្រិក​ខាង​លិច"}
        }
        "meta:Alaska"{
            ld{"ម៉ោង​ពេល​ថ្ងៃ​នៅ​​អាឡាស្កា"}
            lg{"ម៉ោង​នៅ​អាឡាស្កា"}
            ls{"ម៉ោង​ស្តង់ដារ​នៅ​អាឡាស្កា"}
        }
        "meta:Amazon"{
            ld{"ម៉ោង​នៅ​អាម៉ាហ្សូននារដូវក្តៅ"}
            lg{"ម៉ោង​នៅ​អាម៉ាហ្សូន"}
            ls{"ម៉ោងស្តង់ដារ​នៅ​អាម៉ាហ្សូន"}
        }
        "meta:America_Central"{
            ld{"ម៉ោង​​ពេលថ្ងៃនៅ​ទ្វីបអាមេរិក​ខាង​ជើងភាគកណ្តាល"}
            lg{"ម៉ោង​​នៅ​ទ្វីបអាមេរិក​ខាង​ជើងភាគកណ្តាល"}
            ls{"ម៉ោង​​ស្តង់ដារនៅ​ទ្វីបអាមេរិក​ខាង​ជើងភាគកណ្តាល"}
        }
        "meta:America_Eastern"{
            ld{"ម៉ោងពេលថ្ងៃនៅទ្វីបអាមេរិកខាងជើងភាគខាងកើត"}
            lg{"ម៉ោងនៅទ្វីបអាមរិកខាងជើងភាគខាងកើត"}
            ls{"ម៉ោងស្តង់ដារនៅទ្វីបអាមេរិកខាងជើងភាគខាងកើត"}
        }
        "meta:America_Mountain"{
            ld{"ម៉ោង​ពេលថ្ងៃនៅតំបន់ភ្នំនៃទ្វីប​អាមេរិក​​​ខាង​ជើង"}
            lg{"ម៉ោង​នៅតំបន់ភ្នំនៃទ្វីប​អាមេរិក​​​ខាង​ជើង"}
            ls{"ម៉ោងស្តង់ដារ​នៅតំបន់ភ្នំនៃទ្វីប​អាមេរិក​​​ខាង​ជើង"}
        }
        "meta:America_Pacific"{
            ld{"ម៉ោងពេលថ្ងៃនៅប៉ាស៊ីហ្វិកអាមេរិក"}
            lg{"ម៉ោងនៅប៉ាស៊ីហ្វិកអាមេរិក"}
            ls{"ម៉ោងស្ដង់ដារនៅប៉ាស៊ីហ្វិកអាមេរិក"}
        }
        "meta:Apia"{
            ld{"ម៉ោង​ពេល​ថ្ងៃ​នៅ​អាប្យា"}
            lg{"ម៉ោង​នៅ​អាប្យា"}
            ls{"ម៉ោង​ស្តង់ដា​នៅ​អាប្យា"}
        }
        "meta:Arabian"{
            ld{"ម៉ោង​ពេល​ថ្ងៃ​នៅ​អារ៉ាប់"}
            lg{"ម៉ោង​នៅ​អារ៉ាប់"}
            ls{"ម៉ោង​ស្តង់ដារ​នៅ​អារ៉ាប់"}
        }
        "meta:Argentina"{
            ld{"ម៉ោង​នៅ​អាហ្សង់ទីននារដូវក្តៅ"}
            lg{"ម៉ោង​នៅ​អាហ្សង់ទីន"}
            ls{"ម៉ោងស្តង់ដារ​នៅ​អាហ្សង់ទីន"}
        }
        "meta:Argentina_Western"{
            ld{"ម៉ោង​នៅ​អាហ្សង់ទីនភាគខាងលិចនារដូវក្តៅ"}
            lg{"ម៉ោង​នៅ​អាហ្សង់ទីនភាគខាងលិច"}
            ls{"ម៉ោងស្តង់ដារ​នៅ​អាហ្សង់ទីនភាគខាងលិច"}
        }
        "meta:Armenia"{
            ld{"ម៉ោង​នៅ​អាមេនីនារដូវ​ក្ដៅ​"}
            lg{"ម៉ោង​នៅ​អាមេនី"}
            ls{"ម៉ោង​ស្ដង់ដារ​នៅ​អាមេនី"}
        }
        "meta:Atlantic"{
            ld{"ម៉ោង​ពេល​ថ្ងៃ​នៅ​អាត្លង់ទិក"}
            lg{"ម៉ោង​នៅ​អាត្លង់ទិក"}
            ls{"ម៉ោង​ស្តង់ដារ​នៅ​អាត្លង់ទិក"}
        }
        "meta:Australia_Central"{
            ld{"ម៉ោង​ពេលថ្ងៃ​​​​នៅ​អូស្ត្រាលី​កណ្ដាល"}
            lg{"ម៉ោង​នៅអូស្ត្រាលី​កណ្ដាល"}
            ls{"ម៉ោង​ស្តង់ដារ​នៅ​អូស្ត្រាលី​កណ្ដាល"}
        }
        "meta:Australia_CentralWestern"{
            ld{"ម៉ោង​ពេល​ថ្ងៃ​នៅ​​ភាគ​ខាង​លិច​នៃ​អូស្ត្រាលី​កណ្ដាល"}
            lg{"ម៉ោង​នៅ​​​ភាគ​ខាង​លិច​នៅ​អូស្ត្រាលី​កណ្ដាល"}
            ls{"ម៉ោង​ស្តង់ដារ​នៅ​ភាគ​ខាង​លិច​នៃ​អូស្ត្រាលី​កណ្ដាល"}
        }
        "meta:Australia_Eastern"{
            ld{"ម៉ោង​ពេល​ថ្ងៃ​នៅ​អូស្ត្រាលី​ខាង​កើត"}
            lg{"ម៉ោង​នៅ​អូស្ត្រាលី​ខាង​កើត"}
            ls{"ម៉ោង​ស្តង់ដារ​នៅ​អូស្ត្រាលី​ខាង​កើត"}
        }
        "meta:Australia_Western"{
            ld{"ម៉ោង​ពេល​ថ្ងៃ​នៅ​អូស្ត្រាលី​ខាង​លិច"}
            lg{"ម៉ោង​​​នៅ​អូស្ត្រាលី​ខាង​លិច"}
            ls{"ម៉ោង​​ស្តង់ដារ​នៅ​អូស្ត្រាលី​ខាង​លិច"}
        }
        "meta:Azerbaijan"{
            ld{"ម៉ោង​​នៅ​អាស៊ែបៃហ្សង់នារដូវ​ក្ដៅ"}
            lg{"ម៉ោង​នៅ​អាស៊ែបៃហ្សង់"}
            ls{"ម៉ោង​ស្តង់ដារ​នៅ​អាស៊ែបៃហ្សង់"}
        }
        "meta:Azores"{
            ld{"ម៉ោង​​នៅ​អេហ្សសនារដូវ​ក្ដៅ"}
            lg{"ម៉ោង​នៅ​អេហ្សស"}
            ls{"ម៉ោង​ស្តង់ដារ​នៅ​អេហ្សស"}
        }
        "meta:Bangladesh"{
            ld{"ម៉ោង​​នៅ​បង់ក្លាដែសនារដូវ​ក្ដៅ"}
            lg{"ម៉ោង​នៅ​បង់ក្លាដែស"}
            ls{"ម៉ោង​ស្ដង់ដារ​នៅ​បង់ក្លាដែស"}
        }
        "meta:Bhutan"{
            ls{"ម៉ោងនៅប៊ូតង់"}
        }
        "meta:Bolivia"{
            ls{"ម៉ោង​នៅ​បូលីវី"}
        }
        "meta:Brasilia"{
            ld{"ម៉ោង​នៅ​ប្រាស៊ីលីយ៉ានា​​រដូវ​ក្ដៅ"}
            lg{"ម៉ោង​នៅ​ប្រាស៊ីលីយ៉ា"}
            ls{"ម៉ោង​ស្តង់ដារ​នៅ​ប្រាស៊ីលីយ៉ា"}
        }
        "meta:Brunei"{
            ls{"ម៉ោងនៅព្រុយណេដារូសាឡឹម"}
        }
        "meta:Cape_Verde"{
            ld{"ម៉ោង​​នៅ​កាប់វែរនារដូវ​ក្ដៅ"}
            lg{"ម៉ោង​នៅ​កាប់វែរ"}
            ls{"ម៉ោង​ស្តង់ដារ​នៅ​កាប់វែរ"}
        }
        "meta:Chamorro"{
            ls{"ម៉ោង​ស្តង់ដារនៅ​ចាំម៉ូរ៉ូ"}
        }
        "meta:Chatham"{
            ld{"ម៉ោង​ពេល​ថ្ងៃ​នៅ​ចាថាំ"}
            lg{"ម៉ោង​នៅ​ចាថាំ"}
            ls{"ម៉ោង​ស្តង់ដារ​នៅ​ចាថាំ"}
        }
        "meta:Chile"{
            ld{"ម៉ោងនៅស៊ីលីនារដូវក្តៅ"}
            lg{"ម៉ោងនៅស៊ីលី"}
            ls{"ម៉ោងស្តង់ដារនៅស៊ីលី"}
        }
        "meta:China"{
            ld{"ម៉ោង​ពេល​ថ្ងៃ​នៅ​ចិន"}
            lg{"ម៉ោង​នៅ​ចិន"}
            ls{"ម៉ោង​ស្តង់ដារ​នៅ​ចិន"}
        }
        "meta:Choibalsan"{
            ld{"ម៉ោង​នៅ​ឆូបាល់សាននារដូវ​ក្ដៅ​"}
            lg{"ម៉ោង​នៅ​ឆូបាល់សាន"}
            ls{"ម៉ោង​ស្តង់ដារ​នៅ​ឆូបាល់សាន"}
        }
        "meta:Christmas"{
            ls{"ម៉ោង​នៅ​កោះ​គ្រីស្មាស"}
        }
        "meta:Cocos"{
            ls{"ម៉ោង​នៅ​ប្រជុំកោះ​កូកូស"}
        }
        "meta:Colombia"{
            ld{"ម៉ោង​នៅ​កូឡុំប៊ីនា​រដូវ​ក្ដៅ"}
            lg{"ម៉ោង​នៅ​កូឡុំប៊ី"}
            ls{"ម៉ោង​ស្តង់ដារ​នៅ​កូឡុំប៊ី"}
        }
        "meta:Cook"{
            ld{"ម៉ោង​នៅប្រជុំ​កោះ​ខូកនាពាក់កណ្ដាល​រដូវ​​​ក្ដៅ"}
            lg{"ម៉ោង​នៅប្រជុំ​កោះ​ខូក"}
            ls{"ម៉ោង​ស្តង់ដារ​នៅ​ប្រជុំកោះ​ខូក"}
        }
        "meta:Cuba"{
            ld{"ម៉ោង​ពេល​ថ្ងៃ​នៅ​គុយបា"}
            lg{"ម៉ោង​នៅ​គុយបា"}
            ls{"ម៉ោង​ស្តង់ដារ​នៅ​គុយបា"}
        }
        "meta:Davis"{
            ls{"ម៉ោង​នៅ​ដាវីស"}
        }
        "meta:DumontDUrville"{
            ls{"ម៉ោង​នៅ​ឌុយម៉ុងដឺអ៊ុយវីល"}
        }
        "meta:East_Timor"{
            ls{"ម៉ោង​នៅ​​ទីម័រ​ខាង​កើត"}
        }
        "meta:Easter"{
            ld{"ម៉ោងនៅកោះអ៊ីស្ទ័រនារដូវក្តៅ"}
            lg{"ម៉ោងនៅកោះអ៊ីស្ទ័រ"}
            ls{"ម៉ោងស្តង់ដារនៅកោះអ៊ីស្ទ័រ"}
        }
        "meta:Ecuador"{
            ls{"ម៉ោង​នៅ​អេក្វាទ័រ"}
        }
        "meta:Europe_Central"{
            ld{"ម៉ោង​នៅ​អឺរ៉ុប​កណ្ដាលនា​រដូវ​ក្ដៅ"}
            lg{"ម៉ោង​នៅ​អឺរ៉ុប​កណ្ដាល"}
            ls{"ម៉ោង​ស្តង់ដារ​នៅ​អឺរ៉ុប​កណ្ដាល"}
        }
        "meta:Europe_Eastern"{
            ld{"ម៉ោង​នៅ​អឺរ៉ុប​​ខាង​កើត​នា​រដូវ​ក្ដៅ"}
            lg{"ម៉ោង​នៅ​អឺរ៉ុប​​ខាង​កើត​"}
            ls{"ម៉ោង​ស្តង់ដារ​​នៅ​អឺរ៉ុប​​ខាង​កើត​"}
        }
        "meta:Europe_Further_Eastern"{
            ls{"ម៉ោង​នៅ​ចុងបូព៌ានៃទ្វីប​អឺរ៉ុប​"}
        }
        "meta:Europe_Western"{
            ld{"ម៉ោង​នៅ​អឺរ៉ុប​ខាង​លិចនារដូវ​ក្ដៅ​"}
            lg{"ម៉ោង​នៅ​អឺរ៉ុប​ខាង​លិច"}
            ls{"ម៉ោង​ស្តង់ដារ​នៅ​អឺរ៉ុប​ខាង​លិច"}
        }
        "meta:Falkland"{
            ld{"ម៉ោង​​នៅប្រជុំ​កោះ​ហ្វក់ឡែននារដូវ​ក្ដៅ"}
            lg{"ម៉ោង​នៅ​ប្រជុំកោះ​ហ្វក់ឡែន"}
            ls{"ម៉ោង​ស្តង់ដារ​នៅប្រជុំ​កោះ​ហ្វក់ឡែន"}
        }
        "meta:Fiji"{
            ld{"ម៉ោង​នៅ​​ហ្វីជីនា​​រដូវ​ក្ដៅ"}
            lg{"ម៉ោង​នៅ​ហ្វីជី"}
            ls{"ម៉ោង​ស្តង់ដារ​នៅ​ហ្វីជី"}
        }
        "meta:French_Guiana"{
            ls{"ម៉ោង​នៅ​ហ្គីយ៉ាន​បារាំង"}
        }
        "meta:French_Southern"{
            ls{"ម៉ោងនៅបារាំងខាងត្បូង និងនៅអង់តាំងទិក"}
        }
        "meta:GMT"{
            ls{"ម៉ោងនៅគ្រីនវិច"}
        }
        "meta:Galapagos"{
            ls{"ម៉ោង​នៅ​កាឡាប៉ាកូស"}
        }
        "meta:Gambier"{
            ls{"ម៉ោង​នៅ​កាំបៀ"}
        }
        "meta:Georgia"{
            ld{"ម៉ោង​នៅ​ហ្សកហ្ស៊ីនា​​រដូវ​ក្ដៅ"}
            lg{"ម៉ោង​នៅ​ហ្សកហ្ស៊ី"}
            ls{"ម៉ោង​ស្តង់ដារ​នៅ​ហ្សកហ្ស៊ី"}
        }
        "meta:Gilbert_Islands"{
            ls{"ម៉ោង​នៅ​កោះ​កីប៊ឺត"}
        }
        "meta:Greenland_Eastern"{
            ld{"ម៉ោង​នៅ​ហ្គ្រីនលែនខាង​កើតនា​រដូវ​ក្ដៅ"}
            lg{"ម៉ោង​​នៅ​ហ្គ្រីនលែន​ខាង​កើត"}
            ls{"ម៉ោង​​​ស្តង់ដារ​នៅ​​ហ្គ្រីនលែន​ខាង​កើត"}
        }
        "meta:Greenland_Western"{
            ld{"ម៉ោងនៅហ្គ្រីនលែនខាងលិចនារដូវក្តៅ"}
            lg{"ម៉ោងនៅហ្គ្រីនលែនខាងលិច"}
            ls{"ម៉ោងស្តង់ដារនៅហ្គ្រីនលែនខាងលិច"}
        }
        "meta:Gulf"{
            ls{"ម៉ោង​ស្តង់ដា​នៅ​កាល់"}
        }
        "meta:Guyana"{
            ls{"ម៉ោង​នៅ​ហ្គីយ៉ាន"}
        }
        "meta:Hawaii_Aleutian"{
            ld{"ម៉ោង​ពេល​ថ្ងៃ​នៅ​ហាវៃ-អាល់ដ្យូសិន"}
            lg{"ម៉ោង​​នៅ​ហាវៃ-អាល់ដ្យូសិន"}
            ls{"ម៉ោង​ស្តង់ដារ​​នៅ​ហាវៃ-អាល់ដ្យូសិន"}
        }
        "meta:Hong_Kong"{
            ld{"ម៉ោងនៅ​ហុងកុងនា​រដូវ​ក្ដៅ​"}
            lg{"ម៉ោង​នៅ​ហុងកុង"}
            ls{"ម៉ោង​ស្តង់ដារ​នៅ​ហុងកុង"}
        }
        "meta:Hovd"{
            ld{"ម៉ោងនៅ​ហូវនា​រដូវ​ក្ដៅ​"}
            lg{"ម៉ោង​នៅ​ហូវ"}
            ls{"ម៉ោង​ស្តង់ដារ​នៅហូវ"}
        }
        "meta:India"{
            ls{"ម៉ោង​ស្តង់ដារនៅ​ឥណ្ឌា"}
        }
        "meta:Indian_Ocean"{
            ls{"ម៉ោង​នៅ​មហាសមុទ្រ​ឥណ្ឌា"}
        }
        "meta:Indochina"{
            ls{"ម៉ោង​នៅ​ឥណ្ឌូចិន"}
        }
        "meta:Indonesia_Central"{
            ls{"ម៉ោង​នៅ​ឥណ្ឌូណេស៊ី​​​កណ្ដាល"}
        }
        "meta:Indonesia_Eastern"{
            ls{"ម៉ោង​នៅ​ឥណ្ឌូណេស៊ី​​ខាង​កើត"}
        }
        "meta:Indonesia_Western"{
            ls{"ម៉ោង​នៅ​ឥណ្ឌូណេស៊ី​​ខាង​លិច"}
        }
        "meta:Iran"{
            ld{"ម៉ោង​ពេល​ថ្ងៃ​នៅ​អ៊ីរ៉ង់"}
            lg{"ម៉ោង​នៅ​អ៊ីរ៉ង់"}
            ls{"ម៉ោង​ស្តង់ដារ​នៅ​អ៊ីរ៉ង់"}
        }
        "meta:Irkutsk"{
            ld{"ម៉ោងនៅអៀរគុតស្កិ៍នារដូវក្តៅ"}
            lg{"ម៉ោងនៅអៀរគុតស្កិ៍"}
            ls{"ម៉ោងស្តង់ដារនៅអៀរគុតស្កិ៍"}
        }
        "meta:Israel"{
            ld{"ម៉ោង​ពេល​ថ្ងៃ​នៅ​អ៊ីស្រាអែល"}
            lg{"ម៉ោង​នៅ​អ៊ីស្រាអែល"}
            ls{"ម៉ោង​ស្តង់ដារ​នៅ​អ៊ីស្រាអែល"}
        }
        "meta:Japan"{
            ld{"ម៉ោង​ពេល​ថ្ងៃ​នៅជប៉ុន"}
            lg{"ម៉ោង​នៅ​ជប៉ុន"}
            ls{"ម៉ោង​ស្តង់ដារ​នៅ​ជប៉ុន"}
        }
        "meta:Kazakhstan_Eastern"{
            ls{"ម៉ោង​កាហ្សាក់ស្ថាន​​ខាង​កើត"}
        }
        "meta:Kazakhstan_Western"{
            ls{"ម៉ោង​នៅ​កាហ្សាក់ស្ថាន​ខាង​​​លិច"}
        }
        "meta:Korea"{
            ld{"ម៉ោង​ពេល​ថ្ងៃ​នៅ​កូរ៉េ"}
            lg{"ម៉ោង​នៅ​កូរ៉េ"}
            ls{"ម៉ោង​ស្តង់ដារ​នៅ​កូរ៉េ"}
        }
        "meta:Kosrae"{
            ls{"ម៉ោង​នៅ​កូស្រៃ"}
        }
        "meta:Krasnoyarsk"{
            ld{"ម៉ោង​នៅ​ក្រាណូយ៉ាសនា​រដូវ​ក្ដៅ"}
            lg{"ម៉ោង​នៅ​ក្រាណូយ៉ាស"}
            ls{"ម៉ោង​ស្តង់ដារ​នៅ​ក្រាណូយ៉ាស"}
        }
        "meta:Kyrgystan"{
            ls{"ម៉ោងនៅកៀហ្ស៊ីស៊ីស្ថាន"}
        }
        "meta:Line_Islands"{
            ls{"ម៉ោង​នៅ​កោះ​ឡាញ"}
        }
        "meta:Lord_Howe"{
            ld{"ម៉ោង​ពេល​ថ្ងៃ​នៅ​ឡតហៅ"}
            lg{"ម៉ោង​នៅ​ឡតហៅ"}
            ls{"ម៉ោង​ស្តង់ដារ​នៅ​ឡត​ហៅ"}
        }
        "meta:Macquarie"{
            ls{"ម៉ោង​នៅ​កោះ​ម៉ាកគែរី"}
        }
        "meta:Magadan"{
            ld{"ម៉ោង​នៅ​ម៉ាហ្កាដាន​នារដូវ​ក្ដៅ"}
            lg{"ម៉ោង​នៅ​ម៉ាហ្កាដាន"}
            ls{"ម៉ោង​ស្តង់ដារ​នៅ​ម៉ាហ្កាដាន"}
        }
        "meta:Malaysia"{
            ls{"ម៉ោង​នៅ​ម៉ាឡេស៊ី"}
        }
        "meta:Maldives"{
            ls{"ម៉ោង​នៅ​ម៉ាល់ឌីវ"}
        }
        "meta:Marquesas"{
            ls{"ម៉ោង​នៅ​កោះ​ម៉ាគឺសាស់"}
        }
        "meta:Marshall_Islands"{
            ls{"ម៉ោង​នៅ​ម៉ាសាល"}
        }
        "meta:Mauritius"{
            ld{"ម៉ោង​​រដូវ​ក្ដៅនៅ​ម៉ូរីស"}
            lg{"ម៉ោង​នៅ​ម៉ូរីស"}
            ls{"ម៉ោង​ស្តង់ដារ​នៅ​ម៉ូរីស"}
        }
        "meta:Mawson"{
            ls{"ម៉ោង​នៅ​ម៉ៅ​សាន់"}
        }
        "meta:Mexico_Northwest"{
            ld{"ម៉ោង​ពេល​ថ្ងៃ​នៅ​ម៉ិកស៊ិកភាគពាយព្យ"}
            lg{"ម៉ោង​នៅ​ម៉ិកស៊ិកភាគពាយព្យ"}
            ls{"ម៉ោង​ស្តង់ដារនៅ​ម៉ិកស៊ិកភាគពាយព្យ"}
        }
        "meta:Mexico_Pacific"{
            ld{"ម៉ោង​ពេល​ថ្ងៃ​នៅ​ប៉ាស៊ីហ្វិក​ម៉ិកស៊ិក"}
            lg{"ម៉ោង​នៅ​ប៉ាស៊ីហ្វិក​ម៉ិកស៊ិក"}
            ls{"ម៉ោង​ស្តង់ដា​នៅ​ប៉ាស៊ីហ្វិក​ម៉ិកស៊ិក"}
        }
        "meta:Mongolia"{
            ld{"ម៉ោងនៅ​អ៊ូឡាន​បាទូនា​រដូវ​ក្ដៅ​"}
            lg{"ម៉ោង​នៅ​អ៊ូឡាន​បាទូ"}
            ls{"ម៉ោង​ស្តង់ដារ​នៅ​អ៊ូឡាន​បាទូ"}
        }
        "meta:Moscow"{
            ld{"ម៉ោង​នៅ​មូស្គូ​នារដូវ​ក្ដៅ"}
            lg{"ម៉ោង​នៅ​មូស្គូ"}
            ls{"ម៉ោង​ស្តង់ដារ​នៅ​មូស្គូ"}
        }
        "meta:Myanmar"{
            ls{"ម៉ោង​នៅ​មីយ៉ាន់ម៉ា"}
        }
        "meta:Nauru"{
            ls{"ម៉ោង​នៅ​ណូរូ"}
        }
        "meta:Nepal"{
            ls{"ម៉ោងនៅនេប៉ាល់"}
        }
        "meta:New_Caledonia"{
            ld{"ម៉ោង​នៅណូវ៉ែលកាឡេដូនៀនារដូវក្តៅ"}
            lg{"ម៉ោង​នៅណូវ៉ែលកាឡេដូនៀ"}
            ls{"ម៉ោងស្តង់ដារ​នៅណូវ៉ែលកាឡេដូនៀ"}
        }
        "meta:New_Zealand"{
            ld{"ម៉ោង​ពេល​ថ្ងៃ​នៅ​នូវែលសេឡង់"}
            lg{"ម៉ោង​នៅ​នូវែលសេឡង់"}
            ls{"ម៉ោង​ស្តង់ដារ​នៅ​នូវែលសេឡង់"}
        }
        "meta:Newfoundland"{
            ld{"ម៉ោង​ពេលថ្ងៃ​នៅ​ញូវហ្វោនឡែន"}
            lg{"ម៉ោង​​នៅញូវហ្វោនឡែន"}
            ls{"ម៉ោង​​ស្តង់ដារ​​នៅ​ញូវហ្វោនឡែន"}
        }
        "meta:Niue"{
            ls{"ម៉ោងនៅ​នីវ៉េ"}
        }
        "meta:Norfolk"{
            ld{"ម៉ោងនៅ​ណ័រហ្វក់នា​រដូវ​ក្ដៅ"}
            lg{"ម៉ោង​នៅ​កោះ​ណ័រហ្វក់"}
            ls{"ម៉ោង​ស្ដង់ដារ​នៅ​ណ័រហ្វក់"}
        }
        "meta:Noronha"{
            ld{"ម៉ោង​នៅហ្វ៊ែណាន់ដូ​ដឺណូរ៉ូញ៉ានារដូវក្តៅ"}
            lg{"ម៉ោង​នៅហ្វ៊ែណាន់ដូ​ដឺណូរ៉ូញ៉ា"}
            ls{"ម៉ោង​ស្តង់ដារនៅហ្វ៊ែណាន់ដូ​ដឺណូរ៉ូញ៉ា"}
        }
        "meta:Novosibirsk"{
            ld{"ម៉ោង​នៅ​ណូវ៉ូស៊ីប៊ីកនា​រដូវ​ក្ដៅ"}
            lg{"ម៉ោង​នៅ​ណូវ៉ូស៊ីប៊ីក"}
            ls{"ម៉ោង​ស្តង់ដារ​នៅ​ណូវ៉ូស៊ីប៊ីក"}
        }
        "meta:Omsk"{
            ld{"ម៉ោង​នៅ​អូមនា​រដូវ​ក្ដៅ"}
            lg{"ម៉ោង​នៅ​អូម"}
            ls{"ម៉ោង​ស្តង់ដារ​នៅ​អូម"}
        }
        "meta:Pakistan"{
            ld{"ម៉ោងនៅ​ប៉ាគីស្ថាននា​រដូវ​ក្ដៅ​"}
            lg{"ម៉ោង​នៅ​ប៉ាគីស្ថាន"}
            ls{"ម៉ោង​ស្ដង់ដារ​នៅ​ប៉ាគីស្ថាន"}
        }
        "meta:Palau"{
            ls{"ម៉ោង​នៅ​ផាឡៅ"}
        }
        "meta:Papua_New_Guinea"{
            ls{"ម៉ោង​នៅប៉ាពូអាស៊ី នូវែលហ្គីណេ"}
        }
        "meta:Paraguay"{
            ld{"ម៉ោង​នៅប៉ារ៉ាហ្គាយនា​រដូវ​ក្ដៅ"}
            lg{"ម៉ោង​នៅ​ប៉ារ៉ាហ្គាយ"}
            ls{"ម៉ោង​ស្តង់ដារ​នៅ​ប៉ារ៉ាហ្គាយ"}
        }
        "meta:Peru"{
            ld{"ម៉ោង​​នៅ​ប៉េរូនារដូវ​ក្ដៅ"}
            lg{"ម៉ោង​នៅ​ប៉េរូ"}
            ls{"ម៉ោង​ស្តង់ដារ​នៅ​ប៉េរូ"}
        }
        "meta:Philippines"{
            ld{"ម៉ោង​​នៅ​ហ្វីលីពីននា​រដូវ​ក្ដៅ"}
            lg{"ម៉ោង​នៅ​ហ្វីលីពីន"}
            ls{"ម៉ោង​ស្តង់ដារ​នៅ​ហ្វីលីពីន"}
        }
        "meta:Phoenix_Islands"{
            ls{"ម៉ោង​នៅ​កោះ​ផូនីក"}
        }
        "meta:Pierre_Miquelon"{
            ld{"ម៉ោង​ពេល​ថ្ងៃ​នៅសង់​ព្យែរ និង​មីគុយឡុង"}
            lg{"ម៉ោង​​​នៅសង់​ព្យែរ និង​មីគុយឡុង"}
            ls{"ម៉ោង​ស្តង់ដារ​នៅសង់​ព្យែរ និង​មីគុយឡុង"}
        }
        "meta:Pitcairn"{
            ls{"ម៉ោង​នៅ​ភីឃឺន"}
        }
        "meta:Ponape"{
            ls{"ម៉ោង​នៅ​ប៉ូណាប់"}
        }
        "meta:Pyongyang"{
            ls{"ម៉ោងនៅព្យុងយ៉ាង"}
        }
        "meta:Reunion"{
            ls{"ម៉ោងនៅរេអ៊ុយ៉ុង"}
        }
        "meta:Rothera"{
            ls{"ម៉ោង​នៅ​រ៉ូធឺរ៉ា"}
        }
        "meta:Sakhalin"{
            ld{"ម៉ោង​នៅ​សាក់ខាលីននា​រដូវ​ក្ដៅ"}
            lg{"ម៉ោង​នៅ​សាក់ខាលីន"}
            ls{"ម៉ោង​ស្តង់ដារ​នៅ​សាក់ខាលីន"}
        }
        "meta:Samoa"{
            ld{"ម៉ោង​នៅ​សាម័រនារដូវក្តៅ"}
            lg{"ម៉ោង​នៅ​សាម័រ"}
            ls{"ម៉ោង​ស្តង់ដារនៅ​សាម័រ"}
        }
        "meta:Seychelles"{
            ls{"ម៉ោង​នៅ​សីស្ហែល"}
        }
        "meta:Singapore"{
            ls{"ម៉ោង​នៅ​សិង្ហបូរី"}
        }
        "meta:Solomon"{
            ls{"ម៉ោង​នៅ​កោះ​សូឡូម៉ុន"}
        }
        "meta:South_Georgia"{
            ls{"ម៉ោង​នៅ​កោះ​ហ្សកហ្ស៊ី"}
        }
        "meta:Suriname"{
            ls{"ម៉ោង​នៅ​សូរីណាម"}
        }
        "meta:Syowa"{
            ls{"ម៉ោង​នៅ​ស៊ីអូវ៉ា"}
        }
        "meta:Tahiti"{
            ls{"ម៉ោង​នៅ​តាហិទី"}
        }
        "meta:Taipei"{
            ld{"ម៉ោង​ពេល​ថ្ងៃ​នៅ​តៃប៉ិ"}
            lg{"ម៉ោង​នៅ​តៃប៉ិ"}
            ls{"ម៉ោង​ស្តង់ដារ​នៅ​តៃប៉ិ"}
        }
        "meta:Tajikistan"{
            ls{"ម៉ោងនៅតាជីគីស្ថាន"}
        }
        "meta:Tokelau"{
            ls{"ម៉ោង​នៅ​តូខេឡៅ"}
        }
        "meta:Tonga"{
            ld{"ម៉ោង​​នៅ​តុងហ្គានារដូវ​ក្ដៅ"}
            lg{"ម៉ោង​នៅ​តុងហ្គា"}
            ls{"ម៉ោង​ស្តង់ដារ​​នៅ​តុងហ្គា"}
        }
        "meta:Truk"{
            ls{"ម៉ោង​នៅ​ចូអុក"}
        }
        "meta:Turkmenistan"{
            ld{"ម៉ោង​រដូវ​ក្ដៅ​នៅ​តួកម៉េនីស្ថាន​"}
            lg{"ម៉ោង​នៅ​តួកម៉េនីស្ថាន"}
            ls{"ម៉ោង​ស្តង់ដារ​នៅតួកម៉េនីស្ថាន"}
        }
        "meta:Tuvalu"{
            ls{"ម៉ោង​នៅ​ទុយវ៉ាលូ"}
        }
        "meta:Uruguay"{
            ld{"ម៉ោង​នៅ​អ៊ុយរូហ្គាយនា​​រដូវ​ក្ដៅ"}
            lg{"ម៉ោង​នៅ​អ៊ុយរូហ្គាយ"}
            ls{"ម៉ោង​ស្តង់ដារ​នៅ​អ៊ុយរូហ្គាយ"}
        }
        "meta:Uzbekistan"{
            ld{"ម៉ោង​នៅ​អ៊ូសបេគីស្ថាននារដូវ​ក្ដៅ​"}
            lg{"ម៉ោង​នៅ​អ៊ូសបេគីស្ថាន"}
            ls{"ម៉ោង​ស្តង់ដារ​នៅ​អ៊ូសបេគីស្ថាន"}
        }
        "meta:Vanuatu"{
            ld{"ម៉ោង​នៅ​វ៉ានូទូនារដូវ​ក្ដៅ​"}
            lg{"ម៉ោង​នៅ​វ៉ានូទូ"}
            ls{"ម៉ោង​​ស្តង់ដារ​នៅ​វ៉ានូទូ"}
        }
        "meta:Venezuela"{
            ls{"ម៉ោង​នៅ​វ៉េណេស៊ុយអេឡា"}
        }
        "meta:Vladivostok"{
            ld{"ម៉ោង​នៅ​វ៉្លាឌីវ៉ូស្តុកនា​រដូវ​ក្ដៅ"}
            lg{"ម៉ោង​នៅ​វ៉្លាឌីវ៉ូស្តុក"}
            ls{"ម៉ោង​ស្តង់ដារ​នៅ​វ៉្លាឌីវ៉ូស្តុក"}
        }
        "meta:Volgograd"{
            ld{"ម៉ោង​នៅ​វ៉ូហ្កោក្រាដនា​រដូវ​ក្ដៅ"}
            lg{"ម៉ោង​នៅ​វ៉ូហ្កោក្រាដ"}
            ls{"ម៉ោង​ស្តង់ដារ​នៅ​វ៉ូហ្កោក្រាដ"}
        }
        "meta:Vostok"{
            ls{"ម៉ោង​នៅ​វ័រស្តុក"}
        }
        "meta:Wake"{
            ls{"ម៉ោង​នៅ​កោះវេក"}
        }
        "meta:Wallis"{
            ls{"ម៉ោង​នៅ​វ៉ាលីស និងហ្វ៊ុទូណា"}
        }
        "meta:Yakutsk"{
            ld{"ម៉ោង​នៅ​យ៉ាគុតស្កិ៍នា​រដូវ​ក្ដៅ"}
            lg{"ម៉ោង​នៅ​យ៉ាគុតស្កិ៍"}
            ls{"ម៉ោង​ស្តង់ដារ​នៅ​យ៉ាគុតស្កិ៍"}
        }
        "meta:Yekaterinburg"{
            ld{"ម៉ោង​នៅ​អ៊ិខាធឺរីនប៊័កនា​រដូវ​​ក្ដៅ"}
            lg{"ម៉ោង​នៅ​អ៊ិខាធឺរីនប៊័ក"}
            ls{"ម៉ោង​ស្តង់ដារ​នៅ​អ៊ិខាធឺរីនប៊័ក"}
        }
        fallbackFormat{"{1} ({0})"}
        gmtFormat{"ម៉ោង​សកល {0}"}
        gmtZeroFormat{"ម៉ោង​សកល"}
        hourFormat{"+HH:mm;-HH:mm"}
        regionFormat{"ម៉ោង​នៅ​ {0}"}
        regionFormatDaylight{"ម៉ោង​ពេល​ថ្ងៃ​នៅ​ {0}"}
        regionFormatStandard{"ម៉ោង​ស្តង់ដារ​នៅ ​{0}"}
    }
}
