// © 2016 and later: Unicode, Inc. and others.
// License & terms of use: http://www.unicode.org/copyright.html
// Generated using tools/cldr/cldr-to-icu/build-icu-data.xml
th{
    zoneStrings{
        "Africa:Abidjan"{
            ec{"อาบีจาน"}
        }
        "Africa:Accra"{
            ec{"อักกรา"}
        }
        "Africa:Addis_Ababa"{
            ec{"แอดดิสอาบาบา"}
        }
        "Africa:Algiers"{
            ec{"แอลเจียร์"}
        }
        "Africa:Asmera"{
            ec{"แอสมารา"}
        }
        "Africa:Bamako"{
            ec{"บามาโก"}
        }
        "Africa:Bangui"{
            ec{"บังกี"}
        }
        "Africa:Banjul"{
            ec{"บันจูล"}
        }
        "Africa:Bissau"{
            ec{"บิสเซา"}
        }
        "Africa:Blantyre"{
            ec{"แบลนไทร์"}
        }
        "Africa:Brazzaville"{
            ec{"บราซซาวิล"}
        }
        "Africa:Bujumbura"{
            ec{"บูจุมบูรา"}
        }
        "Africa:Cairo"{
            ec{"ไคโร"}
        }
        "Africa:Casablanca"{
            ec{"คาสซาบลางก้า"}
        }
        "Africa:Ceuta"{
            ec{"เซวตา"}
        }
        "Africa:Conakry"{
            ec{"โกนากรี"}
        }
        "Africa:Dakar"{
            ec{"ดาการ์"}
        }
        "Africa:Dar_es_Salaam"{
            ec{"ดาร์เอสซาลาม"}
        }
        "Africa:Djibouti"{
            ec{"จิบูตี"}
        }
        "Africa:Douala"{
            ec{"ดูอาลา"}
        }
        "Africa:El_Aaiun"{
            ec{"เอลไอย์อุง"}
        }
        "Africa:Freetown"{
            ec{"ฟรีทาวน์"}
        }
        "Africa:Gaborone"{
            ec{"กาโบโรเน"}
        }
        "Africa:Harare"{
            ec{"ฮาราเร"}
        }
        "Africa:Johannesburg"{
            ec{"โจฮันเนสเบอร์ก"}
        }
        "Africa:Juba"{
            ec{"จูบา"}
        }
        "Africa:Kampala"{
            ec{"คัมพาลา"}
        }
        "Africa:Khartoum"{
            ec{"คาร์ทูม"}
        }
        "Africa:Kigali"{
            ec{"คิกาลี"}
        }
        "Africa:Kinshasa"{
            ec{"กินชาซา"}
        }
        "Africa:Lagos"{
            ec{"ลากอส"}
        }
        "Africa:Libreville"{
            ec{"ลีเบรอวิล"}
        }
        "Africa:Lome"{
            ec{"โลเม"}
        }
        "Africa:Luanda"{
            ec{"ลูอันดา"}
        }
        "Africa:Lubumbashi"{
            ec{"ลูบัมบาชิ"}
        }
        "Africa:Lusaka"{
            ec{"ลูซากา"}
        }
        "Africa:Malabo"{
            ec{"มาลาโบ"}
        }
        "Africa:Maputo"{
            ec{"มาปูโต"}
        }
        "Africa:Maseru"{
            ec{"มาเซรู"}
        }
        "Africa:Mbabane"{
            ec{"อัมบาบาเน"}
        }
        "Africa:Mogadishu"{
            ec{"โมกาดิชู"}
        }
        "Africa:Monrovia"{
            ec{"มันโรเวีย"}
        }
        "Africa:Nairobi"{
            ec{"ไนโรเบีย"}
        }
        "Africa:Ndjamena"{
            ec{"เอ็นจาเมนา"}
        }
        "Africa:Niamey"{
            ec{"นีอาเมย์"}
        }
        "Africa:Nouakchott"{
            ec{"นูแอกชอต"}
        }
        "Africa:Ouagadougou"{
            ec{"วากาดูกู"}
        }
        "Africa:Porto-Novo"{
            ec{"ปอร์โต-โนโว"}
        }
        "Africa:Sao_Tome"{
            ec{"เซาตูเม"}
        }
        "Africa:Tripoli"{
            ec{"ตรีโปลี"}
        }
        "Africa:Tunis"{
            ec{"ตูนิส"}
        }
        "Africa:Windhoek"{
            ec{"วินด์ฮุก"}
        }
        "America:Adak"{
            ec{"เอดัก"}
        }
        "America:Anchorage"{
            ec{"แองเคอเรจ"}
        }
        "America:Anguilla"{
            ec{"แองกิลลา"}
        }
        "America:Antigua"{
            ec{"แอนติกา"}
        }
        "America:Araguaina"{
            ec{"อารากัวนา"}
        }
        "America:Argentina:La_Rioja"{
            ec{"ลาริโอจา"}
        }
        "America:Argentina:Rio_Gallegos"{
            ec{"ริโอกาลเลกอส"}
        }
        "America:Argentina:Salta"{
            ec{"ซัลตา"}
        }
        "America:Argentina:San_Juan"{
            ec{"ซานฮวน"}
        }
        "America:Argentina:San_Luis"{
            ec{"ซันลูอิส"}
        }
        "America:Argentina:Tucuman"{
            ec{"ทูคูแมน"}
        }
        "America:Argentina:Ushuaia"{
            ec{"อูชูเอีย"}
        }
        "America:Aruba"{
            ec{"อารูบา"}
        }
        "America:Asuncion"{
            ec{"อะซุนซิออง"}
        }
        "America:Bahia"{
            ec{"บาเยีย"}
        }
        "America:Bahia_Banderas"{
            ec{"บาเอียบันเดรัส"}
        }
        "America:Barbados"{
            ec{"บาร์เบโดส"}
        }
        "America:Belem"{
            ec{"เบเลง"}
        }
        "America:Belize"{
            ec{"เบลีซ"}
        }
        "America:Blanc-Sablon"{
            ec{"บลังค์-ซาบลอน"}
        }
        "America:Boa_Vista"{
            ec{"บัววีชตา"}
        }
        "America:Bogota"{
            ec{"โบโกตา"}
        }
        "America:Boise"{
            ec{"บอยซี"}
        }
        "America:Buenos_Aires"{
            ec{"บัวโนสไอเรส"}
        }
        "America:Cambridge_Bay"{
            ec{"อ่าวแคมบริดจ์"}
        }
        "America:Campo_Grande"{
            ec{"กัมปูกรันดี"}
        }
        "America:Cancun"{
            ec{"แคนคุน"}
        }
        "America:Caracas"{
            ec{"คาราคัส"}
        }
        "America:Catamarca"{
            ec{"กาตามาร์กา"}
        }
        "America:Cayenne"{
            ec{"กาแยน"}
        }
        "America:Cayman"{
            ec{"เคย์แมน"}
        }
        "America:Chicago"{
            ec{"ชิคาโก"}
        }
        "America:Chihuahua"{
            ec{"ชีวาวา"}
        }
        "America:Coral_Harbour"{
            ec{"คอรัลฮาร์เบอร์"}
        }
        "America:Cordoba"{
            ec{"คอร์โดบา"}
        }
        "America:Costa_Rica"{
            ec{"คอสตาริกา"}
        }
        "America:Creston"{
            ec{"เครสตัน"}
        }
        "America:Cuiaba"{
            ec{"กุยาบา"}
        }
        "America:Curacao"{
            ec{"คูราเซา"}
        }
        "America:Danmarkshavn"{
            ec{"ดานมาร์กสฮาวน์"}
        }
        "America:Dawson"{
            ec{"ดอว์สัน"}
        }
        "America:Dawson_Creek"{
            ec{"ดอว์สัน ครีก"}
        }
        "America:Denver"{
            ec{"เดนเวอร์"}
        }
        "America:Detroit"{
            ec{"ดีทรอยต์"}
        }
        "America:Dominica"{
            ec{"โดมินิกา"}
        }
        "America:Edmonton"{
            ec{"เอดมันตัน"}
        }
        "America:Eirunepe"{
            ec{"เอรูเนเป"}
        }
        "America:El_Salvador"{
            ec{"เอลซัลวาดอร์"}
        }
        "America:Fort_Nelson"{
            ec{"ฟอร์ตเนลสัน"}
        }
        "America:Fortaleza"{
            ec{"ฟอร์ตาเลซา"}
        }
        "America:Glace_Bay"{
            ec{"เกลซเบย์"}
        }
        "America:Godthab"{
            ec{"กอดแธบ"}
        }
        "America:Goose_Bay"{
            ec{"กูสเบย์"}
        }
        "America:Grand_Turk"{
            ec{"แกรนด์เติร์ก"}
        }
        "America:Grenada"{
            ec{"เกรนาดา"}
        }
        "America:Guadeloupe"{
            ec{"กวาเดอลูป"}
        }
        "America:Guatemala"{
            ec{"กัวเตมาลา"}
        }
        "America:Guayaquil"{
            ec{"กัวยากิล"}
        }
        "America:Guyana"{
            ec{"กายอานา"}
        }
        "America:Halifax"{
            ec{"แฮลิแฟกซ์"}
        }
        "America:Havana"{
            ec{"ฮาวานา"}
        }
        "America:Hermosillo"{
            ec{"เอร์โมซีโย"}
        }
        "America:Indiana:Knox"{
            ec{"นอกซ์, อินดีแอนา"}
        }
        "America:Indiana:Marengo"{
            ec{"มาเรงโก, อินดีแอนา"}
        }
        "America:Indiana:Petersburg"{
            ec{"ปีเตอร์สเบิร์ก, อินดีแอนา"}
        }
        "America:Indiana:Tell_City"{
            ec{"เทลล์ซิตี, อินดีแอนา"}
        }
        "America:Indiana:Vevay"{
            ec{"วีเวย์, อินดีแอนา"}
        }
        "America:Indiana:Vincennes"{
            ec{"วินเซนเนส, อินดีแอนา"}
        }
        "America:Indiana:Winamac"{
            ec{"วินาแมค, อินดีแอนา"}
        }
        "America:Indianapolis"{
            ec{"อินเดียแนโพลิส"}
        }
        "America:Inuvik"{
            ec{"อินูวิก"}
        }
        "America:Iqaluit"{
            ec{"อีกวาลิต"}
        }
        "America:Jamaica"{
            ec{"จาเมกา"}
        }
        "America:Jujuy"{
            ec{"จูจิว"}
        }
        "America:Juneau"{
            ec{"จูโน"}
        }
        "America:Kentucky:Monticello"{
            ec{"มอนติเซลโล, เคนตักกี"}
        }
        "America:Kralendijk"{
            ec{"คราเลนดิจค์"}
        }
        "America:La_Paz"{
            ec{"ลาปาซ"}
        }
        "America:Lima"{
            ec{"ลิมา"}
        }
        "America:Los_Angeles"{
            ec{"ลอสแองเจลิส"}
        }
        "America:Louisville"{
            ec{"ลูส์วิลล์"}
        }
        "America:Lower_Princes"{
            ec{"โลเวอร์พรินซ์ ควอเตอร์"}
        }
        "America:Maceio"{
            ec{"มาเซโอ"}
        }
        "America:Managua"{
            ec{"มานากัว"}
        }
        "America:Manaus"{
            ec{"มาเนาส์"}
        }
        "America:Marigot"{
            ec{"มาริโกต์"}
        }
        "America:Martinique"{
            ec{"มาร์ตินีก"}
        }
        "America:Matamoros"{
            ec{"มาตาโมรอส"}
        }
        "America:Mazatlan"{
            ec{"มาซาทลาน"}
        }
        "America:Mendoza"{
            ec{"เมนดูซา"}
        }
        "America:Menominee"{
            ec{"เมโนมินี"}
        }
        "America:Merida"{
            ec{"เมรีดา"}
        }
        "America:Metlakatla"{
            ec{"เมทลากาตละ"}
        }
        "America:Mexico_City"{
            ec{"เม็กซิโกซิตี"}
        }
        "America:Miquelon"{
            ec{"มีเกอลง"}
        }
        "America:Moncton"{
            ec{"มองตัน"}
        }
        "America:Monterrey"{
            ec{"มอนเตร์เรย์"}
        }
        "America:Montevideo"{
            ec{"มอนเตวิเดโอ"}
        }
        "America:Montserrat"{
            ec{"มอนเซอร์รัต"}
        }
        "America:Nassau"{
            ec{"แนสซอ"}
        }
        "America:New_York"{
            ec{"นิวยอร์ก"}
        }
        "America:Nipigon"{
            ec{"นิปิกอน"}
        }
        "America:Nome"{
            ec{"นอม"}
        }
        "America:Noronha"{
            ec{"โนรอนฮา"}
        }
        "America:North_Dakota:Beulah"{
            ec{"โบลาห์, นอร์ทดาโคตา"}
        }
        "America:North_Dakota:Center"{
            ec{"เซนเตอร์, นอร์ทดาโคตา"}
        }
        "America:North_Dakota:New_Salem"{
            ec{"นิวเซเลม, นอร์ทดาโคตา"}
        }
        "America:Ojinaga"{
            ec{"โอจินากา"}
        }
        "America:Panama"{
            ec{"ปานามา"}
        }
        "America:Pangnirtung"{
            ec{"พางนีทัง"}
        }
        "America:Paramaribo"{
            ec{"ปารามาริโบ"}
        }
        "America:Phoenix"{
            ec{"ฟินิกซ์"}
        }
        "America:Port-au-Prince"{
            ec{"ปอร์โตแปรงซ์"}
        }
        "America:Port_of_Spain"{
            ec{"พอร์ทออฟสเปน"}
        }
        "America:Porto_Velho"{
            ec{"ปอร์ตูเวลโย"}
        }
        "America:Puerto_Rico"{
            ec{"เปอโตริโก"}
        }
        "America:Punta_Arenas"{
            ec{"ปุนตาอาเรนัส"}
        }
        "America:Rainy_River"{
            ec{"เรนนี่ริเวอร์"}
        }
        "America:Rankin_Inlet"{
            ec{"แรงกินอินเล็ต"}
        }
        "America:Recife"{
            ec{"เรซีเฟ"}
        }
        "America:Regina"{
            ec{"ริไจนา"}
        }
        "America:Resolute"{
            ec{"เรโซลูท"}
        }
        "America:Rio_Branco"{
            ec{"รีโอบรังโก"}
        }
        "America:Santa_Isabel"{
            ec{"ซานตาอิซาเบล"}
        }
        "America:Santarem"{
            ec{"ซันตาเรม"}
        }
        "America:Santiago"{
            ec{"ซันติอาโก"}
        }
        "America:Santo_Domingo"{
            ec{"ซานโต โดมิงโก"}
        }
        "America:Sao_Paulo"{
            ec{"เซาเปาลู"}
        }
        "America:Scoresbysund"{
            ec{"สกอเรสไบซันด์"}
        }
        "America:Sitka"{
            ec{"ซิตกา"}
        }
        "America:St_Barthelemy"{
            ec{"เซนต์บาร์เธเลมี"}
        }
        "America:St_Johns"{
            ec{"เซนต์จอนส์"}
        }
        "America:St_Kitts"{
            ec{"เซนต์คิตส์"}
        }
        "America:St_Lucia"{
            ec{"เซนต์ลูเซีย"}
        }
        "America:St_Thomas"{
            ec{"เซนต์โธมัส"}
        }
        "America:St_Vincent"{
            ec{"เซนต์วินเซนต์"}
        }
        "America:Swift_Current"{
            ec{"สวิฟต์เคอร์เรนต์"}
        }
        "America:Tegucigalpa"{
            ec{"เตกูซิกัลปา"}
        }
        "America:Thule"{
            ec{"ทูเล"}
        }
        "America:Thunder_Bay"{
            ec{"ทันเดอร์เบย์"}
        }
        "America:Tijuana"{
            ec{"ทิฮัวนา"}
        }
        "America:Toronto"{
            ec{"โทรอนโต"}
        }
        "America:Tortola"{
            ec{"ตอร์โตลา"}
        }
        "America:Vancouver"{
            ec{"แวนคูเวอร์"}
        }
        "America:Whitehorse"{
            ec{"ไวต์ฮอร์ส"}
        }
        "America:Winnipeg"{
            ec{"วินนิเพก"}
        }
        "America:Yakutat"{
            ec{"ยากูทัต"}
        }
        "America:Yellowknife"{
            ec{"เยลโลว์ไนฟ์"}
        }
        "Antarctica:Casey"{
            ec{"เคซีย์"}
        }
        "Antarctica:Davis"{
            ec{"เดวิส"}
        }
        "Antarctica:DumontDUrville"{
            ec{"ดูมองต์ดูร์วิลล์"}
        }
        "Antarctica:Macquarie"{
            ec{"แมคควอรี"}
        }
        "Antarctica:Mawson"{
            ec{"มอว์สัน"}
        }
        "Antarctica:McMurdo"{
            ec{"แมคมัวโด"}
        }
        "Antarctica:Palmer"{
            ec{"พาล์เมอร์"}
        }
        "Antarctica:Rothera"{
            ec{"โรธีรา"}
        }
        "Antarctica:Syowa"{
            ec{"ไซโยวา"}
        }
        "Antarctica:Troll"{
            ec{"โทรล"}
        }
        "Antarctica:Vostok"{
            ec{"วอสตอค"}
        }
        "Arctic:Longyearbyen"{
            ec{"ลองเยียร์เบียน"}
        }
        "Asia:Aden"{
            ec{"เอเดน"}
        }
        "Asia:Almaty"{
            ec{"อัลมาตี"}
        }
        "Asia:Amman"{
            ec{"อัมมาน"}
        }
        "Asia:Anadyr"{
            ec{"อานาดีร์"}
        }
        "Asia:Aqtau"{
            ec{"อัคตาอู"}
        }
        "Asia:Aqtobe"{
            ec{"อัคโทบี"}
        }
        "Asia:Ashgabat"{
            ec{"อาชกาบัต"}
        }
        "Asia:Atyrau"{
            ec{"อทีราว"}
        }
        "Asia:Baghdad"{
            ec{"แบกแดด"}
        }
        "Asia:Bahrain"{
            ec{"บาห์เรน"}
        }
        "Asia:Baku"{
            ec{"บากู"}
        }
        "Asia:Bangkok"{
            ec{"กรุงเทพ"}
        }
        "Asia:Barnaul"{
            ec{"บาร์เนาว์"}
        }
        "Asia:Beirut"{
            ec{"เบรุต"}
        }
        "Asia:Bishkek"{
            ec{"บิชเคก"}
        }
        "Asia:Brunei"{
            ec{"บรูไน"}
        }
        "Asia:Calcutta"{
            ec{"โกลกาตา"}
        }
        "Asia:Chita"{
            ec{"ชิตา"}
        }
        "Asia:Choibalsan"{
            ec{"ชอยบาลซาน"}
        }
        "Asia:Colombo"{
            ec{"โคลัมโบ"}
        }
        "Asia:Damascus"{
            ec{"ดามัสกัส"}
        }
        "Asia:Dhaka"{
            ec{"ดากา"}
        }
        "Asia:Dili"{
            ec{"ดิลี"}
        }
        "Asia:Dubai"{
            ec{"ดูไบ"}
        }
        "Asia:Dushanbe"{
            ec{"ดูชานเบ"}
        }
        "Asia:Famagusta"{
            ec{"แฟมากุสตา"}
        }
        "Asia:Gaza"{
            ec{"กาซา"}
        }
        "Asia:Hebron"{
            ec{"เฮบรอน"}
        }
        "Asia:Hong_Kong"{
            ec{"ฮ่องกง"}
        }
        "Asia:Hovd"{
            ec{"ฮอฟด์"}
        }
        "Asia:Irkutsk"{
            ec{"อีร์คุตสค์"}
        }
        "Asia:Jakarta"{
            ec{"จาการ์ตา"}
        }
        "Asia:Jayapura"{
            ec{"จายาปุระ"}
        }
        "Asia:Jerusalem"{
            ec{"เยรูซาเลม"}
        }
        "Asia:Kabul"{
            ec{"คาบูล"}
        }
        "Asia:Kamchatka"{
            ec{"คามชัตกา"}
        }
        "Asia:Karachi"{
            ec{"การาจี"}
        }
        "Asia:Katmandu"{
            ec{"กาตมันดุ"}
        }
        "Asia:Khandyga"{
            ec{"ฮันดืยกา"}
        }
        "Asia:Krasnoyarsk"{
            ec{"ครัสโนยาร์สก์"}
        }
        "Asia:Kuala_Lumpur"{
            ec{"กัวลาลัมเปอร์"}
        }
        "Asia:Kuching"{
            ec{"กูชิง"}
        }
        "Asia:Kuwait"{
            ec{"คูเวต"}
        }
        "Asia:Macau"{
            ec{"มาเก๊า"}
        }
        "Asia:Magadan"{
            ec{"มากาดาน"}
        }
        "Asia:Makassar"{
            ec{"มากัสซาร์"}
        }
        "Asia:Manila"{
            ec{"มะนิลา"}
        }
        "Asia:Muscat"{
            ec{"มัสกัต"}
        }
        "Asia:Nicosia"{
            ec{"นิโคเซีย"}
        }
        "Asia:Novokuznetsk"{
            ec{"โนโวคุซเนตสค์"}
        }
        "Asia:Novosibirsk"{
            ec{"โนโวซิบิร์สก์"}
        }
        "Asia:Omsk"{
            ec{"โอมสก์"}
        }
        "Asia:Oral"{
            ec{"ออรัล"}
        }
        "Asia:Phnom_Penh"{
            ec{"พนมเปญ"}
        }
        "Asia:Pontianak"{
            ec{"พอนเทียนัก"}
        }
        "Asia:Pyongyang"{
            ec{"เปียงยาง"}
        }
        "Asia:Qatar"{
            ec{"กาตาร์"}
        }
        "Asia:Qostanay"{
            ec{"คอสตาเนย์"}
        }
        "Asia:Qyzylorda"{
            ec{"ไคซีลอร์ดา"}
        }
        "Asia:Rangoon"{
            ec{"ย่างกุ้ง"}
        }
        "Asia:Riyadh"{
            ec{"ริยาร์ด"}
        }
        "Asia:Saigon"{
            ec{"นครโฮจิมินห์"}
        }
        "Asia:Sakhalin"{
            ec{"ซาคาลิน"}
        }
        "Asia:Samarkand"{
            ec{"ซามาร์กานด์"}
        }
        "Asia:Seoul"{
            ec{"โซล"}
        }
        "Asia:Shanghai"{
            ec{"เซี่ยงไฮ้"}
        }
        "Asia:Singapore"{
            ec{"สิงคโปร์"}
        }
        "Asia:Srednekolymsk"{
            ec{"ซเรดเนคโคลิมสก์"}
        }
        "Asia:Taipei"{
            ec{"ไทเป"}
        }
        "Asia:Tashkent"{
            ec{"ทาชเคนต์"}
        }
        "Asia:Tbilisi"{
            ec{"ทบิลิซิ"}
        }
        "Asia:Tehran"{
            ec{"เตหะราน"}
        }
        "Asia:Thimphu"{
            ec{"ทิมพู"}
        }
        "Asia:Tokyo"{
            ec{"โตเกียว"}
        }
        "Asia:Tomsk"{
            ec{"ตอมสค์"}
        }
        "Asia:Ulaanbaatar"{
            ec{"อูลานบาตอร์"}
        }
        "Asia:Urumqi"{
            ec{"อุรุมชี"}
        }
        "Asia:Ust-Nera"{
            ec{"อุสต์เนรา"}
        }
        "Asia:Vientiane"{
            ec{"เวียงจันทน์"}
        }
        "Asia:Vladivostok"{
            ec{"วลาดิโวสต็อก"}
        }
        "Asia:Yakutsk"{
            ec{"ยาคุตสค์"}
        }
        "Asia:Yekaterinburg"{
            ec{"ยีคาเตอรินเบิร์ก"}
        }
        "Asia:Yerevan"{
            ec{"เยเรวาน"}
        }
        "Atlantic:Azores"{
            ec{"อาซอเรส"}
        }
        "Atlantic:Bermuda"{
            ec{"เบอร์มิวดา"}
        }
        "Atlantic:Canary"{
            ec{"คะเนรี"}
        }
        "Atlantic:Cape_Verde"{
            ec{"เคปเวิร์ด"}
        }
        "Atlantic:Faeroe"{
            ec{"แฟโร"}
        }
        "Atlantic:Madeira"{
            ec{"มาเดรา"}
        }
        "Atlantic:Reykjavik"{
            ec{"เรคยาวิก"}
        }
        "Atlantic:South_Georgia"{
            ec{"เซาท์ จอร์เจีย"}
        }
        "Atlantic:St_Helena"{
            ec{"เซนต์เฮเลนา"}
        }
        "Atlantic:Stanley"{
            ec{"สแตนลีย์"}
        }
        "Australia:Adelaide"{
            ec{"แอดิเลด"}
        }
        "Australia:Brisbane"{
            ec{"บริสเบน"}
        }
        "Australia:Broken_Hill"{
            ec{"โบรกเคนฮิลล์"}
        }
        "Australia:Currie"{
            ec{"คูร์รี"}
        }
        "Australia:Darwin"{
            ec{"ดาร์วิน"}
        }
        "Australia:Eucla"{
            ec{"ยูคลา"}
        }
        "Australia:Hobart"{
            ec{"โฮบาร์ต"}
        }
        "Australia:Lindeman"{
            ec{"ลินดีแมน"}
        }
        "Australia:Lord_Howe"{
            ec{"ลอร์ดโฮว์"}
        }
        "Australia:Melbourne"{
            ec{"เมลเบิร์น"}
        }
        "Australia:Perth"{
            ec{"เพิร์ท"}
        }
        "Australia:Sydney"{
            ec{"ซิดนีย์"}
        }
        "Etc:UTC"{
            ls{"เวลาสากลเชิงพิกัด"}
        }
        "Etc:Unknown"{
            ec{"ไม่ทราบชื่อเมือง"}
        }
        "Europe:Amsterdam"{
            ec{"อัมสเตอดัม"}
        }
        "Europe:Andorra"{
            ec{"อันดอร์รา"}
        }
        "Europe:Astrakhan"{
            ec{"แอสตราคาน"}
        }
        "Europe:Athens"{
            ec{"เอเธนส์"}
        }
        "Europe:Belgrade"{
            ec{"เบลเกรด"}
        }
        "Europe:Berlin"{
            ec{"เบอร์ลิน"}
        }
        "Europe:Bratislava"{
            ec{"บราติสลาวา"}
        }
        "Europe:Brussels"{
            ec{"บรัสเซลส์"}
        }
        "Europe:Bucharest"{
            ec{"บูคาเรส"}
        }
        "Europe:Budapest"{
            ec{"บูดาเปส"}
        }
        "Europe:Busingen"{
            ec{"บุสซิงเง็น"}
        }
        "Europe:Chisinau"{
            ec{"คีชีเนา"}
        }
        "Europe:Copenhagen"{
            ec{"โคเปนเฮเกน"}
        }
        "Europe:Dublin"{
            ec{"ดับบลิน"}
            ld{"เวลามาตรฐานไอร์แลนด์"}
        }
        "Europe:Gibraltar"{
            ec{"ยิบรอลตาร์"}
        }
        "Europe:Guernsey"{
            ec{"เกิร์นซีย์"}
        }
        "Europe:Helsinki"{
            ec{"เฮลซิงกิ"}
        }
        "Europe:Isle_of_Man"{
            ec{"เกาะแมน"}
        }
        "Europe:Istanbul"{
            ec{"อิสตันบูล"}
        }
        "Europe:Jersey"{
            ec{"เจอร์ซีย์"}
        }
        "Europe:Kaliningrad"{
            ec{"คาลินิงกราด"}
        }
        "Europe:Kiev"{
            ec{"เคียฟ"}
        }
        "Europe:Kirov"{
            ec{"คิรอฟ"}
        }
        "Europe:Lisbon"{
            ec{"ลิสบอน"}
        }
        "Europe:Ljubljana"{
            ec{"ลูบลิยานา"}
        }
        "Europe:London"{
            ec{"ลอนดอน"}
            ld{"เวลาฤดูร้อนอังกฤษ"}
        }
        "Europe:Luxembourg"{
            ec{"ลักเซมเบิร์ก"}
        }
        "Europe:Madrid"{
            ec{"มาดริด"}
        }
        "Europe:Malta"{
            ec{"มอลตา"}
        }
        "Europe:Mariehamn"{
            ec{"มารีฮามน์"}
        }
        "Europe:Minsk"{
            ec{"มินสก์"}
        }
        "Europe:Monaco"{
            ec{"โมนาโก"}
        }
        "Europe:Moscow"{
            ec{"มอสโก"}
        }
        "Europe:Oslo"{
            ec{"ออสโล"}
        }
        "Europe:Paris"{
            ec{"ปารีส"}
        }
        "Europe:Podgorica"{
            ec{"พอดกอรีตซา"}
        }
        "Europe:Prague"{
            ec{"ปราก"}
        }
        "Europe:Riga"{
            ec{"ริกา"}
        }
        "Europe:Rome"{
            ec{"โรม"}
        }
        "Europe:Samara"{
            ec{"ซามารา"}
        }
        "Europe:San_Marino"{
            ec{"ซานมารีโน"}
        }
        "Europe:Sarajevo"{
            ec{"ซาราเยโว"}
        }
        "Europe:Saratov"{
            ec{"ซาราทอฟ"}
        }
        "Europe:Simferopol"{
            ec{"ซิมเฟอโรโปล"}
        }
        "Europe:Skopje"{
            ec{"สโกเปีย"}
        }
        "Europe:Sofia"{
            ec{"โซเฟีย"}
        }
        "Europe:Stockholm"{
            ec{"สตอกโฮล์ม"}
        }
        "Europe:Tallinn"{
            ec{"ทาลลินน์"}
        }
        "Europe:Tirane"{
            ec{"ติรานา"}
        }
        "Europe:Ulyanovsk"{
            ec{"อะลิยานอฟ"}
        }
        "Europe:Uzhgorod"{
            ec{"อัซโกร็อด"}
        }
        "Europe:Vaduz"{
            ec{"วาดุซ"}
        }
        "Europe:Vatican"{
            ec{"วาติกัน"}
        }
        "Europe:Vienna"{
            ec{"เวียนนา"}
        }
        "Europe:Vilnius"{
            ec{"วิลนีอุส"}
        }
        "Europe:Volgograd"{
            ec{"วอลโกกราด"}
        }
        "Europe:Warsaw"{
            ec{"วอร์ซอ"}
        }
        "Europe:Zagreb"{
            ec{"ซาเกร็บ"}
        }
        "Europe:Zaporozhye"{
            ec{"ซาโปโรซี"}
        }
        "Europe:Zurich"{
            ec{"ซูริค"}
        }
        "Indian:Antananarivo"{
            ec{"อันตานานาริโว"}
        }
        "Indian:Chagos"{
            ec{"ชากัส"}
        }
        "Indian:Christmas"{
            ec{"คริสต์มาส"}
        }
        "Indian:Cocos"{
            ec{"โคโคส"}
        }
        "Indian:Comoro"{
            ec{"โคโมโร"}
        }
        "Indian:Kerguelen"{
            ec{"แกร์เกอลอง"}
        }
        "Indian:Mahe"{
            ec{"มาเอ"}
        }
        "Indian:Maldives"{
            ec{"มัลดีฟส์"}
        }
        "Indian:Mauritius"{
            ec{"มอริเชียส"}
        }
        "Indian:Mayotte"{
            ec{"มาโยเต"}
        }
        "Indian:Reunion"{
            ec{"เรอูนียง"}
        }
        "Pacific:Apia"{
            ec{"อาปีอา"}
        }
        "Pacific:Auckland"{
            ec{"โอคแลนด์"}
        }
        "Pacific:Bougainville"{
            ec{"บูเกนวิลล์"}
        }
        "Pacific:Chatham"{
            ec{"แชทัม"}
        }
        "Pacific:Easter"{
            ec{"อีสเตอร์"}
        }
        "Pacific:Efate"{
            ec{"เอฟาเต"}
        }
        "Pacific:Enderbury"{
            ec{"เอนเดอร์เบอรี"}
        }
        "Pacific:Fakaofo"{
            ec{"ฟาเคาโฟ"}
        }
        "Pacific:Fiji"{
            ec{"ฟิจิ"}
        }
        "Pacific:Funafuti"{
            ec{"ฟูนะฟูตี"}
        }
        "Pacific:Galapagos"{
            ec{"กาลาปาโกส"}
        }
        "Pacific:Gambier"{
            ec{"แกมเบียร์"}
        }
        "Pacific:Guadalcanal"{
            ec{"กัวดัลคานัล"}
        }
        "Pacific:Guam"{
            ec{"กวม"}
        }
        "Pacific:Honolulu"{
            ec{"โฮโนลูลู"}
        }
        "Pacific:Johnston"{
            ec{"จอห์นสตัน"}
        }
        "Pacific:Kiritimati"{
            ec{"คิริทิมาตี"}
        }
        "Pacific:Kosrae"{
            ec{"คอสไร"}
        }
        "Pacific:Kwajalein"{
            ec{"ควาจาเลน"}
        }
        "Pacific:Majuro"{
            ec{"มาจูโร"}
        }
        "Pacific:Marquesas"{
            ec{"มาร์เคซัส"}
        }
        "Pacific:Midway"{
            ec{"มิดเวย์"}
        }
        "Pacific:Nauru"{
            ec{"นาอูรู"}
        }
        "Pacific:Niue"{
            ec{"นีอูเอ"}
        }
        "Pacific:Norfolk"{
            ec{"นอร์ฟอล์ก"}
        }
        "Pacific:Noumea"{
            ec{"นูเมอา"}
        }
        "Pacific:Pago_Pago"{
            ec{"ปาโก ปาโก"}
        }
        "Pacific:Palau"{
            ec{"ปาเลา"}
        }
        "Pacific:Pitcairn"{
            ec{"พิตแคร์น"}
        }
        "Pacific:Ponape"{
            ec{"โปนาเป"}
        }
        "Pacific:Port_Moresby"{
            ec{"พอร์ตมอร์สบี"}
        }
        "Pacific:Rarotonga"{
            ec{"ราโรตองกา"}
        }
        "Pacific:Saipan"{
            ec{"ไซปัน"}
        }
        "Pacific:Tahiti"{
            ec{"ตาฮีตี"}
        }
        "Pacific:Tarawa"{
            ec{"ตาระวา"}
        }
        "Pacific:Tongatapu"{
            ec{"ตองกาตาปู"}
        }
        "Pacific:Truk"{
            ec{"ทรัก"}
        }
        "Pacific:Wake"{
            ec{"เวก"}
        }
        "Pacific:Wallis"{
            ec{"วาลลิส"}
        }
        "meta:Acre"{
            ld{"เวลาฤดูร้อนอาเกร"}
            lg{"เวลาอาเกร"}
            ls{"เวลามาตรฐานอาเกร"}
        }
        "meta:Afghanistan"{
            ls{"เวลาอัฟกานิสถาน"}
        }
        "meta:Africa_Central"{
            ls{"เวลาแอฟริกากลาง"}
        }
        "meta:Africa_Eastern"{
            ls{"เวลาแอฟริกาตะวันออก"}
        }
        "meta:Africa_Southern"{
            ls{"เวลาแอฟริกาใต้"}
        }
        "meta:Africa_Western"{
            ld{"เวลาฤดูร้อนแอฟริกาตะวันตก"}
            lg{"เวลาแอฟริกาตะวันตก"}
            ls{"เวลามาตรฐานแอฟริกาตะวันตก"}
        }
        "meta:Alaska"{
            ld{"เวลาออมแสงของอะแลสกา"}
            lg{"เวลาอะแลสกา"}
            ls{"เวลามาตรฐานอะแลสกา"}
        }
        "meta:Almaty"{
            ld{"เวลาฤดูร้อนอัลมาตี"}
            lg{"เวลาอัลมาตี"}
            ls{"เวลามาตรฐานอัลมาตี"}
        }
        "meta:Amazon"{
            ld{"เวลาฤดูร้อนแอมะซอน"}
            lg{"เวลาแอมะซอน"}
            ls{"เวลามาตรฐานแอมะซอน"}
        }
        "meta:America_Central"{
            ld{"เวลาออมแสงตอนกลางในอเมริกาเหนือ"}
            lg{"เวลาตอนกลางในอเมริกาเหนือ"}
            ls{"เวลามาตรฐานตอนกลางในอเมริกาเหนือ"}
        }
        "meta:America_Eastern"{
            ld{"เวลาออมแสงทางตะวันออกในอเมริกาเหนือ"}
            lg{"เวลาทางตะวันออกในอเมริกาเหนือ"}
            ls{"เวลามาตรฐานทางตะวันออกในอเมริกาเหนือ"}
        }
        "meta:America_Mountain"{
            ld{"เวลาออมแสงแถบภูเขาในอเมริกาเหนือ"}
            lg{"เวลาแถบภูเขาในอเมริกาเหนือ"}
            ls{"เวลามาตรฐานแถบภูเขาในอเมริกาเหนือ"}
        }
        "meta:America_Pacific"{
            ld{"เวลาออมแสงแปซิฟิกในอเมริกาเหนือ"}
            lg{"เวลาแปซิฟิกในอเมริกาเหนือ"}
            ls{"เวลามาตรฐานแปซิฟิกในอเมริกาเหนือ"}
        }
        "meta:Anadyr"{
            ld{"เวลาฤดูร้อนอะนาดีร์"}
            lg{"เวลาอะนาดีร์"}
            ls{"เวลามาตรฐานอะนาดีร์"}
        }
        "meta:Apia"{
            ld{"เวลาออมแสงอาปีอา"}
            lg{"เวลาอาปีอา"}
            ls{"เวลามาตรฐานอาปีอา"}
        }
        "meta:Aqtau"{
            ld{"เวลาฤดูร้อนอัคตาอู"}
            lg{"เวลาอัคตาอู"}
            ls{"เวลามาตรฐานอัคตาอู"}
        }
        "meta:Aqtobe"{
            ld{"เวลาฤดูร้อนอัคโทเบ"}
            lg{"เวลาอัคโทเบ"}
            ls{"เวลามาตรฐานอัคโทเบ"}
        }
        "meta:Arabian"{
            ld{"เวลาออมแสงอาหรับ"}
            lg{"เวลาอาหรับ"}
            ls{"เวลามาตรฐานอาหรับ"}
        }
        "meta:Argentina"{
            ld{"เวลาฤดูร้อนอาร์เจนตินา"}
            lg{"เวลาอาร์เจนตินา"}
            ls{"เวลามาตรฐานอาร์เจนตินา"}
        }
        "meta:Argentina_Western"{
            ld{"เวลาฤดูร้อนทางตะวันตกของอาร์เจนตินา"}
            lg{"เวลาตะวันตกของอาร์เจนตินา"}
            ls{"เวลามาตรฐานทางตะวันตกของอาร์เจนตินา"}
        }
        "meta:Armenia"{
            ld{"เวลาฤดูร้อนอาร์เมเนีย"}
            lg{"เวลาอาร์เมเนีย"}
            ls{"เวลามาตรฐานอาร์เมเนีย"}
        }
        "meta:Atlantic"{
            ld{"เวลาออมแสงของแอตแลนติก"}
            lg{"เวลาแอตแลนติก"}
            ls{"เวลามาตรฐานแอตแลนติก"}
        }
        "meta:Australia_Central"{
            ld{"เวลาออมแสงทางตอนกลางของออสเตรเลีย"}
            lg{"เวลาออสเตรเลียกลาง"}
            ls{"เวลามาตรฐานทางตอนกลางของออสเตรเลีย"}
        }
        "meta:Australia_CentralWestern"{
            ld{"เวลาออมแสงทางตะวันตกตอนกลางของออสเตรเลีย"}
            lg{"เวลาทางตะวันตกตอนกลางของออสเตรเลีย"}
            ls{"เวลามาตรฐานทางตะวันตกตอนกลางของออสเตรเลีย"}
        }
        "meta:Australia_Eastern"{
            ld{"เวลาออมแสงทางตะวันออกของออสเตรเลีย"}
            lg{"เวลาออสเตรเลียตะวันออก"}
            ls{"เวลามาตรฐานทางตะวันออกของออสเตรเลีย"}
        }
        "meta:Australia_Western"{
            ld{"เวลาออมแสงทางตะวันตกของออสเตรเลีย"}
            lg{"เวลาออสเตรเลียตะวันตก"}
            ls{"เวลามาตรฐานทางตะวันตกของออสเตรเลีย"}
        }
        "meta:Azerbaijan"{
            ld{"เวลาฤดูร้อนอาเซอร์ไบจาน"}
            lg{"เวลาอาเซอร์ไบจาน"}
            ls{"เวลามาตรฐานอาเซอร์ไบจาน"}
        }
        "meta:Azores"{
            ld{"เวลาฤดูร้อนอะโซร์ส"}
            lg{"เวลาอะโซร์ส"}
            ls{"เวลามาตรฐานอะโซร์ส"}
        }
        "meta:Bangladesh"{
            ld{"เวลาฤดูร้อนบังกลาเทศ"}
            lg{"เวลาบังกลาเทศ"}
            ls{"เวลามาตรฐานบังกลาเทศ"}
        }
        "meta:Bhutan"{
            ls{"เวลาภูฏาน"}
        }
        "meta:Bolivia"{
            ls{"เวลาโบลิเวีย"}
        }
        "meta:Brasilia"{
            ld{"เวลาฤดูร้อนบราซิเลีย"}
            lg{"เวลาบราซิเลีย"}
            ls{"เวลามาตรฐานบราซิเลีย"}
        }
        "meta:Brunei"{
            ls{"เวลาบรูไนดารุสซาลาม"}
        }
        "meta:Cape_Verde"{
            ld{"เวลาฤดูร้อนเคปเวิร์ด"}
            lg{"เวลาเคปเวิร์ด"}
            ls{"เวลามาตรฐานเคปเวิร์ด"}
        }
        "meta:Casey"{
            ls{"เวลาเคซีย์"}
        }
        "meta:Chamorro"{
            ls{"เวลาชามอร์โร"}
        }
        "meta:Chatham"{
            ld{"เวลาออมแสงแชทัม"}
            lg{"เวลาแชทัม"}
            ls{"เวลามาตรฐานแชทัม"}
        }
        "meta:Chile"{
            ld{"เวลาฤดูร้อนชิลี"}
            lg{"เวลาชิลี"}
            ls{"เวลามาตรฐานชิลี"}
        }
        "meta:China"{
            ld{"เวลาออมแสงจีน"}
            lg{"เวลาจีน"}
            ls{"เวลามาตรฐานจีน"}
        }
        "meta:Choibalsan"{
            ld{"เวลาฤดูร้อนชอยปาลชาน"}
            lg{"เวลาชอยปาลชาน"}
            ls{"เวลามาตรฐานชอยปาลชาน"}
        }
        "meta:Christmas"{
            ls{"เวลาเกาะคริสต์มาส"}
        }
        "meta:Cocos"{
            ls{"เวลาหมู่เกาะโคโคส"}
        }
        "meta:Colombia"{
            ld{"เวลาฤดูร้อนโคลอมเบีย"}
            lg{"เวลาโคลอมเบีย"}
            ls{"เวลามาตรฐานโคลอมเบีย"}
        }
        "meta:Cook"{
            ld{"เวลาครึ่งฤดูร้อนหมู่เกาะคุก"}
            lg{"เวลาหมู่เกาะคุก"}
            ls{"เวลามาตรฐานหมู่เกาะคุก"}
        }
        "meta:Cuba"{
            ld{"เวลาออมแสงของคิวบา"}
            lg{"เวลาคิวบา"}
            ls{"เวลามาตรฐานคิวบา"}
        }
        "meta:Davis"{
            ls{"เวลาเดวิส"}
        }
        "meta:DumontDUrville"{
            ls{"เวลาดูมองต์ดูร์วิลล์"}
        }
        "meta:East_Timor"{
            ls{"เวลาติมอร์ตะวันออก"}
        }
        "meta:Easter"{
            ld{"เวลาฤดูร้อนเกาะอีสเตอร์"}
            lg{"เวลาเกาะอีสเตอร์"}
            ls{"เวลามาตรฐานเกาะอีสเตอร์"}
        }
        "meta:Ecuador"{
            ls{"เวลาเอกวาดอร์"}
        }
        "meta:Europe_Central"{
            ld{"เวลาฤดูร้อนยุโรปกลาง"}
            lg{"เวลายุโรปกลาง"}
            ls{"เวลามาตรฐานยุโรปกลาง"}
        }
        "meta:Europe_Eastern"{
            ld{"เวลาฤดูร้อนยุโรปตะวันออก"}
            lg{"เวลายุโรปตะวันออก"}
            ls{"เวลามาตรฐานยุโรปตะวันออก"}
        }
        "meta:Europe_Further_Eastern"{
            ls{"เวลายุโรปตะวันออกไกล"}
        }
        "meta:Europe_Western"{
            ld{"เวลาฤดูร้อนยุโรปตะวันตก"}
            lg{"เวลายุโรปตะวันตก"}
            ls{"เวลามาตรฐานยุโรปตะวันตก"}
        }
        "meta:Falkland"{
            ld{"เวลาฤดูร้อนหมู่เกาะฟอล์กแลนด์"}
            lg{"เวลาหมู่เกาะฟอล์กแลนด์"}
            ls{"เวลามาตรฐานหมู่เกาะฟอล์กแลนด์"}
        }
        "meta:Fiji"{
            ld{"เวลาฤดูร้อนฟิจิ"}
            lg{"เวลาฟิจิ"}
            ls{"เวลามาตรฐานฟิจิ"}
        }
        "meta:French_Guiana"{
            ls{"เวลาเฟรนช์เกียนา"}
        }
        "meta:French_Southern"{
            ls{"เวลาเฟรนช์เซาเทิร์นและแอนตาร์กติก"}
        }
        "meta:GMT"{
            ls{"เวลามาตรฐานกรีนิช"}
        }
        "meta:Galapagos"{
            ls{"เวลากาลาปาโกส"}
        }
        "meta:Gambier"{
            ls{"เวลาแกมเบียร์"}
        }
        "meta:Georgia"{
            ld{"เวลาฤดูร้อนจอร์เจีย"}
            lg{"เวลาจอร์เจีย"}
            ls{"เวลามาตรฐานจอร์เจีย"}
        }
        "meta:Gilbert_Islands"{
            ls{"เวลาหมู่เกาะกิลเบิร์ต"}
        }
        "meta:Greenland_Eastern"{
            ld{"เวลาฤดูร้อนกรีนแลนด์ตะวันออก"}
            lg{"เวลากรีนแลนด์ตะวันออก"}
            ls{"เวลามาตรฐานกรีนแลนด์ตะวันออก"}
        }
        "meta:Greenland_Western"{
            ld{"เวลาฤดูร้อนกรีนแลนด์ตะวันตก"}
            lg{"เวลากรีนแลนด์ตะวันตก"}
            ls{"เวลามาตรฐานกรีนแลนด์ตะวันตก"}
        }
        "meta:Guam"{
            ls{"เวลากวม"}
        }
        "meta:Gulf"{
            ls{"เวลากัลฟ์"}
        }
        "meta:Guyana"{
            ls{"เวลากายอานา"}
        }
        "meta:Hawaii_Aleutian"{
            ld{"เวลาออมแสงฮาวาย-อะลูเชียน"}
            lg{"เวลาฮาวาย-อะลูเชียน"}
            ls{"เวลามาตรฐานฮาวาย-อะลูเชียน"}
        }
        "meta:Hong_Kong"{
            ld{"เวลาฤดูร้อนฮ่องกง"}
            lg{"เวลาฮ่องกง"}
            ls{"เวลามาตรฐานฮ่องกง"}
        }
        "meta:Hovd"{
            ld{"เวลาฤดูร้อนฮอฟด์"}
            lg{"เวลาฮอฟด์"}
            ls{"เวลามาตรฐานฮอฟด์"}
        }
        "meta:India"{
            ls{"เวลาอินเดีย"}
        }
        "meta:Indian_Ocean"{
            ls{"เวลามหาสมุทรอินเดีย"}
        }
        "meta:Indochina"{
            ls{"เวลาอินโดจีน"}
        }
        "meta:Indonesia_Central"{
            ls{"เวลาอินโดนีเซียตอนกลาง"}
        }
        "meta:Indonesia_Eastern"{
            ls{"เวลาอินโดนีเซียฝั่งตะวันออก"}
        }
        "meta:Indonesia_Western"{
            ls{"เวลาอินโดนีเซียฝั่งตะวันตก"}
        }
        "meta:Iran"{
            ld{"เวลาออมแสงอิหร่าน"}
            lg{"เวลาอิหร่าน"}
            ls{"เวลามาตรฐานอิหร่าน"}
        }
        "meta:Irkutsk"{
            ld{"เวลาฤดูร้อนอีร์คุตสค์"}
            lg{"เวลาอีร์คุตสค์"}
            ls{"เวลามาตรฐานอีร์คุตสค์"}
        }
        "meta:Israel"{
            ld{"เวลาออมแสงอิสราเอล"}
            lg{"เวลาอิสราเอล"}
            ls{"เวลามาตรฐานอิสราเอล"}
        }
        "meta:Japan"{
            ld{"เวลาออมแสงญี่ปุ่น"}
            lg{"เวลาญี่ปุ่น"}
            ls{"เวลามาตรฐานญี่ปุ่น"}
        }
        "meta:Kamchatka"{
            ld{"เวลาฤดูร้อนเปโตรปัฟลอฟสค์-คัมชัตสกี"}
            lg{"เวลาคัมชัตคา"}
            ls{"เวลาเปโตรปัฟลอฟสค์-คัมชัตสกี"}
        }
        "meta:Kazakhstan_Eastern"{
            ls{"เวลาคาซัคสถานตะวันออก"}
        }
        "meta:Kazakhstan_Western"{
            ls{"เวลาคาซัคสถานตะวันตก"}
        }
        "meta:Korea"{
            ld{"เวลาออมแสงเกาหลี"}
            lg{"เวลาเกาหลี"}
            ls{"เวลามาตรฐานเกาหลี"}
        }
        "meta:Kosrae"{
            ls{"เวลาคอสไร"}
        }
        "meta:Krasnoyarsk"{
            ld{"เวลาฤดูร้อนครัสโนยาสค์"}
            lg{"เวลาครัสโนยาสค์"}
            ls{"เวลามาตรฐานครัสโนยาสค์"}
        }
        "meta:Kyrgystan"{
            ls{"เวลาคีร์กีซสถาน"}
        }
        "meta:Lanka"{
            ls{"เวลาลังกา"}
        }
        "meta:Line_Islands"{
            ls{"เวลาหมู่เกาะไลน์"}
        }
        "meta:Lord_Howe"{
            ld{"เวลาออมแสงลอร์ดโฮว์"}
            lg{"เวลาลอร์ดโฮว์"}
            ls{"เวลามาตรฐานลอร์ดโฮว์"}
        }
        "meta:Macau"{
            ld{"เวลาฤดูร้อนมาเก๊า"}
            lg{"เวลามาเก๊า"}
            ls{"เวลามาตรฐานมาเก๊า"}
        }
        "meta:Macquarie"{
            ls{"เวลาเกาะแมกควอรี"}
        }
        "meta:Magadan"{
            ld{"เวลาฤดูร้อนมากาดาน"}
            lg{"เวลามากาดาน"}
            ls{"เวลามาตรฐานมากาดาน"}
        }
        "meta:Malaysia"{
            ls{"เวลามาเลเซีย"}
        }
        "meta:Maldives"{
            ls{"เวลามัลดีฟส์"}
        }
        "meta:Marquesas"{
            ls{"เวลามาร์เคซัส"}
        }
        "meta:Marshall_Islands"{
            ls{"เวลาหมู่เกาะมาร์แชลล์"}
        }
        "meta:Mauritius"{
            ld{"เวลาฤดูร้อนของมอริเชียส"}
            lg{"เวลามอริเชียส"}
            ls{"เวลามาตรฐานมอริเชียส"}
        }
        "meta:Mawson"{
            ls{"เวลามอว์สัน"}
        }
        "meta:Mexico_Northwest"{
            ld{"เวลาออมแสงเม็กซิโกตะวันตกเฉียงเหนือ"}
            lg{"เวลาเม็กซิโกตะวันตกเฉียงเหนือ"}
            ls{"เวลามาตรฐานเม็กซิโกตะวันตกเฉียงเหนือ"}
        }
        "meta:Mexico_Pacific"{
            ld{"เวลาออมแสงแปซิฟิกเม็กซิโก"}
            lg{"เวลาแปซิฟิกเม็กซิโก"}
            ls{"เวลามาตรฐานแปซิฟิกเม็กซิโก"}
        }
        "meta:Mongolia"{
            ld{"เวลาฤดูร้อนอูลานบาตอร์"}
            lg{"เวลาอูลานบาตอร์"}
            ls{"เวลามาตรฐานอูลานบาตอร์"}
        }
        "meta:Moscow"{
            ld{"เวลาฤดูร้อนมอสโก"}
            lg{"เวลามอสโก"}
            ls{"เวลามาตรฐานมอสโก"}
        }
        "meta:Myanmar"{
            ls{"เวลาพม่า"}
        }
        "meta:Nauru"{
            ls{"เวลานาอูรู"}
        }
        "meta:Nepal"{
            ls{"เวลาเนปาล"}
        }
        "meta:New_Caledonia"{
            ld{"เวลาฤดูร้อนนิวแคลิโดเนีย"}
            lg{"เวลานิวแคลิโดเนีย"}
            ls{"เวลามาตรฐานนิวแคลิโดเนีย"}
        }
        "meta:New_Zealand"{
            ld{"เวลาออมแสงนิวซีแลนด์"}
            lg{"เวลานิวซีแลนด์"}
            ls{"เวลามาตรฐานนิวซีแลนด์"}
        }
        "meta:Newfoundland"{
            ld{"เวลาออมแสงนิวฟันด์แลนด์"}
            lg{"เวลานิวฟันด์แลนด์"}
            ls{"เวลามาตรฐานนิวฟันด์แลนด์"}
        }
        "meta:Niue"{
            ls{"เวลานีอูเอ"}
        }
        "meta:Norfolk"{
            ld{"เวลาออมแสงเกาะนอร์ฟอล์ก"}
            lg{"เวลาเกาะนอร์ฟอล์ก"}
            ls{"เวลามาตรฐานเกาะนอร์ฟอล์ก"}
        }
        "meta:Noronha"{
            ld{"เวลาฤดูร้อนของหมู่เกาะเฟอร์นันโด"}
            lg{"เวลาหมู่เกาะเฟอร์นันโด"}
            ls{"เวลามาตรฐานหมู่เกาะเฟอร์นันโด"}
        }
        "meta:North_Mariana"{
            ls{"เวลาหมู่เกาะมาเรียนาเหนือ"}
        }
        "meta:Novosibirsk"{
            ld{"เวลาฤดูร้อนโนโวซีบีสค์"}
            lg{"เวลาโนโวซีบีสค์"}
            ls{"เวลามาตรฐานโนโวซีบีสค์"}
        }
        "meta:Omsk"{
            ld{"เวลาฤดูร้อนออมสค์"}
            lg{"เวลาออมสค์"}
            ls{"เวลามาตรฐานออมสค์"}
        }
        "meta:Pakistan"{
            ld{"เวลาฤดูร้อนปากีสถาน"}
            lg{"เวลาปากีสถาน"}
            ls{"เวลามาตรฐานปากีสถาน"}
        }
        "meta:Palau"{
            ls{"เวลาปาเลา"}
        }
        "meta:Papua_New_Guinea"{
            ls{"เวลาปาปัวนิวกินี"}
        }
        "meta:Paraguay"{
            ld{"เวลาฤดูร้อนปารากวัย"}
            lg{"เวลาปารากวัย"}
            ls{"เวลามาตรฐานปารากวัย"}
        }
        "meta:Peru"{
            ld{"เวลาฤดูร้อนเปรู"}
            lg{"เวลาเปรู"}
            ls{"เวลามาตรฐานเปรู"}
        }
        "meta:Philippines"{
            ld{"เวลาฤดูร้อนฟิลิปปินส์"}
            lg{"เวลาฟิลิปปินส์"}
            ls{"เวลามาตรฐานฟิลิปปินส์"}
        }
        "meta:Phoenix_Islands"{
            ls{"เวลาหมู่เกาะฟินิกซ์"}
        }
        "meta:Pierre_Miquelon"{
            ld{"เวลาออมแสงของแซงปีแยร์และมีเกอลง"}
            lg{"เวลาแซงปีแยร์และมีเกอลง"}
            ls{"เวลามาตรฐานแซงปีแยร์และมีเกอลง"}
        }
        "meta:Pitcairn"{
            ls{"เวลาพิตแคร์น"}
        }
        "meta:Ponape"{
            ls{"เวลาโปนาเป"}
        }
        "meta:Pyongyang"{
            ls{"เวลาเปียงยาง"}
        }
        "meta:Qyzylorda"{
            ld{"เวลาฤดูร้อนคืยซิลออร์ดา"}
            lg{"เวลาคืยซิลออร์ดา"}
            ls{"เวลามาตรฐานคืยซิลออร์ดา"}
        }
        "meta:Reunion"{
            ls{"เวลาเรอูนียง"}
        }
        "meta:Rothera"{
            ls{"เวลาโรธีรา"}
        }
        "meta:Sakhalin"{
            ld{"เวลาฤดูร้อนซาคาลิน"}
            lg{"เวลาซาคาลิน"}
            ls{"เวลามาตรฐานซาคาลิน"}
        }
        "meta:Samara"{
            ld{"เวลาฤดูร้อนซามารา"}
            lg{"เวลาซามารา"}
            ls{"เวลามาตรฐานซามารา"}
        }
        "meta:Samoa"{
            ld{"เวลาฤดูร้อนซามัว"}
            lg{"เวลาซามัว"}
            ls{"เวลามาตรฐานซามัว"}
        }
        "meta:Seychelles"{
            ls{"เวลาเซเชลส์"}
        }
        "meta:Singapore"{
            ls{"เวลาสิงคโปร์"}
        }
        "meta:Solomon"{
            ls{"เวลาหมู่เกาะโซโลมอน"}
        }
        "meta:South_Georgia"{
            ls{"เวลาเซาท์จอร์เจีย"}
        }
        "meta:Suriname"{
            ls{"เวลาซูรินาเม"}
        }
        "meta:Syowa"{
            ls{"เวลาไซโยวา"}
        }
        "meta:Tahiti"{
            ls{"เวลาตาฮีตี"}
        }
        "meta:Taipei"{
            ld{"เวลาออมแสงไทเป"}
            lg{"เวลาไทเป"}
            ls{"เวลามาตรฐานไทเป"}
        }
        "meta:Tajikistan"{
            ls{"เวลาทาจิกิสถาน"}
        }
        "meta:Tokelau"{
            ls{"เวลาโตเกเลา"}
        }
        "meta:Tonga"{
            ld{"เวลาฤดูร้อนตองกา"}
            lg{"เวลาตองกา"}
            ls{"เวลามาตรฐานตองกา"}
        }
        "meta:Truk"{
            ls{"เวลาชุก"}
        }
        "meta:Turkmenistan"{
            ld{"เวลาฤดูร้อนเติร์กเมนิสถาน"}
            lg{"เวลาเติร์กเมนิสถาน"}
            ls{"เวลามาตรฐานเติร์กเมนิสถาน"}
        }
        "meta:Tuvalu"{
            ls{"เวลาตูวาลู"}
        }
        "meta:Uruguay"{
            ld{"เวลาฤดูร้อนอุรุกวัย"}
            lg{"เวลาอุรุกวัย"}
            ls{"เวลามาตรฐานอุรุกวัย"}
        }
        "meta:Uzbekistan"{
            ld{"เวลาฤดูร้อนอุซเบกิสถาน"}
            lg{"เวลาอุซเบกิสถาน"}
            ls{"เวลามาตรฐานอุซเบกิสถาน"}
        }
        "meta:Vanuatu"{
            ld{"เวลาฤดูร้อนวานูอาตู"}
            lg{"เวลาวานูอาตู"}
            ls{"เวลามาตรฐานวานูอาตู"}
        }
        "meta:Venezuela"{
            ls{"เวลาเวเนซุเอลา"}
        }
        "meta:Vladivostok"{
            ld{"เวลาฤดูร้อนวลาดีวอสตอค"}
            lg{"เวลาวลาดีวอสตอค"}
            ls{"เวลามาตรฐานวลาดีวอสตอค"}
        }
        "meta:Volgograd"{
            ld{"เวลาฤดูร้อนวอลโกกราด"}
            lg{"เวลาวอลโกกราด"}
            ls{"เวลามาตรฐานวอลโกกราด"}
        }
        "meta:Vostok"{
            ls{"เวลาวอสตอค"}
        }
        "meta:Wake"{
            ls{"เวลาเกาะเวก"}
        }
        "meta:Wallis"{
            ls{"เวลาวาลลิสและฟุตูนา"}
        }
        "meta:Yakutsk"{
            ld{"เวลาฤดูร้อนยาคุตสค์"}
            lg{"เวลายาคุตสค์"}
            ls{"เวลามาตรฐานยาคุตสค์"}
        }
        "meta:Yekaterinburg"{
            ld{"เวลาฤดูร้อนเยคาเตรินบูร์ก"}
            lg{"เวลาเยคาเตรินบูร์ก"}
            ls{"เวลามาตรฐานเยคาเตรินบูร์ก"}
        }
        fallbackFormat{"{1} ({0})"}
        gmtFormat{"GMT{0}"}
        gmtZeroFormat{"GMT"}
        hourFormat{"+HH:mm;-HH:mm"}
        regionFormat{"เวลา{0}"}
        regionFormatDaylight{"เวลาออมแสง{0}"}
        regionFormatStandard{"เวลามาตรฐาน{0}"}
    }
}
