// © 2016 and later: Unicode, Inc. and others.
// License & terms of use: http://www.unicode.org/copyright.html
// Generated using tools/cldr/cldr-to-icu/build-icu-data.xml
uz{
    zoneStrings{
        "Africa:Abidjan"{
            ec{"Abidjan"}
        }
        "Africa:Accra"{
            ec{"Akkra"}
        }
        "Africa:Addis_Ababa"{
            ec{"Addis-Abeba"}
        }
        "Africa:Algiers"{
            ec{"Jazoir"}
        }
        "Africa:Asmera"{
            ec{"Asmera"}
        }
        "Africa:Bamako"{
            ec{"Bamako"}
        }
        "Africa:Bangui"{
            ec{"Bangi"}
        }
        "Africa:Banjul"{
            ec{"Banjul"}
        }
        "Africa:Bissau"{
            ec{"Bisau"}
        }
        "Africa:Blantyre"{
            ec{"Blantayr"}
        }
        "Africa:Brazzaville"{
            ec{"Brazzavil"}
        }
        "Africa:Bujumbura"{
            ec{"Bujumbura"}
        }
        "Africa:Cairo"{
            ec{"Qohira"}
        }
        "Africa:Casablanca"{
            ec{"Kasablanka"}
        }
        "Africa:Ceuta"{
            ec{"Seuta"}
        }
        "Africa:Conakry"{
            ec{"Konakri"}
        }
        "Africa:Dakar"{
            ec{"Dakar"}
        }
        "Africa:Dar_es_Salaam"{
            ec{"Dor-us-Salom"}
        }
        "Africa:Djibouti"{
            ec{"Jibuti"}
        }
        "Africa:Douala"{
            ec{"Duala"}
        }
        "Africa:El_Aaiun"{
            ec{"Al-Ayun"}
        }
        "Africa:Freetown"{
            ec{"Fritaun"}
        }
        "Africa:Gaborone"{
            ec{"Gaborone"}
        }
        "Africa:Harare"{
            ec{"Xarare"}
        }
        "Africa:Johannesburg"{
            ec{"Yoxannesburg"}
        }
        "Africa:Juba"{
            ec{"Juba"}
        }
        "Africa:Kampala"{
            ec{"Kampala"}
        }
        "Africa:Khartoum"{
            ec{"Xartum"}
        }
        "Africa:Kigali"{
            ec{"Kigali"}
        }
        "Africa:Kinshasa"{
            ec{"Kinshasa"}
        }
        "Africa:Lagos"{
            ec{"Lagos"}
        }
        "Africa:Libreville"{
            ec{"Librevil"}
        }
        "Africa:Lome"{
            ec{"Lome"}
        }
        "Africa:Luanda"{
            ec{"Luanda"}
        }
        "Africa:Lubumbashi"{
            ec{"Lubumbashi"}
        }
        "Africa:Lusaka"{
            ec{"Lusaka"}
        }
        "Africa:Malabo"{
            ec{"Malabo"}
        }
        "Africa:Maputo"{
            ec{"Maputu"}
        }
        "Africa:Maseru"{
            ec{"Maseru"}
        }
        "Africa:Mbabane"{
            ec{"Mbabane"}
        }
        "Africa:Mogadishu"{
            ec{"Mogadisho"}
        }
        "Africa:Monrovia"{
            ec{"Monroviya"}
        }
        "Africa:Nairobi"{
            ec{"Nayrobi"}
        }
        "Africa:Ndjamena"{
            ec{"Ndjamena"}
        }
        "Africa:Niamey"{
            ec{"Niamey"}
        }
        "Africa:Nouakchott"{
            ec{"Nouakchott"}
        }
        "Africa:Ouagadougou"{
            ec{"Uagadugu"}
        }
        "Africa:Porto-Novo"{
            ec{"Porto-Novo"}
        }
        "Africa:Sao_Tome"{
            ec{"San-Tome"}
        }
        "Africa:Tripoli"{
            ec{"Tripoli"}
        }
        "Africa:Tunis"{
            ec{"Tunis"}
        }
        "Africa:Windhoek"{
            ec{"Vindxuk"}
        }
        "America:Adak"{
            ec{"Adak oroli"}
        }
        "America:Anchorage"{
            ec{"Ankorij"}
        }
        "America:Anguilla"{
            ec{"Angilya"}
        }
        "America:Antigua"{
            ec{"Antigua"}
        }
        "America:Araguaina"{
            ec{"Araguaina"}
        }
        "America:Argentina:La_Rioja"{
            ec{"La-Rioxa"}
        }
        "America:Argentina:Rio_Gallegos"{
            ec{"Rio-Galyegos"}
        }
        "America:Argentina:Salta"{
            ec{"Salta"}
        }
        "America:Argentina:San_Juan"{
            ec{"San-Xuan"}
        }
        "America:Argentina:San_Luis"{
            ec{"San-Luis"}
        }
        "America:Argentina:Tucuman"{
            ec{"Tukuman"}
        }
        "America:Argentina:Ushuaia"{
            ec{"Ushuaya"}
        }
        "America:Aruba"{
            ec{"Aruba"}
        }
        "America:Asuncion"{
            ec{"Asunson"}
        }
        "America:Bahia"{
            ec{"Baiya"}
        }
        "America:Bahia_Banderas"{
            ec{"Bahiya-Banderas"}
        }
        "America:Barbados"{
            ec{"Barbados"}
        }
        "America:Belem"{
            ec{"Belem"}
        }
        "America:Belize"{
            ec{"Beliz"}
        }
        "America:Blanc-Sablon"{
            ec{"Blank-Sablon"}
        }
        "America:Boa_Vista"{
            ec{"Boa-Vista"}
        }
        "America:Bogota"{
            ec{"Bogota"}
        }
        "America:Boise"{
            ec{"Boyse"}
        }
        "America:Buenos_Aires"{
            ec{"Buenos-Ayres"}
        }
        "America:Cambridge_Bay"{
            ec{"Kembrij-Bey"}
        }
        "America:Campo_Grande"{
            ec{"Kampu-Grandi"}
        }
        "America:Cancun"{
            ec{"Kankun"}
        }
        "America:Caracas"{
            ec{"Karakas"}
        }
        "America:Catamarca"{
            ec{"Katamarka"}
        }
        "America:Cayenne"{
            ec{"Kayenna"}
        }
        "America:Cayman"{
            ec{"Kayman orollari"}
        }
        "America:Chicago"{
            ec{"Chikago"}
        }
        "America:Chihuahua"{
            ec{"Chihuahua"}
        }
        "America:Coral_Harbour"{
            ec{"Koral-Xarbor"}
        }
        "America:Cordoba"{
            ec{"Kordoba"}
        }
        "America:Costa_Rica"{
            ec{"Kosta-Rika"}
        }
        "America:Creston"{
            ec{"Kreston"}
        }
        "America:Cuiaba"{
            ec{"Kuyaba"}
        }
        "America:Curacao"{
            ec{"Kyurasao"}
        }
        "America:Danmarkshavn"{
            ec{"Denmarksxavn"}
        }
        "America:Dawson"{
            ec{"Douson"}
        }
        "America:Dawson_Creek"{
            ec{"Douson-Krik"}
        }
        "America:Denver"{
            ec{"Denver"}
        }
        "America:Detroit"{
            ec{"Detroyt"}
        }
        "America:Dominica"{
            ec{"Dominika"}
        }
        "America:Edmonton"{
            ec{"Edmonton"}
        }
        "America:Eirunepe"{
            ec{"Eyrunepe"}
        }
        "America:El_Salvador"{
            ec{"Salvador"}
        }
        "America:Fort_Nelson"{
            ec{"Fort Nelson"}
        }
        "America:Fortaleza"{
            ec{"Fortaleza"}
        }
        "America:Glace_Bay"{
            ec{"Gleys-Bey"}
        }
        "America:Godthab"{
            ec{"Gotxob"}
        }
        "America:Goose_Bay"{
            ec{"Gus-Bey"}
        }
        "America:Grand_Turk"{
            ec{"Grand Turk"}
        }
        "America:Grenada"{
            ec{"Grenada"}
        }
        "America:Guadeloupe"{
            ec{"Gvadelupa"}
        }
        "America:Guatemala"{
            ec{"Gvatemala"}
        }
        "America:Guayaquil"{
            ec{"Guayakil"}
        }
        "America:Guyana"{
            ec{"Gayana"}
        }
        "America:Halifax"{
            ec{"Galifaks"}
        }
        "America:Havana"{
            ec{"Gavana"}
        }
        "America:Hermosillo"{
            ec{"Ermosillo"}
        }
        "America:Indiana:Knox"{
            ec{"Noks, Indiana"}
        }
        "America:Indiana:Marengo"{
            ec{"Marengo, Indiana"}
        }
        "America:Indiana:Petersburg"{
            ec{"Pitersberg, Indiana"}
        }
        "America:Indiana:Tell_City"{
            ec{"Tell-Siti, Indiana"}
        }
        "America:Indiana:Vevay"{
            ec{"Vivey, Indiana"}
        }
        "America:Indiana:Vincennes"{
            ec{"Vinsens, Indiana"}
        }
        "America:Indiana:Winamac"{
            ec{"Vinamak, Indiana"}
        }
        "America:Indianapolis"{
            ec{"Indianapolis"}
        }
        "America:Inuvik"{
            ec{"Inuvik"}
        }
        "America:Iqaluit"{
            ec{"Ikaluit"}
        }
        "America:Jamaica"{
            ec{"Yamayka"}
        }
        "America:Jujuy"{
            ec{"Jujuy"}
        }
        "America:Juneau"{
            ec{"Juno"}
        }
        "America:Kentucky:Monticello"{
            ec{"Montisello, Kentukki"}
        }
        "America:Kralendijk"{
            ec{"Kralendeyk"}
        }
        "America:La_Paz"{
            ec{"La-Pas"}
        }
        "America:Lima"{
            ec{"Lima"}
        }
        "America:Los_Angeles"{
            ec{"Los-Anjeles"}
        }
        "America:Louisville"{
            ec{"Luisvill"}
        }
        "America:Lower_Princes"{
            ec{"Louer-Prinses-Kuorter"}
        }
        "America:Maceio"{
            ec{"Maseyo"}
        }
        "America:Managua"{
            ec{"Managua"}
        }
        "America:Manaus"{
            ec{"Manaus"}
        }
        "America:Marigot"{
            ec{"Marigo"}
        }
        "America:Martinique"{
            ec{"Martinika"}
        }
        "America:Matamoros"{
            ec{"Matamoros"}
        }
        "America:Mazatlan"{
            ec{"Masatlan"}
        }
        "America:Mendoza"{
            ec{"Mendoza"}
        }
        "America:Menominee"{
            ec{"Menomini"}
        }
        "America:Merida"{
            ec{"Merida"}
        }
        "America:Metlakatla"{
            ec{"Metlakatla"}
        }
        "America:Mexico_City"{
            ec{"Mexiko"}
        }
        "America:Miquelon"{
            ec{"Mikelon"}
        }
        "America:Moncton"{
            ec{"Monkton"}
        }
        "America:Monterrey"{
            ec{"Monterrey"}
        }
        "America:Montevideo"{
            ec{"Montevideo"}
        }
        "America:Montserrat"{
            ec{"Montserrat"}
        }
        "America:Nassau"{
            ec{"Nassau"}
        }
        "America:New_York"{
            ec{"Nyu-York"}
        }
        "America:Nipigon"{
            ec{"Nipigon"}
        }
        "America:Nome"{
            ec{"Nom"}
        }
        "America:Noronha"{
            ec{"Noronya"}
        }
        "America:North_Dakota:Beulah"{
            ec{"Boyla, Shimoliy Dakota"}
        }
        "America:North_Dakota:Center"{
            ec{"Markaz, Shimoliy Dakota"}
        }
        "America:North_Dakota:New_Salem"{
            ec{"Nyu-Salem, Shimoliy Dakota"}
        }
        "America:Ojinaga"{
            ec{"Oxinaga"}
        }
        "America:Panama"{
            ec{"Panama"}
        }
        "America:Pangnirtung"{
            ec{"Pangnirtang"}
        }
        "America:Paramaribo"{
            ec{"Paramaribo"}
        }
        "America:Phoenix"{
            ec{"Feniks"}
        }
        "America:Port-au-Prince"{
            ec{"Port-o-Prens"}
        }
        "America:Port_of_Spain"{
            ec{"Port-of-Speyn"}
        }
        "America:Porto_Velho"{
            ec{"Portu-Velyu"}
        }
        "America:Puerto_Rico"{
            ec{"Puerto-Riko"}
        }
        "America:Punta_Arenas"{
            ec{"Punta-Arenas"}
        }
        "America:Rainy_River"{
            ec{"Reyni-River"}
        }
        "America:Rankin_Inlet"{
            ec{"Rankin-Inlet"}
        }
        "America:Recife"{
            ec{"Resifi"}
        }
        "America:Regina"{
            ec{"Rejayna"}
        }
        "America:Resolute"{
            ec{"Rezolyut"}
        }
        "America:Rio_Branco"{
            ec{"Riu-Branku"}
        }
        "America:Santa_Isabel"{
            ec{"Santa-Izabel"}
        }
        "America:Santarem"{
            ec{"Santarem"}
        }
        "America:Santiago"{
            ec{"Santyago"}
        }
        "America:Santo_Domingo"{
            ec{"Santo-Domingo"}
        }
        "America:Sao_Paulo"{
            ec{"San-Paulu"}
        }
        "America:Scoresbysund"{
            ec{"Ittokkortoormiut"}
        }
        "America:Sitka"{
            ec{"Sitka"}
        }
        "America:St_Barthelemy"{
            ec{"Sen-Bartelemi"}
        }
        "America:St_Johns"{
            ec{"Sent-Jons"}
        }
        "America:St_Kitts"{
            ec{"Sent-Kits"}
        }
        "America:St_Lucia"{
            ec{"Sent-Lyusiya"}
        }
        "America:St_Thomas"{
            ec{"Sent-Tomas"}
        }
        "America:St_Vincent"{
            ec{"Sent-Vinsent"}
        }
        "America:Swift_Current"{
            ec{"Svift-Karrent"}
        }
        "America:Tegucigalpa"{
            ec{"Tegusigalpa"}
        }
        "America:Thule"{
            ec{"Tule"}
        }
        "America:Thunder_Bay"{
            ec{"Tander-Bey"}
        }
        "America:Tijuana"{
            ec{"Tixuana"}
        }
        "America:Toronto"{
            ec{"Toronto"}
        }
        "America:Tortola"{
            ec{"Tortola"}
        }
        "America:Vancouver"{
            ec{"Vankuver"}
        }
        "America:Whitehorse"{
            ec{"Uaytxors"}
        }
        "America:Winnipeg"{
            ec{"Vinnipeg"}
        }
        "America:Yakutat"{
            ec{"Yakutat"}
        }
        "America:Yellowknife"{
            ec{"Yellounayf"}
        }
        "Antarctica:Casey"{
            ec{"Keysi"}
        }
        "Antarctica:Davis"{
            ec{"Deyvis"}
        }
        "Antarctica:DumontDUrville"{
            ec{"Dyumon-d’Yurvil"}
        }
        "Antarctica:Macquarie"{
            ec{"Makkuori"}
        }
        "Antarctica:Mawson"{
            ec{"Mouson"}
        }
        "Antarctica:McMurdo"{
            ec{"Mak-Merdo"}
        }
        "Antarctica:Palmer"{
            ec{"Palmer"}
        }
        "Antarctica:Rothera"{
            ec{"Rotera"}
        }
        "Antarctica:Syowa"{
            ec{"Syova"}
        }
        "Antarctica:Troll"{
            ec{"Troll"}
        }
        "Antarctica:Vostok"{
            ec{"Vostok"}
        }
        "Arctic:Longyearbyen"{
            ec{"Longyir"}
        }
        "Asia:Aden"{
            ec{"Adan"}
        }
        "Asia:Almaty"{
            ec{"Almati"}
        }
        "Asia:Amman"{
            ec{"Ammon"}
        }
        "Asia:Anadyr"{
            ec{"Anadir"}
        }
        "Asia:Aqtau"{
            ec{"Oqtov"}
        }
        "Asia:Aqtobe"{
            ec{"Oqto‘ba"}
        }
        "Asia:Ashgabat"{
            ec{"Ashxobod"}
        }
        "Asia:Atyrau"{
            ec{"Atirau"}
        }
        "Asia:Baghdad"{
            ec{"Bag‘dod"}
        }
        "Asia:Bahrain"{
            ec{"Bahrayn"}
        }
        "Asia:Baku"{
            ec{"Boku"}
        }
        "Asia:Bangkok"{
            ec{"Bangkok"}
        }
        "Asia:Barnaul"{
            ec{"Barnaul"}
        }
        "Asia:Beirut"{
            ec{"Bayrut"}
        }
        "Asia:Bishkek"{
            ec{"Bishkek"}
        }
        "Asia:Brunei"{
            ec{"Bruney"}
        }
        "Asia:Calcutta"{
            ec{"Kalkutta"}
        }
        "Asia:Chita"{
            ec{"Chita"}
        }
        "Asia:Choibalsan"{
            ec{"Choybalsan"}
        }
        "Asia:Colombo"{
            ec{"Kolombo"}
        }
        "Asia:Damascus"{
            ec{"Damashq"}
        }
        "Asia:Dhaka"{
            ec{"Dakka"}
        }
        "Asia:Dili"{
            ec{"Dili"}
        }
        "Asia:Dubai"{
            ec{"Dubay"}
        }
        "Asia:Dushanbe"{
            ec{"Dushanbe"}
        }
        "Asia:Famagusta"{
            ec{"Famagusta"}
        }
        "Asia:Gaza"{
            ec{"G‘azo"}
        }
        "Asia:Hebron"{
            ec{"Xevron"}
        }
        "Asia:Hong_Kong"{
            ec{"Gonkong"}
        }
        "Asia:Hovd"{
            ec{"Xovd"}
        }
        "Asia:Irkutsk"{
            ec{"Irkutsk"}
        }
        "Asia:Jakarta"{
            ec{"Jakarta"}
        }
        "Asia:Jayapura"{
            ec{"Jaypur"}
        }
        "Asia:Jerusalem"{
            ec{"Quddus"}
        }
        "Asia:Kabul"{
            ec{"Qobul"}
        }
        "Asia:Kamchatka"{
            ec{"Kamchatka"}
        }
        "Asia:Karachi"{
            ec{"Karachi"}
        }
        "Asia:Katmandu"{
            ec{"Katmandu"}
        }
        "Asia:Khandyga"{
            ec{"Xandiga"}
        }
        "Asia:Krasnoyarsk"{
            ec{"Krasnoyarsk"}
        }
        "Asia:Kuala_Lumpur"{
            ec{"Kuala-Lumpur"}
        }
        "Asia:Kuching"{
            ec{"Kuching"}
        }
        "Asia:Kuwait"{
            ec{"Quvayt"}
        }
        "Asia:Macau"{
            ec{"Makao"}
        }
        "Asia:Magadan"{
            ec{"Magadan"}
        }
        "Asia:Makassar"{
            ec{"Makasar"}
        }
        "Asia:Manila"{
            ec{"Manila"}
        }
        "Asia:Muscat"{
            ec{"Maskat"}
        }
        "Asia:Nicosia"{
            ec{"Nikosiya"}
        }
        "Asia:Novokuznetsk"{
            ec{"Novokuznetsk"}
        }
        "Asia:Novosibirsk"{
            ec{"Novosibirsk"}
        }
        "Asia:Omsk"{
            ec{"Omsk"}
        }
        "Asia:Oral"{
            ec{"Uralsk"}
        }
        "Asia:Phnom_Penh"{
            ec{"Pnompen"}
        }
        "Asia:Pontianak"{
            ec{"Pontianak"}
        }
        "Asia:Pyongyang"{
            ec{"Pxenyan"}
        }
        "Asia:Qatar"{
            ec{"Qatar"}
        }
        "Asia:Qostanay"{
            ec{"Kustanay"}
        }
        "Asia:Qyzylorda"{
            ec{"Qizilo‘rda"}
        }
        "Asia:Rangoon"{
            ec{"Rangun"}
        }
        "Asia:Riyadh"{
            ec{"Ar-Riyod"}
        }
        "Asia:Saigon"{
            ec{"Xoshimin"}
        }
        "Asia:Sakhalin"{
            ec{"Saxalin"}
        }
        "Asia:Samarkand"{
            ec{"Samarqand"}
        }
        "Asia:Seoul"{
            ec{"Seul"}
        }
        "Asia:Shanghai"{
            ec{"Shanxay"}
        }
        "Asia:Singapore"{
            ec{"Singapur"}
        }
        "Asia:Srednekolymsk"{
            ec{"Srednekolimsk"}
        }
        "Asia:Taipei"{
            ec{"Taypey"}
        }
        "Asia:Tashkent"{
            ec{"Toshkent"}
        }
        "Asia:Tbilisi"{
            ec{"Tbilisi"}
        }
        "Asia:Tehran"{
            ec{"Tehron"}
        }
        "Asia:Thimphu"{
            ec{"Thimphu"}
        }
        "Asia:Tokyo"{
            ec{"Tokio"}
        }
        "Asia:Tomsk"{
            ec{"Tomsk"}
        }
        "Asia:Ulaanbaatar"{
            ec{"Ulan-Bator"}
        }
        "Asia:Urumqi"{
            ec{"Urumchi"}
        }
        "Asia:Ust-Nera"{
            ec{"Ust-Nera"}
        }
        "Asia:Vientiane"{
            ec{"Vyentyan"}
        }
        "Asia:Vladivostok"{
            ec{"Vladivostok"}
        }
        "Asia:Yakutsk"{
            ec{"Yakutsk"}
        }
        "Asia:Yekaterinburg"{
            ec{"Yekaterinburg"}
        }
        "Asia:Yerevan"{
            ec{"Yerevan"}
        }
        "Atlantic:Azores"{
            ec{"Azor orollari"}
        }
        "Atlantic:Bermuda"{
            ec{"Bermuda orollari"}
        }
        "Atlantic:Canary"{
            ec{"Kanar orollari"}
        }
        "Atlantic:Cape_Verde"{
            ec{"Kabo-Verde"}
        }
        "Atlantic:Faeroe"{
            ec{"Farer orollari"}
        }
        "Atlantic:Madeira"{
            ec{"Madeyra oroli"}
        }
        "Atlantic:Reykjavik"{
            ec{"Reykyavik"}
        }
        "Atlantic:South_Georgia"{
            ec{"Janubiy Georgiya"}
        }
        "Atlantic:St_Helena"{
            ec{"Muqaddas Yelena oroli"}
        }
        "Atlantic:Stanley"{
            ec{"Stenli"}
        }
        "Australia:Adelaide"{
            ec{"Adelaida"}
        }
        "Australia:Brisbane"{
            ec{"Brisben"}
        }
        "Australia:Broken_Hill"{
            ec{"Broken-Xill"}
        }
        "Australia:Currie"{
            ec{"Kerri"}
        }
        "Australia:Darwin"{
            ec{"Darvin"}
        }
        "Australia:Eucla"{
            ec{"Evkla"}
        }
        "Australia:Hobart"{
            ec{"Xobart"}
        }
        "Australia:Lindeman"{
            ec{"Lindeman"}
        }
        "Australia:Lord_Howe"{
            ec{"Lord-Xau oroli"}
        }
        "Australia:Melbourne"{
            ec{"Melburn"}
        }
        "Australia:Perth"{
            ec{"Pert"}
        }
        "Australia:Sydney"{
            ec{"Sidney"}
        }
        "Etc:UTC"{
            ls{"Koordinatali universal vaqt"}
        }
        "Etc:Unknown"{
            ec{"noma’lum shahar"}
        }
        "Europe:Amsterdam"{
            ec{"Amsterdam"}
        }
        "Europe:Andorra"{
            ec{"Andorra"}
        }
        "Europe:Astrakhan"{
            ec{"Astraxan"}
        }
        "Europe:Athens"{
            ec{"Afina"}
        }
        "Europe:Belgrade"{
            ec{"Belgrad"}
        }
        "Europe:Berlin"{
            ec{"Berlin"}
        }
        "Europe:Bratislava"{
            ec{"Bratislava"}
        }
        "Europe:Brussels"{
            ec{"Bryussel"}
        }
        "Europe:Bucharest"{
            ec{"Buxarest"}
        }
        "Europe:Budapest"{
            ec{"Budapesht"}
        }
        "Europe:Busingen"{
            ec{"Byuzingen"}
        }
        "Europe:Chisinau"{
            ec{"Kishinyov"}
        }
        "Europe:Copenhagen"{
            ec{"Kopengagen"}
        }
        "Europe:Dublin"{
            ec{"Dublin"}
            ld{"Irlandiya yozgi vaqti"}
        }
        "Europe:Gibraltar"{
            ec{"Gibraltar"}
        }
        "Europe:Guernsey"{
            ec{"Gernsi"}
        }
        "Europe:Helsinki"{
            ec{"Xelsinki"}
        }
        "Europe:Isle_of_Man"{
            ec{"Men oroli"}
        }
        "Europe:Istanbul"{
            ec{"Istanbul"}
        }
        "Europe:Jersey"{
            ec{"Jersi"}
        }
        "Europe:Kaliningrad"{
            ec{"Kaliningrad"}
        }
        "Europe:Kiev"{
            ec{"Kiyev"}
        }
        "Europe:Kirov"{
            ec{"Kirov"}
        }
        "Europe:Lisbon"{
            ec{"Lissabon"}
        }
        "Europe:Ljubljana"{
            ec{"Lyublyana"}
        }
        "Europe:London"{
            ec{"London"}
            ld{"Britaniya yozgi vaqti"}
        }
        "Europe:Luxembourg"{
            ec{"Lyuksemburg"}
        }
        "Europe:Madrid"{
            ec{"Madrid"}
        }
        "Europe:Malta"{
            ec{"Malta"}
        }
        "Europe:Mariehamn"{
            ec{"Mariyexamn"}
        }
        "Europe:Minsk"{
            ec{"Minsk"}
        }
        "Europe:Monaco"{
            ec{"Monako"}
        }
        "Europe:Moscow"{
            ec{"Moskva"}
        }
        "Europe:Oslo"{
            ec{"Oslo"}
        }
        "Europe:Paris"{
            ec{"Parij"}
        }
        "Europe:Podgorica"{
            ec{"Podgoritsa"}
        }
        "Europe:Prague"{
            ec{"Praga"}
        }
        "Europe:Riga"{
            ec{"Riga"}
        }
        "Europe:Rome"{
            ec{"Rim"}
        }
        "Europe:Samara"{
            ec{"Samara"}
        }
        "Europe:San_Marino"{
            ec{"San-Marino"}
        }
        "Europe:Sarajevo"{
            ec{"Sarayevo"}
        }
        "Europe:Saratov"{
            ec{"Saratov"}
        }
        "Europe:Simferopol"{
            ec{"Simferopol"}
        }
        "Europe:Skopje"{
            ec{"Skopye"}
        }
        "Europe:Sofia"{
            ec{"Sofiya"}
        }
        "Europe:Stockholm"{
            ec{"Stokgolm"}
        }
        "Europe:Tallinn"{
            ec{"Tallin"}
        }
        "Europe:Tirane"{
            ec{"Tirana"}
        }
        "Europe:Ulyanovsk"{
            ec{"Ulyanovsk"}
        }
        "Europe:Uzhgorod"{
            ec{"Ujgorod"}
        }
        "Europe:Vaduz"{
            ec{"Vaduts"}
        }
        "Europe:Vatican"{
            ec{"Vatikan"}
        }
        "Europe:Vienna"{
            ec{"Vena"}
        }
        "Europe:Vilnius"{
            ec{"Vilnyus"}
        }
        "Europe:Volgograd"{
            ec{"Volgograd"}
        }
        "Europe:Warsaw"{
            ec{"Varshava"}
        }
        "Europe:Zagreb"{
            ec{"Zagreb"}
        }
        "Europe:Zaporozhye"{
            ec{"Zaporojye"}
        }
        "Europe:Zurich"{
            ec{"Syurix"}
        }
        "Indian:Antananarivo"{
            ec{"Antananarivu"}
        }
        "Indian:Chagos"{
            ec{"Chagos"}
        }
        "Indian:Christmas"{
            ec{"Rojdestvo oroli"}
        }
        "Indian:Cocos"{
            ec{"Kokos orollari"}
        }
        "Indian:Comoro"{
            ec{"Komor orollari"}
        }
        "Indian:Kerguelen"{
            ec{"Kergelen"}
        }
        "Indian:Mahe"{
            ec{"Mae"}
        }
        "Indian:Maldives"{
            ec{"Maldiv orollari"}
        }
        "Indian:Mauritius"{
            ec{"Mavrikiy"}
        }
        "Indian:Mayotte"{
            ec{"Mayorka"}
        }
        "Indian:Reunion"{
            ec{"Reyunion"}
        }
        "Pacific:Apia"{
            ec{"Apia"}
        }
        "Pacific:Auckland"{
            ec{"Oklend"}
        }
        "Pacific:Bougainville"{
            ec{"Bugenvil"}
        }
        "Pacific:Chatham"{
            ec{"Chatem oroli"}
        }
        "Pacific:Easter"{
            ec{"Pasxa oroli"}
        }
        "Pacific:Efate"{
            ec{"Efate"}
        }
        "Pacific:Enderbury"{
            ec{"Enderberi oroli"}
        }
        "Pacific:Fakaofo"{
            ec{"Fakaofo"}
        }
        "Pacific:Fiji"{
            ec{"Fiji"}
        }
        "Pacific:Funafuti"{
            ec{"Funafuti"}
        }
        "Pacific:Galapagos"{
            ec{"Galapagos"}
        }
        "Pacific:Gambier"{
            ec{"Gambye oroli"}
        }
        "Pacific:Guadalcanal"{
            ec{"Gvadalkanal"}
        }
        "Pacific:Guam"{
            ec{"Guam"}
        }
        "Pacific:Honolulu"{
            ec{"Gonolulu"}
        }
        "Pacific:Johnston"{
            ec{"Jonston"}
        }
        "Pacific:Kiritimati"{
            ec{"Kiritimati"}
        }
        "Pacific:Kosrae"{
            ec{"Kosrae"}
        }
        "Pacific:Kwajalein"{
            ec{"Kvajaleyn"}
        }
        "Pacific:Majuro"{
            ec{"Majuro"}
        }
        "Pacific:Marquesas"{
            ec{"Markiz orollari"}
        }
        "Pacific:Midway"{
            ec{"Midvey orollari"}
        }
        "Pacific:Nauru"{
            ec{"Nauru"}
        }
        "Pacific:Niue"{
            ec{"Niue"}
        }
        "Pacific:Norfolk"{
            ec{"Norfolk"}
        }
        "Pacific:Noumea"{
            ec{"Numea"}
        }
        "Pacific:Pago_Pago"{
            ec{"Pago-Pago"}
        }
        "Pacific:Palau"{
            ec{"Palau"}
        }
        "Pacific:Pitcairn"{
            ec{"Pitkern"}
        }
        "Pacific:Ponape"{
            ec{"Ponpei oroli"}
        }
        "Pacific:Port_Moresby"{
            ec{"Port-Morsbi"}
        }
        "Pacific:Rarotonga"{
            ec{"Rarotonga"}
        }
        "Pacific:Saipan"{
            ec{"Saypan"}
        }
        "Pacific:Tahiti"{
            ec{"Taiti oroli"}
        }
        "Pacific:Tarawa"{
            ec{"Tarava"}
        }
        "Pacific:Tongatapu"{
            ec{"Tongatapu"}
        }
        "Pacific:Truk"{
            ec{"Truk orollari"}
        }
        "Pacific:Wake"{
            ec{"Ueyk oroli"}
        }
        "Pacific:Wallis"{
            ec{"Uollis"}
        }
        "meta:Afghanistan"{
            ls{"Afgʻoniston vaqti"}
        }
        "meta:Africa_Central"{
            ls{"Markaziy Afrika vaqti"}
        }
        "meta:Africa_Eastern"{
            ls{"Sharqiy Afrika vaqti"}
        }
        "meta:Africa_Southern"{
            ls{"Janubiy Afrika standart vaqti"}
        }
        "meta:Africa_Western"{
            ld{"Gʻarbiy Afrika yozgi vaqti"}
            lg{"Gʻarbiy Afrika vaqti"}
            ls{"Gʻarbiy Afrika standart vaqti"}
        }
        "meta:Alaska"{
            ld{"Alyaska yozgi vaqti"}
            lg{"Alyaska vaqti"}
            ls{"Alyaska standart vaqti"}
        }
        "meta:Amazon"{
            ld{"Amazonka yozgi vaqti"}
            lg{"Amazonka vaqti"}
            ls{"Amazonka standart vaqti"}
        }
        "meta:America_Central"{
            ld{"Markaziy Amerika yozgi vaqti"}
            lg{"Markaziy Amerika vaqti"}
            ls{"Markaziy Amerika standart vaqti"}
        }
        "meta:America_Eastern"{
            ld{"Sharqiy Amerika yozgi vaqti"}
            lg{"Sharqiy Amerika vaqti"}
            ls{"Sharqiy Amerika standart vaqti"}
        }
        "meta:America_Mountain"{
            ld{"Tog‘ yozgi vaqti (AQSH)"}
            lg{"Tog‘ vaqti (AQSH)"}
            ls{"Tog‘ standart vaqti (AQSH)"}
        }
        "meta:America_Pacific"{
            ld{"Tinch okeani yozgi vaqti"}
            lg{"Tinch okeani vaqti"}
            ls{"Tinch okeani standart vaqti"}
        }
        "meta:Apia"{
            ld{"Apia yozgi vaqti"}
            lg{"Apia vaqti"}
            ls{"Apia standart vaqti"}
        }
        "meta:Arabian"{
            ld{"Saudiya Arabistoni yozgi vaqti"}
            lg{"Saudiya Arabistoni vaqti"}
            ls{"Saudiya Arabistoni standart vaqti"}
        }
        "meta:Argentina"{
            ld{"Argentina yozgi vaqti"}
            lg{"Argentina vaqti"}
            ls{"Argentina standart vaqti"}
        }
        "meta:Argentina_Western"{
            ld{"Gʻarbiy Argentina yozgi vaqti"}
            lg{"Gʻarbiy Argentina vaqti"}
            ls{"Gʻarbiy Argentina standart vaqti"}
        }
        "meta:Armenia"{
            ld{"Armaniston yozgi vaqti"}
            lg{"Armaniston vaqti"}
            ls{"Armaniston standart vaqti"}
        }
        "meta:Atlantic"{
            ld{"Atlantika yozgi vaqti"}
            lg{"Atlantika vaqti"}
            ls{"Atlantika standart vaqti"}
        }
        "meta:Australia_Central"{
            ld{"Markaziy Avstraliya yozgi vaqti"}
            lg{"Markaziy Avstraliya vaqti"}
            ls{"Markaziy Avstraliya standart vaqti"}
        }
        "meta:Australia_CentralWestern"{
            ld{"Markaziy Avstraliya g‘arbiy yozgi vaqti"}
            lg{"Markaziy Avstraliya g‘arbiy vaqti"}
            ls{"Markaziy Avstraliya g‘arbiy standart vaqti"}
        }
        "meta:Australia_Eastern"{
            ld{"Sharqiy Avstraliya yozgi vaqti"}
            lg{"Sharqiy Avstraliya vaqti"}
            ls{"Sharqiy Avstraliya standart vaqti"}
        }
        "meta:Australia_Western"{
            ld{"G‘arbiy Avstraliya yozgi vaqti"}
            lg{"G‘arbiy Avstraliya vaqti"}
            ls{"G‘arbiy Avstraliya standart vaqti"}
        }
        "meta:Azerbaijan"{
            ld{"Ozarbayjon yozgi vaqti"}
            lg{"Ozarbayjon vaqti"}
            ls{"Ozarbayjon standart vaqti"}
        }
        "meta:Azores"{
            ld{"Azor orollari yozgi vaqti"}
            lg{"Azor orollari vaqti"}
            ls{"Azor orollari standart vaqti"}
        }
        "meta:Bangladesh"{
            ld{"Bangladesh yozgi vaqti"}
            lg{"Bangladesh vaqti"}
            ls{"Bangladesh standart vaqti"}
        }
        "meta:Bhutan"{
            ls{"Butan vaqti"}
        }
        "meta:Bolivia"{
            ls{"Boliviya vaqti"}
        }
        "meta:Brasilia"{
            ld{"Braziliya yozgi vaqti"}
            lg{"Braziliya vaqti"}
            ls{"Braziliya standart vaqti"}
        }
        "meta:Brunei"{
            ls{"Bruney-Dorussalom vaqti"}
        }
        "meta:Cape_Verde"{
            ld{"Kabo-Verde yozgi vaqti"}
            lg{"Kabo-Verde vaqti"}
            ls{"Kabo-Verde standart vaqti"}
        }
        "meta:Chamorro"{
            ls{"Chamorro standart vaqti"}
        }
        "meta:Chatham"{
            ld{"Chatem yozgi vaqti"}
            lg{"Chatem vaqti"}
            ls{"Chatem standart vaqti"}
        }
        "meta:Chile"{
            ld{"Chili yozgi vaqti"}
            lg{"Chili vaqti"}
            ls{"Chili standart vaqti"}
        }
        "meta:China"{
            ld{"Xitoy yozgi vaqti"}
            lg{"Xitoy vaqti"}
            ls{"Xitoy standart vaqti"}
        }
        "meta:Choibalsan"{
            ld{"Choybalsan yozgi vaqti"}
            lg{"Choybalsan vaqti"}
            ls{"Choybalsan standart vaqti"}
        }
        "meta:Christmas"{
            ls{"Rojdestvo oroli vaqti"}
        }
        "meta:Cocos"{
            ls{"Kokos orollari vaqti"}
        }
        "meta:Colombia"{
            ld{"Kolumbiya yozgi vaqti"}
            lg{"Kolumbiya vaqti"}
            ls{"Kolumbiya standart vaqti"}
        }
        "meta:Cook"{
            ld{"Kuk orollari yarim yozgi vaqti"}
            lg{"Kuk orollari vaqti"}
            ls{"Kuk orollari standart vaqti"}
        }
        "meta:Cuba"{
            ld{"Kuba yozgi vaqti"}
            lg{"Kuba vaqti"}
            ls{"Kuba standart vaqti"}
        }
        "meta:Davis"{
            ls{"Deyvis vaqti"}
        }
        "meta:DumontDUrville"{
            ls{"Dyumon-d’Yurvil vaqti"}
        }
        "meta:East_Timor"{
            ls{"Sharqiy Timor vaqti"}
        }
        "meta:Easter"{
            ld{"Pasxa oroli yozgi vaqti"}
            lg{"Pasxa oroli vaqti"}
            ls{"Pasxa oroli standart vaqti"}
        }
        "meta:Ecuador"{
            ls{"Ekvador vaqti"}
        }
        "meta:Europe_Central"{
            ld{"Markaziy Yevropa yozgi vaqti"}
            lg{"Markaziy Yevropa vaqti"}
            ls{"Markaziy Yevropa standart vaqti"}
        }
        "meta:Europe_Eastern"{
            ld{"Sharqiy Yevropa yozgi vaqti"}
            lg{"Sharqiy Yevropa vaqti"}
            ls{"Sharqiy Yevropa standart vaqti"}
        }
        "meta:Europe_Further_Eastern"{
            ls{"Kaliningrad va Minsk vaqti"}
        }
        "meta:Europe_Western"{
            ld{"G‘arbiy Yevropa yozgi vaqti"}
            lg{"G‘arbiy Yevropa vaqti"}
            ls{"G‘arbiy Yevropa standart vaqti"}
        }
        "meta:Falkland"{
            ld{"Folklend orollari yozgi vaqti"}
            lg{"Folklend orollari vaqti"}
            ls{"Folklend orollari standart vaqti"}
        }
        "meta:Fiji"{
            ld{"Fiji yozgi vaqti"}
            lg{"Fiji vaqti"}
            ls{"Fiji standart vaqti"}
        }
        "meta:French_Guiana"{
            ls{"Fransuz Gvianasi vaqti"}
        }
        "meta:French_Southern"{
            ls{"Fransuz Janubiy hududlari va Antarktika vaqti"}
        }
        "meta:GMT"{
            ls{"Grinvich o‘rtacha vaqti"}
        }
        "meta:Galapagos"{
            ls{"Galapagos vaqti"}
        }
        "meta:Gambier"{
            ls{"Gambye vaqti"}
        }
        "meta:Georgia"{
            ld{"Gruziya yozgi vaqti"}
            lg{"Gruziya vaqti"}
            ls{"Gruziya standart vaqti"}
        }
        "meta:Gilbert_Islands"{
            ls{"Gilbert orollari vaqti"}
        }
        "meta:Greenland_Eastern"{
            ld{"Sharqiy Grenlandiya yozgi vaqti"}
            lg{"Sharqiy Grenlandiya vaqti"}
            ls{"Sharqiy Grenlandiya standart vaqti"}
        }
        "meta:Greenland_Western"{
            ld{"G‘arbiy Grenlandiya yozgi vaqti"}
            lg{"G‘arbiy Grenlandiya vaqti"}
            ls{"G‘arbiy Grenlandiya standart vaqti"}
        }
        "meta:Gulf"{
            ls{"Fors ko‘rfazi standart vaqti"}
        }
        "meta:Guyana"{
            ls{"Gayana vaqti"}
        }
        "meta:Hawaii_Aleutian"{
            ld{"Gavayi-aleut yozgi vaqti"}
            lg{"Gavayi-aleut vaqti"}
            ls{"Gavayi-aleut standart vaqti"}
        }
        "meta:Hong_Kong"{
            ld{"Gonkong yozgi vaqti"}
            lg{"Gonkong vaqti"}
            ls{"Gonkong standart vaqti"}
        }
        "meta:Hovd"{
            ld{"Xovd yozgi vaqti"}
            lg{"Xovd vaqti"}
            ls{"Xovd standart vaqti"}
        }
        "meta:India"{
            ls{"Hindiston standart vaqti"}
        }
        "meta:Indian_Ocean"{
            ls{"Hind okeani vaqti"}
        }
        "meta:Indochina"{
            ls{"Hindixitoy vaqti"}
        }
        "meta:Indonesia_Central"{
            ls{"Markaziy Indoneziya vaqti"}
        }
        "meta:Indonesia_Eastern"{
            ls{"Sharqiy Indoneziya vaqti"}
        }
        "meta:Indonesia_Western"{
            ls{"Gʻarbiy Indoneziya vaqti"}
        }
        "meta:Iran"{
            ld{"Eron yozgi vaqti"}
            lg{"Eron vaqti"}
            ls{"Eron standart vaqti"}
        }
        "meta:Irkutsk"{
            ld{"Irkutsk yozgi vaqti"}
            lg{"Irkutsk vaqti"}
            ls{"Irkutsk standart vaqti"}
        }
        "meta:Israel"{
            ld{"Isroil yozgi vaqti"}
            lg{"Isroil vaqti"}
            ls{"Isroil standart vaqti"}
        }
        "meta:Japan"{
            ld{"Yaponiya yozgi vaqti"}
            lg{"Yaponiya vaqti"}
            ls{"Yaponiya standart vaqti"}
        }
        "meta:Kazakhstan_Eastern"{
            ls{"Sharqiy Qozogʻiston vaqti"}
        }
        "meta:Kazakhstan_Western"{
            ls{"Gʻarbiy Qozogʻiston vaqti"}
        }
        "meta:Korea"{
            ld{"Koreya yozgi vaqti"}
            lg{"Koreya vaqti"}
            ls{"Koreya standart vaqti"}
        }
        "meta:Kosrae"{
            ls{"Kosrae vaqti"}
        }
        "meta:Krasnoyarsk"{
            ld{"Krasnoyarsk yozgi vaqti"}
            lg{"Krasnoyarsk vaqti"}
            ls{"Krasnoyarsk standart vaqti"}
        }
        "meta:Kyrgystan"{
            ls{"Qirgʻiziston vaqti"}
        }
        "meta:Line_Islands"{
            ls{"Layn orollari vaqti"}
        }
        "meta:Lord_Howe"{
            ld{"Lord-Xau yozgi vaqti"}
            lg{"Lord-Xau vaqti"}
            ls{"Lord-Xau standart vaqti"}
        }
        "meta:Macquarie"{
            ls{"Makkuori oroli vaqti"}
        }
        "meta:Magadan"{
            ld{"Magadan yozgi vaqti"}
            lg{"Magadan vaqti"}
            ls{"Magadan standart vaqti"}
        }
        "meta:Malaysia"{
            ls{"Malayziya vaqti"}
        }
        "meta:Maldives"{
            ls{"Maldiv orollari vaqti"}
        }
        "meta:Marquesas"{
            ls{"Markiz orollari vaqti"}
        }
        "meta:Marshall_Islands"{
            ls{"Marshall orollari vaqti"}
        }
        "meta:Mauritius"{
            ld{"Mavrikiy yozgi vaqti"}
            lg{"Mavrikiy vaqti"}
            ls{"Mavrikiy standart vaqti"}
        }
        "meta:Mawson"{
            ls{"Mouson vaqti"}
        }
        "meta:Mexico_Northwest"{
            ld{"Shimoli-g‘arbiy Meksika yozgi vaqti"}
            lg{"Shimoli-g‘arbiy Meksika vaqti"}
            ls{"Shimoli-g‘arbiy Meksika standart vaqti"}
        }
        "meta:Mexico_Pacific"{
            ld{"Meksika Tinch okeani yozgi vaqti"}
            lg{"Meksika Tinch okeani vaqti"}
            ls{"Meksika Tinch okeani standart vaqti"}
        }
        "meta:Mongolia"{
            ld{"Ulan-Bator yozgi vaqti"}
            lg{"Ulan-Bator vaqti"}
            ls{"Ulan-Bator standart vaqti"}
        }
        "meta:Moscow"{
            ld{"Moskva yozgi vaqti"}
            lg{"Moskva vaqti"}
            ls{"Moskva standart vaqti"}
        }
        "meta:Myanmar"{
            ls{"Myanma vaqti"}
        }
        "meta:Nauru"{
            ls{"Nauru vaqti"}
        }
        "meta:Nepal"{
            ls{"Nepal vaqti"}
        }
        "meta:New_Caledonia"{
            ld{"Yangi Kaledoniya yozgi vaqti"}
            lg{"Yangi Kaledoniya vaqti"}
            ls{"Yangi Kaledoniya standart vaqti"}
        }
        "meta:New_Zealand"{
            ld{"Yangi Zelandiya yozgi vaqti"}
            lg{"Yangi Zelandiya vaqti"}
            ls{"Yangi Zelandiya standart vaqti"}
        }
        "meta:Newfoundland"{
            ld{"Nyufaundlend yozgi vaqti"}
            lg{"Nyufaundlend vaqti"}
            ls{"Nyufaundlend standart vaqti"}
        }
        "meta:Niue"{
            ls{"Niuye vaqti"}
        }
        "meta:Norfolk"{
            ld{"Norfolk oroli yozgi vaqti"}
            lg{"Norfolk oroli vaqti"}
            ls{"Norfolk oroli standart vaqti"}
        }
        "meta:Noronha"{
            ld{"Fernandu-di-Noronya yozgi vaqti"}
            lg{"Fernandu-di-Noronya vaqti"}
            ls{"Fernandu-di-Noronya standart vaqti"}
        }
        "meta:Novosibirsk"{
            ld{"Novosibirsk yozgi vaqti"}
            lg{"Novosibirsk vaqti"}
            ls{"Novosibirsk standart vaqti"}
        }
        "meta:Omsk"{
            ld{"Omsk yozgi vaqti"}
            lg{"Omsk vaqti"}
            ls{"Omsk standart vaqti"}
        }
        "meta:Pakistan"{
            ld{"Pokiston yozgi vaqti"}
            lg{"Pokiston vaqti"}
            ls{"Pokiston standart vaqti"}
        }
        "meta:Palau"{
            ls{"Palau vaqti"}
        }
        "meta:Papua_New_Guinea"{
            ls{"Papua-Yangi Gvineya vaqti"}
        }
        "meta:Paraguay"{
            ld{"Paragvay yozgi vaqti"}
            lg{"Paragvay vaqti"}
            ls{"Paragvay standart vaqti"}
        }
        "meta:Peru"{
            ld{"Peru yozgi vaqti"}
            lg{"Peru vaqti"}
            ls{"Peru standart vaqti"}
        }
        "meta:Philippines"{
            ld{"Filippin yozgi vaqti"}
            lg{"Filippin vaqti"}
            ls{"Filippin standart vaqti"}
        }
        "meta:Phoenix_Islands"{
            ls{"Feniks orollari vaqti"}
        }
        "meta:Pierre_Miquelon"{
            ld{"Sen-Pyer va Mikelon yozgi vaqti"}
            lg{"Sen-Pyer va Mikelon vaqti"}
            ls{"Sen-Pyer va Mikelon standart vaqti"}
        }
        "meta:Pitcairn"{
            ls{"Pitkern vaqti"}
        }
        "meta:Ponape"{
            ls{"Ponape vaqti"}
        }
        "meta:Pyongyang"{
            ls{"Pxenyan vaqti"}
        }
        "meta:Reunion"{
            ls{"Reyunion vaqti"}
        }
        "meta:Rothera"{
            ls{"Rotera vaqti"}
        }
        "meta:Sakhalin"{
            ld{"Saxalin yozgi vaqti"}
            lg{"Saxalin vaqti"}
            ls{"Saxalin standart vaqti"}
        }
        "meta:Samoa"{
            ld{"Samoa yozgi vaqti"}
            lg{"Samoa vaqti"}
            ls{"Samoa standart vaqti"}
        }
        "meta:Seychelles"{
            ls{"Seyshel orollari vaqti"}
        }
        "meta:Singapore"{
            ls{"Singapur vaqti"}
        }
        "meta:Solomon"{
            ls{"Solomon orollari vaqti"}
        }
        "meta:South_Georgia"{
            ls{"Janubiy Georgiya vaqti"}
        }
        "meta:Suriname"{
            ls{"Surinam vaqti"}
        }
        "meta:Syowa"{
            ls{"Syova vaqti"}
        }
        "meta:Tahiti"{
            ls{"Taiti vaqti"}
        }
        "meta:Taipei"{
            ld{"Tayvan yozgi vaqti"}
            lg{"Tayvan vaqti"}
            ls{"Tayvan standart vaqti"}
        }
        "meta:Tajikistan"{
            ls{"Tojikiston vaqti"}
        }
        "meta:Tokelau"{
            ls{"Tokelau vaqti"}
        }
        "meta:Tonga"{
            ld{"Tonga yozgi vaqti"}
            lg{"Tonga vaqti"}
            ls{"Tonga standart vaqti"}
        }
        "meta:Truk"{
            ls{"Chuuk vaqti"}
        }
        "meta:Turkmenistan"{
            ld{"Turkmaniston yozgi vaqti"}
            lg{"Turkmaniston vaqti"}
            ls{"Turkmaniston standart vaqti"}
        }
        "meta:Tuvalu"{
            ls{"Tuvalu vaqti"}
        }
        "meta:Uruguay"{
            ld{"Urugvay yozgi vaqti"}
            lg{"Urugvay vaqti"}
            ls{"Urugvay standart vaqti"}
        }
        "meta:Uzbekistan"{
            ld{"O‘zbekiston yozgi vaqti"}
            lg{"O‘zbekiston vaqti"}
            ls{"O‘zbekiston standart vaqti"}
        }
        "meta:Vanuatu"{
            ld{"Vanuatu yozgi vaqti"}
            lg{"Vanuatu vaqti"}
            ls{"Vanuatu standart vaqti"}
        }
        "meta:Venezuela"{
            ls{"Venesuela vaqti"}
        }
        "meta:Vladivostok"{
            ld{"Vladivostok yozgi vaqti"}
            lg{"Vladivostok vaqti"}
            ls{"Vladivostok standart vaqti"}
        }
        "meta:Volgograd"{
            ld{"Volgograd yozgi vaqti"}
            lg{"Volgograd vaqti"}
            ls{"Volgograd standart vaqti"}
        }
        "meta:Vostok"{
            ls{"Vostok vaqti"}
        }
        "meta:Wake"{
            ls{"Ueyk oroli vaqti"}
        }
        "meta:Wallis"{
            ls{"Uollis va Futuna vaqti"}
        }
        "meta:Yakutsk"{
            ld{"Yakutsk yozgi vaqti"}
            lg{"Yakutsk vaqti"}
            ls{"Yakutsk standart vaqti"}
        }
        "meta:Yekaterinburg"{
            ld{"Yekaterinburg yozgi vaqti"}
            lg{"Yekaterinburg vaqti"}
            ls{"Yekaterinburg standart vaqti"}
        }
        fallbackFormat{"{1} ({0})"}
        gmtFormat{"GMT{0}"}
        gmtZeroFormat{"GMT"}
        hourFormat{"+HH:mm;-HH:mm"}
        regionFormat{"{0}"}
        regionFormatDaylight{"{0} (+1)"}
        regionFormatStandard{"{0} (+0)"}
    }
}
